appearance_id,capture_date,bee_number,assigned_tag,tag_type,tag_id,status,image_count,angles,declared_tags,decoder_statuses,review_flags,source_assigned_tag,source_status,reviewed_tag,review_status,review_note,domain_status,analysis_included
2026-05-02/bee-1,2026-05-02,1,aruco:70,aruco,70,assigned,1,1,aruco:70,decoder_conflict,decoder_competition_or_disagreement,aruco:70,assigned,aruco:70,confirmed,,in_domain,true
2026-05-02/bee-2,2026-05-02,2,aruco:258,aruco,258,assigned,2,1;2,aruco:258,decoder_no_confirmation,decoder_did_not_confirm_all_images,aruco:258,assigned,aruco:258,confirmed,,in_domain,true
2026-05-02/bee-3,2026-05-02,3,aruco:206,aruco,206,assigned,1,1,aruco:206,decoder_confirmed_with_competing_ids,decoder_competition_or_disagreement,aruco:206,assigned,aruco:206,confirmed,,in_domain,true
2026-05-02/bee-4,2026-05-02,4,aruco:213,aruco,213,assigned,1,1,aruco:213,decoder_confirmed_with_competing_ids,decoder_competition_or_disagreement,aruco:213,assigned,aruco:213,confirmed,,in_domain,true
2026-05-02/bee-5,2026-05-02,5,aruco:240,aruco,240,assigned,1,1,aruco:240,decoder_conflict,decoder_competition_or_disagreement,aruco:240,assigned,aruco:240,confirmed,,in_domain,true
2026-05-02/bee-6,2026-05-02,6,aruco:205,aruco,205,assigned,1,1,aruco:205,decoder_conflict,decoder_competition_or_disagreement,aruco:205,assigned,aruco:205,confirmed,,in_domain,true
2026-05-02/bee-7,2026-05-02,7,aruco:251,aruco,251,assigned,1,1,aruco:251,decoder_conflict,decoder_competition_or_disagreement,aruco:251,assigned,aruco:251,confirmed,,in_domain,true
2026-05-02/bee-8,2026-05-02,8,aruco:145,aruco,145,assigned,1,1,aruco:2219,decoder_confirmed,,aruco:2219,assigned,aruco:145,confirmed,,in_domain,true
2026-05-02/bee-9,2026-05-02,9,aruco:158,aruco,158,assigned,1,1,,decoder_found_id,decoder_competition_or_disagreement,,missing_tag,aruco:158,confirmed,,in_domain,true
2026-05-02/bee-10,2026-05-02,10,aruco:180,aruco,180,assigned,1,1,,no_tag_decoded,decoder_did_not_confirm_all_images,,missing_tag,aruco:180,confirmed,,in_domain,true
2026-05-02/bee-11,2026-05-02,11,aruco:257,aruco,257,assigned,1,1,aruco:257,decoder_conflict,decoder_competition_or_disagreement,aruco:257,assigned,aruco:257,confirmed,,in_domain,true
2026-05-02/bee-12,2026-05-02,12,aruco:244,aruco,244,assigned,1,1,aruco:244,decoder_conflict,decoder_competition_or_disagreement,aruco:244,assigned,aruco:244,confirmed,,in_domain,true
2026-05-02/bee-13,2026-05-02,13,aruco:263,aruco,263,assigned,2,1;2,aruco:263,decoder_confirmed;decoder_no_confirmation,decoder_did_not_confirm_all_images,aruco:263,assigned,aruco:263,confirmed,,in_domain,true
2026-05-02/bee-14,2026-05-02,14,aruco:248,aruco,248,assigned,1,1,aruco:248,decoder_no_confirmation,decoder_did_not_confirm_all_images,aruco:248,assigned,aruco:248,confirmed,,in_domain,true
2026-05-02/bee-15,2026-05-02,15,,,,missing_tag,1,1,,decoder_found_id,decoder_competition_or_disagreement,,missing_tag,,dorsal,,in_domain,true
2026-05-02/bee-16,2026-05-02,16,aruco:228,aruco,228,assigned,1,1,aruco:228,decoder_no_confirmation,decoder_did_not_confirm_all_images,aruco:228,assigned,aruco:228,confirmed,,in_domain,true
2026-05-02/bee-17,2026-05-02,17,aruco:224,aruco,224,assigned,2,1;2,,decoder_found_id;no_tag_decoded,decoder_competition_or_disagreement;decoder_did_not_confirm_all_images,,missing_tag,aruco:224,confirmed,,in_domain,true
2026-05-02/bee-18,2026-05-02,18,aruco:245,aruco,245,assigned,2,1;2,,decoder_found_id;no_tag_decoded,decoder_competition_or_disagreement;decoder_did_not_confirm_all_images,,missing_tag,aruco:245,confirmed,,in_domain,true
2026-05-02/bee-19,2026-05-02,19,aruco:226,aruco,226,assigned,1,1,,no_tag_decoded,decoder_did_not_confirm_all_images,,missing_tag,aruco:226,confirmed,,in_domain,true
2026-05-02/bee-20,2026-05-02,20,aruco:220,aruco,220,assigned,1,1,aruco:220,decoder_conflict,decoder_competition_or_disagreement,aruco:220,assigned,aruco:220,confirmed,,in_domain,true
2026-05-02/bee-21,2026-05-02,21,aruco:207,aruco,207,assigned,2,1;2,,decoder_found_id;no_tag_decoded,decoder_competition_or_disagreement;decoder_did_not_confirm_all_images,,missing_tag,aruco:207,confirmed,,in_domain,true
2026-05-02/bee-22,2026-05-02,22,aruco:231,aruco,231,assigned,1,1,aruco:231,decoder_confirmed,,aruco:231,assigned,aruco:231,confirmed,,in_domain,true
2026-05-02/bee-23,2026-05-02,23,aruco:210,aruco,210,assigned,1,1,aruco:210,decoder_confirmed,,aruco:210,assigned,aruco:210,confirmed,,in_domain,true
2026-05-02/bee-24,2026-05-02,24,aruco:247,aruco,247,assigned,1,1,aruco:247,decoder_confirmed,,aruco:247,assigned,aruco:247,confirmed,,in_domain,true
2026-05-02/bee-25,2026-05-02,25,aruco:144,aruco,144,assigned,1,1,,no_tag_decoded,decoder_did_not_confirm_all_images,,missing_tag,aruco:144,confirmed,,in_domain,true
2026-05-02/bee-26,2026-05-02,26,aruco:225,aruco,225,assigned,1,1,aruco:225,decoder_conflict,decoder_competition_or_disagreement,aruco:225,assigned,aruco:225,confirmed,,in_domain,true
2026-05-02/bee-27,2026-05-02,27,aruco:211,aruco,211,assigned,1,1,,decoder_found_id,decoder_competition_or_disagreement,,missing_tag,aruco:211,confirmed,,in_domain,true
2026-05-02/bee-28,2026-05-02,28,aruco:4,aruco,4,assigned,1,1,aruco:4,decoder_conflict,decoder_competition_or_disagreement,aruco:4,assigned,aruco:4,confirmed,,in_domain,true
2026-05-02/bee-29,2026-05-02,29,aruco:227,aruco,227,assigned,1,1,aruco:227,decoder_conflict,decoder_competition_or_disagreement,aruco:227,assigned,aruco:227,confirmed,,in_domain,true
2026-05-02/bee-30,2026-05-02,30,aruco:37,aruco,37,assigned,1,1,aruco:37,decoder_conflict,decoder_competition_or_disagreement,aruco:37,assigned,aruco:37,confirmed,,in_domain,true
2026-05-02/bee-31,2026-05-02,31,aruco:252,aruco,252,assigned,1,1,aruco:252,decoder_conflict,decoder_competition_or_disagreement,aruco:252,assigned,aruco:252,confirmed,,in_domain,true
2026-05-02/bee-32,2026-05-02,32,aruco:253,aruco,253,assigned,1,1,aruco:253,decoder_conflict,decoder_competition_or_disagreement,aruco:253,assigned,aruco:253,confirmed,,in_domain,true
2026-05-02/bee-33,2026-05-02,33,aruco:139,aruco,139,assigned,1,1,,decoder_found_id,decoder_competition_or_disagreement,,missing_tag,aruco:139,confirmed,,in_domain,true
2026-05-08/bee-1,2026-05-08,1,,,,outside_domain,1,1,aruco:0,decoder_no_confirmation,decoder_did_not_confirm_all_images;same_tag_used_by_multiple_bee_numbers_same_day,aruco:0,assigned,,,,outside_domain,false
2026-05-08/bee-2,2026-05-08,2,,,,outside_domain,1,1,aruco:0,decoder_confirmed,same_tag_used_by_multiple_bee_numbers_same_day,aruco:0,assigned,,,,outside_domain,false
2026-05-08/bee-3,2026-05-08,3,,,,outside_domain,1,1,aruco:3952,decoder_confirmed,,aruco:3952,assigned,,,,outside_domain,false
2026-05-10/bee-1,2026-05-10,1,,,,outside_domain,1,1,aruco:2219,decoder_no_confirmation,decoder_did_not_confirm_all_images,aruco:2219,assigned,,,,outside_domain,false
2026-05-10/bee-2,2026-05-10,2,,,,outside_domain,1,1,,no_tag_decoded,decoder_did_not_confirm_all_images,,missing_tag,,,,outside_domain,false
2026-05-10/bee-3,2026-05-10,3,,,,outside_domain,1,1,aruco:2226,decoder_no_confirmation,decoder_did_not_confirm_all_images;same_tag_used_by_multiple_bee_numbers_same_day,aruco:2226,assigned,,,,outside_domain,false
2026-05-10/bee-4,2026-05-10,4,,,,outside_domain,1,1,,no_tag_decoded,decoder_did_not_confirm_all_images,,missing_tag,,,,outside_domain,false
2026-05-10/bee-5,2026-05-10,5,,,,outside_domain,1,1,aruco:2226,decoder_no_confirmation,decoder_did_not_confirm_all_images;same_tag_used_by_multiple_bee_numbers_same_day,aruco:2226,assigned,,,,outside_domain,false
2026-05-13/bee-1,2026-05-13,1,,,,outside_domain,2,1;2,aruco:4,decoder_conflict,decoder_competition_or_disagreement,aruco:4,assigned,,,,outside_domain,false
2026-05-21/bee-1,2026-05-21,1,aruco:104,aruco,104,assigned,2,1;2,aruco:104,decoder_confirmed;decoder_confirmed_with_competing_ids,decoder_competition_or_disagreement,aruco:104,assigned,aruco:104,confirmed,,in_domain,true
2026-05-21/bee-2,2026-05-21,2,aruco:96,aruco,96,assigned,2,1;2,,decoder_found_id,decoder_competition_or_disagreement,,missing_tag,aruco:96,confirmed,,in_domain,true
2026-05-21/bee-3,2026-05-21,3,aruco:121,aruco,121,assigned,2,1;2,aruco:121,decoder_conflict;decoder_no_confirmation,decoder_competition_or_disagreement;decoder_did_not_confirm_all_images,aruco:121,assigned,aruco:121,confirmed,,in_domain,true
2026-05-21/bee-4,2026-05-21,4,aruco:80,aruco,80,assigned,2,1;2,aruco:80,decoder_confirmed;decoder_conflict,decoder_competition_or_disagreement,aruco:80,assigned,aruco:80,confirmed,,in_domain,true
2026-05-21/bee-5,2026-05-21,5,aruco:79,aruco,79,assigned,2,1;2,aruco:79,decoder_confirmed;decoder_no_confirmation,decoder_did_not_confirm_all_images,aruco:79,assigned,aruco:79,confirmed,,in_domain,true
2026-05-21/bee-6,2026-05-21,6,aruco:129,aruco,129,assigned,2,1;2,aruco:3619,decoder_confirmed;decoder_no_confirmation,decoder_did_not_confirm_all_images;same_tag_used_by_multiple_bee_numbers_same_day,aruco:3619,assigned,aruco:129,confirmed,,in_domain,true
2026-05-21/bee-7,2026-05-21,7,aruco:95,aruco,95,assigned,2,1;2,aruco:95,decoder_conflict;decoder_no_confirmation,decoder_competition_or_disagreement;decoder_did_not_confirm_all_images,aruco:95,assigned,aruco:95,confirmed,,in_domain,true
2026-05-21/bee-8,2026-05-21,8,aruco:85,aruco,85,assigned,2,1;2,aruco:85,decoder_conflict;decoder_no_confirmation,decoder_competition_or_disagreement;decoder_did_not_confirm_all_images,aruco:85,assigned,aruco:85,confirmed,,in_domain,true
2026-05-21/bee-9,2026-05-21,9,aruco:100,aruco,100,assigned,2,1;2,aruco:3294,decoder_conflict,decoder_competition_or_disagreement,aruco:3294,assigned,aruco:100,confirmed,,in_domain,true
2026-05-21/bee-10,2026-05-21,10,aruco:100,aruco,100,assigned,1,1,aruco:100,decoder_conflict,decoder_competition_or_disagreement,aruco:100,assigned,aruco:100,confirmed,,in_domain,true
2026-05-21/bee-11,2026-05-21,11,aruco:90,aruco,90,assigned,2,1;2,aruco:90,decoder_conflict,decoder_competition_or_disagreement,aruco:90,assigned,aruco:90,confirmed,,in_domain,true
2026-05-21/bee-12,2026-05-21,12,aruco:103,aruco,103,assigned,1,1,aruco:103,decoder_conflict,decoder_competition_or_disagreement,aruco:103,assigned,aruco:103,confirmed,,in_domain,true
2026-05-21/bee-13,2026-05-21,13,aruco:105,aruco,105,assigned,1,1,,decoder_found_id,decoder_competition_or_disagreement,,missing_tag,aruco:105,confirmed,,in_domain,true
2026-05-21/bee-14,2026-05-21,14,aruco:115,aruco,115,assigned,1,1,,decoder_found_id,decoder_competition_or_disagreement,,missing_tag,aruco:115,confirmed,,in_domain,true
2026-05-21/bee-15,2026-05-21,15,aruco:113,aruco,113,assigned,1,1,,decoder_found_id,decoder_competition_or_disagreement,,missing_tag,aruco:113,confirmed,,in_domain,true
2026-05-21/bee-16,2026-05-21,16,aruco:119,aruco,119,assigned,2,1;2,,decoder_found_id;no_tag_decoded,decoder_competition_or_disagreement;decoder_did_not_confirm_all_images,,missing_tag,aruco:119,confirmed,,in_domain,true
2026-05-21/bee-17,2026-05-21,17,aruco:116,aruco,116,assigned,2,1;2,aruco:116,decoder_confirmed,,aruco:116,assigned,aruco:116,confirmed,,in_domain,true
2026-05-21/bee-18,2026-05-21,18,aruco:110,aruco,110,assigned,2,1;2,,decoder_found_id;no_tag_decoded,decoder_competition_or_disagreement;decoder_did_not_confirm_all_images,,missing_tag,aruco:110,confirmed,,in_domain,true
2026-05-21/bee-19,2026-05-21,19,aruco:133,aruco,133,assigned,1,1,,decoder_found_id,decoder_competition_or_disagreement,,missing_tag,aruco:133,confirmed,,in_domain,true
2026-05-21/bee-20,2026-05-21,20,aruco:89,aruco,89,assigned,1,1,,decoder_found_id,decoder_competition_or_disagreement,,missing_tag,aruco:89,confirmed,,in_domain,true
2026-05-21/bee-21,2026-05-21,21,aruco:73,aruco,73,assigned,1,1,aruco:73,decoder_no_confirmation,decoder_did_not_confirm_all_images,aruco:73,assigned,aruco:73,confirmed,,in_domain,true
2026-05-21/bee-22,2026-05-21,22,aruco:120,aruco,120,assigned,2,1;2,aruco:120,decoder_confirmed_with_competing_ids;decoder_conflict,decoder_competition_or_disagreement,aruco:120,assigned,aruco:120,confirmed,,in_domain,true
2026-05-21/bee-23,2026-05-21,23,aruco:131,aruco,131,assigned,2,1;2,,decoder_found_id,decoder_competition_or_disagreement,,missing_tag,aruco:131,confirmed,,in_domain,true
2026-05-21/bee-24,2026-05-21,24,aruco:130,aruco,130,assigned,1,1,aruco:130,decoder_conflict,decoder_competition_or_disagreement,aruco:130,assigned,aruco:130,confirmed,,in_domain,true
2026-05-21/bee-25,2026-05-21,25,aruco:88,aruco,88,assigned,2,1;2,,decoder_found_id,decoder_competition_or_disagreement,,missing_tag,aruco:88,confirmed,,in_domain,true
2026-05-21/bee-26,2026-05-21,26,aruco:99,aruco,99,assigned,1,1,,decoder_found_id,decoder_competition_or_disagreement,,missing_tag,aruco:99,confirmed,,in_domain,true
2026-05-21/bee-27,2026-05-21,27,aruco:127,aruco,127,assigned,1,1,,decoder_found_id,decoder_competition_or_disagreement,,missing_tag,aruco:127,confirmed,,in_domain,true
2026-05-21/bee-28,2026-05-21,28,aruco:122,aruco,122,assigned,1,1,aruco:109,decoder_conflict,decoder_competition_or_disagreement,aruco:109,assigned,aruco:122,confirmed,,in_domain,true
2026-05-21/bee-29,2026-05-21,29,aruco:71,aruco,71,assigned,1,1,,decoder_found_id,decoder_competition_or_disagreement,,missing_tag,aruco:71,confirmed,,in_domain,true
2026-05-21/bee-30,2026-05-21,30,aruco:109,aruco,109,assigned,2,1;2,,no_tag_decoded,decoder_did_not_confirm_all_images,,missing_tag,aruco:109,confirmed,,in_domain,true
2026-05-21/bee-31,2026-05-21,31,aruco:83,aruco,83,assigned,1,1,aruco:83,decoder_conflict,decoder_competition_or_disagreement,aruco:83,assigned,aruco:83,confirmed,,in_domain,true
2026-05-21/bee-32,2026-05-21,32,aruco:91,aruco,91,assigned,1,1,,decoder_found_id,decoder_competition_or_disagreement,,missing_tag,aruco:91,confirmed,,in_domain,true
2026-05-21/bee-33,2026-05-21,33,,,,outside_domain,1,1,aruco:458,decoder_conflict,decoder_competition_or_disagreement,aruco:458,assigned,,,,outside_domain,false
2026-05-21/bee-34,2026-05-21,34,aruco:112,aruco,112,assigned,1,1,aruco:3619,decoder_conflict,decoder_competition_or_disagreement;same_tag_used_by_multiple_bee_numbers_same_day,aruco:3619,assigned,aruco:112,confirmed,,in_domain,true
2026-05-28/bee-1,2026-05-28,1,aruco:92,aruco,92,assigned,1,1,aruco:92,decoder_conflict,decoder_competition_or_disagreement,aruco:92,assigned,aruco:92,confirmed,,in_domain,true
2026-05-28/bee-2,2026-05-28,2,aruco:107,aruco,107,assigned,1,1,,decoder_found_id,decoder_competition_or_disagreement,,missing_tag,aruco:107,confirmed,,in_domain,true
2026-05-28/bee-3,2026-05-28,3,aruco:87,aruco,87,assigned,1,1,aruco:87,decoder_confirmed,,aruco:87,assigned,aruco:87,confirmed,,in_domain,true
2026-05-28/bee-4,2026-05-28,4,aruco:93,aruco,93,assigned,1,1,aruco:93,decoder_confirmed,,aruco:93,assigned,aruco:93,confirmed,,in_domain,true
2026-05-28/bee-5,2026-05-28,5,aruco:125,aruco,125,assigned,1,1,aruco:125,decoder_confirmed,,aruco:125,assigned,aruco:125,confirmed,,in_domain,true
2026-05-28/bee-6,2026-05-28,6,aruco:86,aruco,86,assigned,1,1,,no_tag_decoded,decoder_did_not_confirm_all_images,,missing_tag,aruco:86,confirmed,,in_domain,true
2026-05-28/bee-7,2026-05-28,7,aruco:81,aruco,81,assigned,1,1,,no_tag_decoded,decoder_did_not_confirm_all_images,,missing_tag,aruco:81,confirmed,,in_domain,true
2026-05-28/bee-8,2026-05-28,8,aruco:102,aruco,102,assigned,1,1,aruco:102,decoder_conflict,decoder_competition_or_disagreement,aruco:102,assigned,aruco:102,confirmed,,in_domain,true
2026-05-28/bee-9,2026-05-28,9,aruco:117,aruco,117,assigned,1,1,aruco:117,decoder_conflict,decoder_competition_or_disagreement,aruco:117,assigned,aruco:117,confirmed,,in_domain,true
2026-05-28/bee-10,2026-05-28,10,aruco:132,aruco,132,assigned,1,1,aruco:132,decoder_no_confirmation,decoder_did_not_confirm_all_images,aruco:132,assigned,aruco:132,confirmed,,in_domain,true
2026-05-28/bee-11,2026-05-28,11,aruco:77,aruco,77,assigned,2,1;2,aruco:2272,decoder_conflict;decoder_no_confirmation,decoder_competition_or_disagreement;decoder_did_not_confirm_all_images,aruco:2272,assigned,aruco:77,confirmed,,in_domain,true
2026-05-28/bee-12,2026-05-28,12,aruco:78,aruco,78,assigned,1,1,aruco:78,decoder_conflict,decoder_competition_or_disagreement,aruco:78,assigned,aruco:78,confirmed,,in_domain,true
2026-05-28/bee-13,2026-05-28,13,aruco:123,aruco,123,assigned,1,1,aruco:123,decoder_confirmed,,aruco:123,assigned,aruco:123,confirmed,,in_domain,true
2026-05-28/bee-14,2026-05-28,14,aruco:94,aruco,94,assigned,1,1,aruco:94,decoder_no_confirmation,decoder_did_not_confirm_all_images,aruco:94,assigned,aruco:94,confirmed,,in_domain,true
2026-05-28/bee-15,2026-05-28,15,aruco:76,aruco,76,assigned,1,1,aruco:76,decoder_no_confirmation,decoder_did_not_confirm_all_images,aruco:76,assigned,aruco:76,confirmed,,in_domain,true
2026-05-28/bee-16,2026-05-28,16,aruco:101,aruco,101,assigned,1,1,aruco:101,decoder_no_confirmation,decoder_did_not_confirm_all_images,aruco:101,assigned,aruco:101,confirmed,,in_domain,true
2026-05-28/bee-17,2026-05-28,17,aruco:114,aruco,114,assigned,1,1,aruco:114,decoder_conflict,decoder_competition_or_disagreement,aruco:114,assigned,aruco:114,confirmed,,in_domain,true
2026-05-28/bee-18,2026-05-28,18,aruco:108,aruco,108,assigned,1,1,,decoder_found_id,decoder_competition_or_disagreement,,missing_tag,aruco:108,confirmed,,in_domain,true
2026-05-28/bee-19,2026-05-28,19,aruco:84,aruco,84,assigned,1,1,aruco:84,decoder_no_confirmation,decoder_did_not_confirm_all_images,aruco:84,assigned,aruco:84,confirmed,,in_domain,true
2026-05-28/bee-20,2026-05-28,20,aruco:74,aruco,74,assigned,1,1,aruco:74,decoder_no_confirmation,decoder_did_not_confirm_all_images,aruco:74,assigned,aruco:74,confirmed,,in_domain,true
2026-05-28/bee-21,2026-05-28,21,aruco:70,aruco,70,assigned,1,1,,decoder_found_id,decoder_competition_or_disagreement,,missing_tag,aruco:70,confirmed,,in_domain,true
2026-05-28/bee-22,2026-05-28,22,aruco:68,aruco,68,assigned,1,1,aruco:68,decoder_conflict,decoder_competition_or_disagreement,aruco:68,assigned,aruco:68,confirmed,,in_domain,true
2026-05-28/bee-23,2026-05-28,23,aruco:118,aruco,118,assigned,1,1,aruco:118,decoder_confirmed,,aruco:118,assigned,aruco:118,confirmed,,in_domain,true
2026-05-28/bee-24,2026-05-28,24,aruco:111,aruco,111,assigned,1,1,aruco:111,decoder_confirmed_with_competing_ids,decoder_competition_or_disagreement,aruco:111,assigned,aruco:111,confirmed,,in_domain,true
2026-05-28/bee-25,2026-05-28,25,aruco:75,aruco,75,assigned,2,1;2,aruco:75,decoder_conflict,decoder_competition_or_disagreement,aruco:75,assigned,aruco:75,confirmed,,in_domain,true
2026-05-28/bee-26,2026-05-28,26,aruco:72,aruco,72,assigned,2,1;2,aruco:72,decoder_no_confirmation,decoder_did_not_confirm_all_images,aruco:72,assigned,aruco:72,confirmed,,in_domain,true
2026-05-28/bee-27,2026-05-28,27,aruco:128,aruco,128,assigned,1,1,aruco:128,decoder_no_confirmation,decoder_did_not_confirm_all_images,aruco:128,assigned,aruco:128,confirmed,,in_domain,true
2026-05-28/bee-28,2026-05-28,28,aruco:97,aruco,97,assigned,1,1,,decoder_found_id,decoder_competition_or_disagreement,,missing_tag,aruco:97,confirmed,,in_domain,true
2026-05-28/bee-29,2026-05-28,29,aruco:82,aruco,82,assigned,1,1,aruco:82,decoder_conflict,decoder_competition_or_disagreement,aruco:82,assigned,aruco:82,confirmed,,in_domain,true
2026-05-28/bee-30,2026-05-28,30,aruco:98,aruco,98,assigned,1,1,aruco:98,decoder_conflict,decoder_competition_or_disagreement,aruco:98,assigned,aruco:98,confirmed,,in_domain,true
2026-05-28/bee-31,2026-05-28,31,aruco:124,aruco,124,assigned,2,1;2,aruco:124,decoder_conflict,decoder_competition_or_disagreement,aruco:124,assigned,aruco:124,confirmed,,in_domain,true
2026-05-28/bee-32,2026-05-28,32,aruco:0,aruco,0,assigned,1,1,,decoder_found_id,decoder_competition_or_disagreement,,missing_tag,aruco:0,confirmed,,in_domain,true
2026-05-28/bee-33,2026-05-28,33,aruco:10,aruco,10,assigned,1,1,aruco:10,decoder_no_confirmation,decoder_did_not_confirm_all_images,aruco:10,assigned,aruco:10,confirmed,,in_domain,true
2026-05-28/bee-34,2026-05-28,34,aruco:44,aruco,44,assigned,1,1,aruco:44,decoder_conflict,decoder_competition_or_disagreement,aruco:44,assigned,aruco:44,confirmed,,in_domain,true
2026-05-28/bee-35,2026-05-28,35,aruco:51,aruco,51,assigned,2,1;2,aruco:51,decoder_conflict;decoder_no_confirmation,decoder_competition_or_disagreement;decoder_did_not_confirm_all_images,aruco:51,assigned,aruco:51,confirmed,,in_domain,true
2026-05-28/bee-36,2026-05-28,36,aruco:14,aruco,14,assigned,1,1,,no_tag_decoded,decoder_did_not_confirm_all_images,,missing_tag,aruco:14,confirmed,,in_domain,true
2026-05-28/bee-37,2026-05-28,37,aruco:21,aruco,21,assigned,1,1,aruco:21,decoder_no_confirmation,decoder_did_not_confirm_all_images,aruco:21,assigned,aruco:21,confirmed,,in_domain,true
2026-05-28/bee-38,2026-05-28,38,aruco:38,aruco,38,assigned,1,1,aruco:38,decoder_conflict,decoder_competition_or_disagreement,aruco:38,assigned,aruco:38,confirmed,,in_domain,true
2026-05-28/bee-39,2026-05-28,39,aruco:26,aruco,26,assigned,2,1;2,aruco:26,decoder_no_confirmation,decoder_did_not_confirm_all_images,aruco:26,assigned,aruco:26,confirmed,,in_domain,true
2026-05-28/bee-40,2026-05-28,40,aruco:48,aruco,48,assigned,1,1,,decoder_found_id,decoder_competition_or_disagreement,,missing_tag,aruco:48,confirmed,,in_domain,true
2026-05-28/bee-41,2026-05-28,41,aruco:7,aruco,7,assigned,1,1,aruco:7,decoder_conflict,decoder_competition_or_disagreement,aruco:7,assigned,aruco:7,confirmed,,in_domain,true
2026-05-28/bee-42,2026-05-28,42,aruco:36,aruco,36,assigned,1,1,aruco:36,decoder_conflict,decoder_competition_or_disagreement,aruco:36,assigned,aruco:36,confirmed,,in_domain,true
2026-05-29/bee-1,2026-05-29,1,aruco:8,aruco,8,assigned,1,1,aruco:8,decoder_conflict,decoder_competition_or_disagreement,aruco:8,assigned,aruco:8,confirmed,,in_domain,true
2026-05-29/bee-2,2026-05-29,2,aruco:19,aruco,19,assigned,1,1,,decoder_found_id,decoder_competition_or_disagreement,,missing_tag,aruco:19,confirmed,,in_domain,true
2026-05-29/bee-3,2026-05-29,3,aruco:27,aruco,27,assigned,3,1;2;3,,decoder_found_id;no_tag_decoded,decoder_competition_or_disagreement;decoder_did_not_confirm_all_images,,missing_tag,aruco:27,confirmed,,in_domain,true
2026-05-29/bee-4,2026-05-29,4,aruco:37,aruco,37,assigned,1,1,,decoder_found_id,decoder_competition_or_disagreement,,missing_tag,aruco:37,confirmed,,in_domain,true
2026-05-29/bee-5,2026-05-29,5,aruco:2,aruco,2,assigned,2,1;2,aruco:2,decoder_confirmed_with_competing_ids;decoder_conflict,decoder_competition_or_disagreement,aruco:2,assigned,aruco:2,confirmed,,in_domain,true
2026-05-29/bee-6,2026-05-29,6,aruco:9,aruco,9,assigned,1,1,,decoder_found_id,decoder_competition_or_disagreement,,missing_tag,aruco:9,confirmed,,in_domain,true
2026-05-29/bee-7,2026-05-29,7,aruco:29,aruco,29,assigned,1,1,,decoder_found_id,decoder_competition_or_disagreement,,missing_tag,aruco:29,confirmed,,in_domain,true
2026-05-29/bee-8,2026-05-29,8,aruco:22,aruco,22,assigned,1,1,aruco:22,decoder_confirmed,,aruco:22,assigned,aruco:22,confirmed,,in_domain,true
2026-05-29/bee-9,2026-05-29,9,aruco:12,aruco,12,assigned,1,1,aruco:12,decoder_conflict,decoder_competition_or_disagreement,aruco:12,assigned,aruco:12,confirmed,,in_domain,true
2026-05-29/bee-10,2026-05-29,10,aruco:5,aruco,5,assigned,1,1,aruco:5,decoder_conflict,decoder_competition_or_disagreement,aruco:5,assigned,aruco:5,confirmed,,in_domain,true
2026-05-29/bee-11,2026-05-29,11,aruco:24,aruco,24,assigned,1,1,aruco:24,decoder_confirmed,,aruco:24,assigned,aruco:24,confirmed,,in_domain,true
2026-05-29/bee-12,2026-05-29,12,aruco:33,aruco,33,assigned,1,1,aruco:33,decoder_confirmed,,aruco:33,assigned,aruco:33,confirmed,,in_domain,true
2026-05-29/bee-13,2026-05-29,13,aruco:20,aruco,20,assigned,1,1,,decoder_found_id,decoder_competition_or_disagreement,,missing_tag,aruco:20,confirmed,,in_domain,true
2026-05-29/bee-14,2026-05-29,14,aruco:11,aruco,11,assigned,1,1,,decoder_found_id,decoder_competition_or_disagreement,,missing_tag,aruco:11,confirmed,,in_domain,true
2026-05-29/bee-15,2026-05-29,15,aruco:43,aruco,43,assigned,1,1,,decoder_found_id,decoder_competition_or_disagreement,,missing_tag,aruco:43,confirmed,,in_domain,true
2026-05-29/bee-16,2026-05-29,16,aruco:32,aruco,32,assigned,1,1,aruco:32,decoder_conflict,decoder_competition_or_disagreement,aruco:32,assigned,aruco:32,confirmed,,in_domain,true
2026-05-29/bee-17,2026-05-29,17,aruco:31,aruco,31,assigned,1,1,aruco:31,decoder_conflict,decoder_competition_or_disagreement,aruco:31,assigned,aruco:31,confirmed,,in_domain,true
2026-05-29/bee-18,2026-05-29,18,aruco:15,aruco,15,assigned,1,1,aruco:15,decoder_conflict,decoder_competition_or_disagreement,aruco:15,assigned,aruco:15,confirmed,,in_domain,true
2026-05-29/bee-19,2026-05-29,19,aruco:18,aruco,18,assigned,1,1,aruco:18,decoder_confirmed,,aruco:18,assigned,aruco:18,confirmed,,in_domain,true
2026-05-29/bee-20,2026-05-29,20,aruco:6,aruco,6,assigned,2,1;2,,decoder_found_id,decoder_competition_or_disagreement,,missing_tag,aruco:6,confirmed,,in_domain,true
2026-05-29/bee-21,2026-05-29,21,aruco:35,aruco,35,assigned,1,1,aruco:35,decoder_confirmed_with_competing_ids,decoder_competition_or_disagreement,aruco:35,assigned,aruco:35,confirmed,,in_domain,true
2026-05-29/bee-22,2026-05-29,22,aruco:42,aruco,42,assigned,1,1,aruco:42,decoder_conflict,decoder_competition_or_disagreement,aruco:42,assigned,aruco:42,confirmed,,in_domain,true
2026-05-29/bee-23,2026-05-29,23,aruco:23,aruco,23,assigned,1,1,aruco:23,decoder_conflict,decoder_competition_or_disagreement,aruco:23,assigned,aruco:23,confirmed,,in_domain,true
2026-05-29/bee-24,2026-05-29,24,aruco:16,aruco,16,assigned,1,1,aruco:16,decoder_conflict,decoder_competition_or_disagreement,aruco:16,assigned,aruco:16,confirmed,,in_domain,true
2026-05-29/bee-25,2026-05-29,25,aruco:34,aruco,34,assigned,1,1,aruco:34,decoder_conflict,decoder_competition_or_disagreement,aruco:34,assigned,aruco:34,confirmed,,in_domain,true
2026-05-29/bee-26,2026-05-29,26,aruco:58,aruco,58,assigned,1,1,aruco:58,decoder_confirmed,,aruco:58,assigned,aruco:58,confirmed,,in_domain,true
2026-05-29/bee-27,2026-05-29,27,aruco:25,aruco,25,assigned,1,1,aruco:25,decoder_no_confirmation,decoder_did_not_confirm_all_images,aruco:25,assigned,aruco:25,confirmed,,in_domain,true
2026-05-29/bee-28,2026-05-29,28,aruco:49,aruco,49,assigned,1,1,,decoder_found_id,decoder_competition_or_disagreement,,missing_tag,aruco:49,confirmed,,in_domain,true
2026-05-29/bee-29,2026-05-29,29,aruco:30,aruco,30,assigned,1,1,,no_tag_decoded,decoder_did_not_confirm_all_images,,missing_tag,aruco:30,confirmed,,in_domain,true
2026-05-29/bee-30,2026-05-29,30,aruco:57,aruco,57,assigned,1,1,aruco:57,decoder_no_confirmation,decoder_did_not_confirm_all_images,aruco:57,assigned,aruco:57,confirmed,,in_domain,true
2026-05-29/bee-31,2026-05-29,31,aruco:52,aruco,52,assigned,2,1;2,aruco:52,decoder_confirmed;decoder_conflict,decoder_competition_or_disagreement,aruco:52,assigned,aruco:52,confirmed,,in_domain,true
2026-05-29/bee-32,2026-05-29,32,aruco:120,aruco,120,assigned,1,1,aruco:120,decoder_no_confirmation,decoder_did_not_confirm_all_images,aruco:120,assigned,aruco:120,confirmed,,in_domain,true
2026-05-29/bee-33,2026-05-29,33,aruco:17,aruco,17,assigned,1,1,aruco:17,decoder_no_confirmation,decoder_did_not_confirm_all_images;same_tag_used_by_multiple_bee_numbers_same_day,aruco:17,assigned,aruco:17,confirmed,,in_domain,true
2026-05-29/bee-34,2026-05-29,34,aruco:13,aruco,13,assigned,1,1,,decoder_found_id,decoder_competition_or_disagreement,,missing_tag,aruco:13,confirmed,,in_domain,true
2026-05-29/bee-35,2026-05-29,35,aruco:47,aruco,47,assigned,2,1;2,aruco:47,decoder_conflict;decoder_no_confirmation,decoder_competition_or_disagreement;decoder_did_not_confirm_all_images,aruco:47,assigned,aruco:47,confirmed,,in_domain,true
2026-05-29/bee-36,2026-05-29,36,aruco:40,aruco,40,assigned,1,1,aruco:40,decoder_conflict,decoder_competition_or_disagreement,aruco:40,assigned,aruco:40,confirmed,,in_domain,true
2026-05-29/bee-37,2026-05-29,37,aruco:41,aruco,41,assigned,1,1,aruco:41,decoder_conflict,decoder_competition_or_disagreement,aruco:41,assigned,aruco:41,confirmed,,in_domain,true
2026-05-29/bee-38,2026-05-29,38,aruco:39,aruco,39,assigned,2,1;2,aruco:39,decoder_conflict,decoder_competition_or_disagreement,aruco:39,assigned,aruco:39,confirmed,,in_domain,true
2026-05-29/bee-39,2026-05-29,39,aruco:1,aruco,1,assigned,1,1,aruco:1,decoder_conflict,decoder_competition_or_disagreement,aruco:1,assigned,aruco:1,confirmed,,in_domain,true
2026-05-29/bee-40,2026-05-29,40,aruco:191,aruco,191,assigned,1,1,aruco:191,decoder_no_confirmation,decoder_did_not_confirm_all_images,aruco:191,assigned,aruco:191,confirmed,,in_domain,true
2026-05-29/bee-41,2026-05-29,41,aruco:56,aruco,56,assigned,2,1;2,aruco:56,decoder_confirmed;decoder_no_confirmation,decoder_did_not_confirm_all_images,aruco:56,assigned,aruco:56,confirmed,,in_domain,true
2026-05-29/bee-42,2026-05-29,42,aruco:195,aruco,195,assigned,1,1,aruco:195,decoder_confirmed,,aruco:195,assigned,aruco:195,confirmed,,in_domain,true
2026-05-29/bee-43,2026-05-29,43,aruco:197,aruco,197,assigned,1,1,aruco:197,decoder_conflict,decoder_competition_or_disagreement,aruco:197,assigned,aruco:197,confirmed,,in_domain,true
2026-05-29/bee-44,2026-05-29,44,aruco:179,aruco,179,assigned,1,1,aruco:179,decoder_conflict,decoder_competition_or_disagreement,aruco:179,assigned,aruco:179,confirmed,,in_domain,true
2026-05-29/bee-45,2026-05-29,45,aruco:28,aruco,28,assigned,1,1,,decoder_found_id,decoder_competition_or_disagreement,,missing_tag,aruco:28,confirmed,,in_domain,true
2026-05-29/bee-46,2026-05-29,46,aruco:187,aruco,187,assigned,2,1;2,aruco:187,decoder_conflict,decoder_competition_or_disagreement,aruco:187,assigned,aruco:187,confirmed,,in_domain,true
2026-05-29/bee-47,2026-05-29,47,aruco:189,aruco,189,assigned,1,1,aruco:189,decoder_no_confirmation,decoder_did_not_confirm_all_images,aruco:189,assigned,aruco:189,confirmed,,in_domain,true
2026-05-29/bee-48,2026-05-29,48,aruco:166,aruco,166,assigned,2,1;2,aruco:166,decoder_confirmed_with_competing_ids;decoder_conflict,decoder_competition_or_disagreement,aruco:166,assigned,aruco:166,confirmed,,in_domain,true
2026-05-29/bee-49,2026-05-29,49,aruco:190,aruco,190,assigned,1,1,aruco:109,decoder_conflict,decoder_competition_or_disagreement,aruco:109,assigned,aruco:190,confirmed,,in_domain,true
2026-05-29/bee-50,2026-05-29,50,aruco:169,aruco,169,assigned,1,1,aruco:169,decoder_confirmed,,aruco:169,assigned,aruco:169,confirmed,,in_domain,true
2026-05-29/bee-51,2026-05-29,51,aruco:172,aruco,172,assigned,1,1,aruco:172,decoder_no_confirmation,decoder_did_not_confirm_all_images,aruco:172,assigned,aruco:172,confirmed,,in_domain,true
2026-05-29/bee-52,2026-05-29,52,aruco:168,aruco,168,assigned,1,1,aruco:168,decoder_conflict,decoder_competition_or_disagreement,aruco:168,assigned,aruco:168,confirmed,,in_domain,true
2026-05-29/bee-53,2026-05-29,53,aruco:167,aruco,167,assigned,1,1,aruco:2613,decoder_conflict,decoder_competition_or_disagreement,aruco:2613,assigned,aruco:167,confirmed,,in_domain,true
2026-05-29/bee-54,2026-05-29,54,aruco:175,aruco,175,assigned,1,1,aruco:175,decoder_conflict,decoder_competition_or_disagreement,aruco:175,assigned,aruco:175,confirmed,,in_domain,true
2026-05-29/bee-55,2026-05-29,55,aruco:67,aruco,67,assigned,2,1;2,aruco:67,decoder_conflict,decoder_competition_or_disagreement,aruco:67,assigned,aruco:67,confirmed,,in_domain,true
2026-05-29/bee-56,2026-05-29,56,aruco:170,aruco,170,assigned,1,1,aruco:170,decoder_conflict,decoder_competition_or_disagreement,aruco:170,assigned,aruco:170,confirmed,,in_domain,true
2026-05-29/bee-57,2026-05-29,57,aruco:174,aruco,174,assigned,1,1,aruco:174,decoder_conflict,decoder_competition_or_disagreement,aruco:174,assigned,aruco:174,confirmed,,in_domain,true
2026-05-29/bee-58,2026-05-29,58,aruco:192,aruco,192,assigned,1,1,,decoder_found_id,decoder_competition_or_disagreement,,missing_tag,aruco:192,confirmed,,in_domain,true
2026-05-29/bee-59,2026-05-29,59,aruco:200,aruco,200,assigned,1,1,aruco:200,decoder_conflict,decoder_competition_or_disagreement,aruco:200,assigned,aruco:200,confirmed,,in_domain,true
2026-05-29/bee-60,2026-05-29,60,aruco:181,aruco,181,assigned,1,1,aruco:181,decoder_no_confirmation,decoder_did_not_confirm_all_images,aruco:181,assigned,aruco:181,confirmed,,in_domain,true
2026-05-29/bee-61,2026-05-29,61,aruco:188,aruco,188,assigned,1,1,aruco:188,decoder_conflict,decoder_competition_or_disagreement,aruco:188,assigned,aruco:188,confirmed,,in_domain,true
2026-06-01/bee-1,2026-06-01,1,aruco:134,aruco,134,assigned,1,1,aruco:134,decoder_conflict,decoder_competition_or_disagreement,aruco:134,assigned,aruco:134,confirmed,,in_domain,true
2026-06-01/bee-2,2026-06-01,2,aruco:140,aruco,140,assigned,1,1,aruco:140,decoder_no_confirmation,decoder_did_not_confirm_all_images,aruco:140,assigned,aruco:140,confirmed,,in_domain,true
2026-06-01/bee-3,2026-06-01,3,aruco:147,aruco,147,assigned,1,1,aruco:147,decoder_conflict,decoder_competition_or_disagreement,aruco:147,assigned,aruco:147,confirmed,,in_domain,true
2026-06-01/bee-4,2026-06-01,4,aruco:150,aruco,150,assigned,1,1,aruco:150,decoder_conflict,decoder_competition_or_disagreement,aruco:150,assigned,aruco:150,confirmed,,in_domain,true
2026-06-01/bee-5,2026-06-01,5,aruco:184,aruco,184,assigned,1,1,aruco:184,decoder_conflict,decoder_competition_or_disagreement,aruco:184,assigned,aruco:184,confirmed,,in_domain,true
2026-06-01/bee-6,2026-06-01,6,aruco:163,aruco,163,assigned,1,1,aruco:163,decoder_conflict,decoder_competition_or_disagreement,aruco:163,assigned,aruco:163,confirmed,,in_domain,true
2026-06-01/bee-7,2026-06-01,7,aruco:183,aruco,183,assigned,1,1,aruco:183,decoder_conflict,decoder_competition_or_disagreement,aruco:183,assigned,aruco:183,confirmed,,in_domain,true
2026-06-01/bee-8,2026-06-01,8,aruco:149,aruco,149,assigned,1,1,aruco:149,decoder_conflict,decoder_competition_or_disagreement,aruco:149,assigned,aruco:149,confirmed,,in_domain,true
2026-06-01/bee-9,2026-06-01,9,aruco:155,aruco,155,assigned,1,1,aruco:155,decoder_no_confirmation,decoder_did_not_confirm_all_images,aruco:155,assigned,aruco:155,confirmed,,in_domain,true
2026-06-01/bee-10,2026-06-01,10,aruco:137,aruco,137,assigned,1,1,aruco:137,decoder_conflict,decoder_competition_or_disagreement,aruco:137,assigned,aruco:137,confirmed,,in_domain,true
2026-06-01/bee-11,2026-06-01,11,aruco:165,aruco,165,assigned,1,1,aruco:165,decoder_conflict,decoder_competition_or_disagreement,aruco:165,assigned,aruco:165,confirmed,,in_domain,true
2026-06-01/bee-12,2026-06-01,12,aruco:136,aruco,136,assigned,1,1,aruco:136,decoder_confirmed,,aruco:136,assigned,aruco:136,confirmed,,in_domain,true
2026-06-01/bee-13,2026-06-01,13,aruco:193,aruco,193,assigned,2,1;2,aruco:193,decoder_conflict,decoder_competition_or_disagreement,aruco:193,assigned,aruco:193,confirmed,,in_domain,true
2026-06-01/bee-14,2026-06-01,14,aruco:37,aruco,37,assigned,1,1,aruco:37,decoder_confirmed,,aruco:37,assigned,aruco:37,confirmed,,in_domain,true
2026-06-01/bee-15,2026-06-01,15,aruco:154,aruco,154,assigned,1,1,aruco:154,decoder_confirmed,,aruco:154,assigned,aruco:154,confirmed,,in_domain,true
2026-06-01/bee-16,2026-06-01,16,aruco:151,aruco,151,assigned,1,1,aruco:151,decoder_confirmed,,aruco:151,assigned,aruco:151,confirmed,,in_domain,true
2026-06-01/bee-17,2026-06-01,17,aruco:156,aruco,156,assigned,3,1;2;3,aruco:156,decoder_conflict;decoder_no_confirmation,decoder_competition_or_disagreement;decoder_did_not_confirm_all_images,aruco:156,assigned,aruco:156,confirmed,,in_domain,true
2026-06-01/bee-18,2026-06-01,18,aruco:148,aruco,148,assigned,1,1,aruco:148,decoder_conflict,decoder_competition_or_disagreement,aruco:148,assigned,aruco:148,confirmed,,in_domain,true
2026-06-01/bee-19,2026-06-01,19,aruco:177,aruco,177,assigned,1,1,aruco:177,decoder_conflict,decoder_competition_or_disagreement,aruco:177,assigned,aruco:177,confirmed,,in_domain,true
2026-06-01/bee-20,2026-06-01,20,aruco:146,aruco,146,assigned,1,1,aruco:146,decoder_conflict,decoder_competition_or_disagreement,aruco:146,assigned,aruco:146,confirmed,,in_domain,true
2026-06-01/bee-21,2026-06-01,21,aruco:135,aruco,135,assigned,1,1,aruco:135,decoder_conflict,decoder_competition_or_disagreement,aruco:135,assigned,aruco:135,confirmed,,in_domain,true
2026-06-01/bee-22,2026-06-01,22,aruco:141,aruco,141,assigned,1,1,aruco:141,decoder_confirmed,,aruco:141,assigned,aruco:141,confirmed,,in_domain,true
2026-06-01/bee-23,2026-06-01,23,aruco:143,aruco,143,assigned,1,1,aruco:143,decoder_no_confirmation,decoder_did_not_confirm_all_images,aruco:143,assigned,aruco:143,confirmed,,in_domain,true
2026-06-01/bee-24,2026-06-01,24,aruco:138,aruco,138,assigned,1,1,aruco:138,decoder_no_confirmation,decoder_did_not_confirm_all_images,aruco:138,assigned,aruco:138,confirmed,,in_domain,true
2026-06-01/bee-25,2026-06-01,25,aruco:196,aruco,196,assigned,1,1,aruco:196,decoder_conflict,decoder_competition_or_disagreement,aruco:196,assigned,aruco:196,confirmed,,in_domain,true
2026-06-01/bee-26,2026-06-01,26,aruco:164,aruco,164,assigned,2,1;2,,decoder_found_id;no_tag_decoded,decoder_competition_or_disagreement;decoder_did_not_confirm_all_images,,missing_tag,aruco:164,confirmed,,in_domain,true
2026-06-01/bee-27,2026-06-01,27,aruco:185,aruco,185,assigned,1,1,aruco:185,decoder_conflict,decoder_competition_or_disagreement,aruco:185,assigned,aruco:185,confirmed,,in_domain,true
2026-06-01/bee-28,2026-06-01,28,aruco:176,aruco,176,assigned,1,1,aruco:176,decoder_conflict,decoder_competition_or_disagreement,aruco:176,assigned,aruco:176,confirmed,,in_domain,true
2026-06-01/bee-29,2026-06-01,29,aruco:173,aruco,173,assigned,1,1,aruco:173,decoder_conflict,decoder_competition_or_disagreement,aruco:173,assigned,aruco:173,confirmed,,in_domain,true
2026-06-01/bee-30,2026-06-01,30,aruco:162,aruco,162,assigned,1,1,,decoder_found_id,decoder_competition_or_disagreement,,missing_tag,aruco:162,confirmed,,in_domain,true
2026-06-02/bee-1,2026-06-02,1,aruco:182,aruco,182,assigned,1,1,aruco:182,decoder_conflict,decoder_competition_or_disagreement,aruco:182,assigned,aruco:182,confirmed,,in_domain,true
2026-06-02/bee-2,2026-06-02,2,aruco:153,aruco,153,assigned,2,1;2,aruco:153,decoder_confirmed_with_competing_ids;decoder_conflict,decoder_competition_or_disagreement,aruco:153,assigned,aruco:153,confirmed,,in_domain,true
2026-06-02/bee-3,2026-06-02,3,aruco:230,aruco,230,assigned,1,1,aruco:230,decoder_conflict,decoder_competition_or_disagreement,aruco:230,assigned,aruco:230,confirmed,,in_domain,true
2026-06-02/bee-4,2026-06-02,4,aruco:221,aruco,221,assigned,1,1,aruco:221,decoder_confirmed,,aruco:221,assigned,aruco:221,confirmed,,in_domain,true
2026-06-02/bee-5,2026-06-02,5,aruco:241,aruco,241,assigned,1,1,aruco:241,decoder_conflict,decoder_competition_or_disagreement,aruco:241,assigned,aruco:241,confirmed,,in_domain,true
2026-06-02/bee-6,2026-06-02,6,aruco:206,aruco,206,assigned,1,1,aruco:206,decoder_conflict,decoder_competition_or_disagreement,aruco:206,assigned,aruco:206,confirmed,,in_domain,true
2026-06-02/bee-7,2026-06-02,7,aruco:256,aruco,256,assigned,1,1,aruco:256,decoder_confirmed_with_competing_ids,decoder_competition_or_disagreement,aruco:256,assigned,aruco:256,confirmed,,in_domain,true
2026-06-02/bee-8,2026-06-02,8,aruco:235,aruco,235,assigned,1,1,aruco:235,decoder_conflict,decoder_competition_or_disagreement,aruco:235,assigned,aruco:235,confirmed,,in_domain,true
2026-06-02/bee-9,2026-06-02,9,aruco:74,aruco,74,assigned,1,1,aruco:74,decoder_no_confirmation,decoder_did_not_confirm_all_images,aruco:74,assigned,aruco:74,confirmed,,in_domain,true
2026-06-02/bee-10,2026-06-02,10,aruco:264,aruco,264,assigned,1,1,aruco:3047,decoder_conflict,decoder_competition_or_disagreement,aruco:3047,assigned,aruco:264,confirmed,,in_domain,true
2026-06-02/bee-11,2026-06-02,11,aruco:148,aruco,148,assigned,1,1,,decoder_found_id,decoder_competition_or_disagreement,,missing_tag,aruco:148,confirmed,,in_domain,true
2026-06-02/bee-12,2026-06-02,12,aruco:261,aruco,261,assigned,1,1,aruco:2745,decoder_conflict,decoder_competition_or_disagreement,aruco:2745,assigned,aruco:261,confirmed,,in_domain,true
2026-06-02/bee-13,2026-06-02,13,aruco:117,aruco,117,assigned,1,1,aruco:117,decoder_confirmed_with_competing_ids,decoder_competition_or_disagreement,aruco:117,assigned,aruco:117,confirmed,,in_domain,true
2026-06-02/bee-14,2026-06-02,14,aruco:152,aruco,152,assigned,1,1,aruco:152,decoder_conflict,decoder_competition_or_disagreement,aruco:152,assigned,aruco:152,confirmed,,in_domain,true
2026-06-10/bee-1,2026-06-10,1,aruco:212,aruco,212,assigned,2,1;2,aruco:212,decoder_no_confirmation,decoder_did_not_confirm_all_images,aruco:212,assigned,aruco:212,confirmed,,in_domain,true
2026-06-10/bee-2,2026-06-10,2,aruco:219,aruco,219,assigned,1,1,aruco:219,decoder_conflict,decoder_competition_or_disagreement,aruco:219,assigned,aruco:219,confirmed,,in_domain,true
2026-06-10/bee-3,2026-06-10,3,aruco:238,aruco,238,assigned,1,1,,decoder_found_id,decoder_competition_or_disagreement,,missing_tag,aruco:238,confirmed,,in_domain,true
2026-06-10/bee-4,2026-06-10,4,aruco:246,aruco,246,assigned,2,1;2,aruco:246,decoder_conflict;decoder_no_confirmation,decoder_competition_or_disagreement;decoder_did_not_confirm_all_images,aruco:246,assigned,aruco:246,confirmed,,in_domain,true
2026-06-10/bee-5,2026-06-10,5,aruco:201,aruco,201,assigned,1,1,aruco:201,decoder_confirmed,,aruco:201,assigned,aruco:201,confirmed,,in_domain,true
2026-06-10/bee-6,2026-06-10,6,aruco:217,aruco,217,assigned,2,1;2,aruco:217,decoder_conflict,decoder_competition_or_disagreement,aruco:217,assigned,aruco:217,confirmed,,in_domain,true
2026-06-10/bee-7,2026-06-10,7,aruco:240,aruco,240,assigned,1,1,,decoder_found_id,decoder_competition_or_disagreement,,missing_tag,aruco:240,confirmed,,in_domain,true
2026-06-10/bee-8,2026-06-10,8,aruco:250,aruco,250,assigned,1,1,,decoder_found_id,decoder_competition_or_disagreement,,missing_tag,aruco:250,confirmed,,in_domain,true
2026-06-10/bee-9,2026-06-10,9,aruco:161,aruco,161,assigned,2,1;2,aruco:161,decoder_confirmed;decoder_no_confirmation,decoder_did_not_confirm_all_images,aruco:161,assigned,aruco:161,confirmed,,in_domain,true
2026-06-10/bee-10,2026-06-10,10,aruco:204,aruco,204,assigned,1,1,,decoder_found_id,decoder_competition_or_disagreement,,missing_tag,aruco:204,confirmed,,in_domain,true
2026-06-10/bee-11,2026-06-10,11,aruco:229,aruco,229,assigned,1,1,aruco:229,decoder_confirmed,,aruco:229,assigned,aruco:229,confirmed,,in_domain,true
2026-06-10/bee-12,2026-06-10,12,aruco:209,aruco,209,assigned,1,1,,decoder_found_id,decoder_competition_or_disagreement,,missing_tag,aruco:209,confirmed,,in_domain,true
2026-06-10/bee-13,2026-06-10,13,aruco:218,aruco,218,assigned,1,1,,no_tag_decoded,decoder_did_not_confirm_all_images,,missing_tag,aruco:218,confirmed,,in_domain,true
2026-06-10/bee-14,2026-06-10,14,aruco:260,aruco,260,assigned,1,1,,decoder_found_id,decoder_competition_or_disagreement,,missing_tag,aruco:260,confirmed,,in_domain,true
2026-06-10/bee-15,2026-06-10,15,aruco:254,aruco,254,assigned,1,1,aruco:254,decoder_confirmed_with_competing_ids,decoder_competition_or_disagreement,aruco:254,assigned,aruco:254,confirmed,,in_domain,true
2026-06-10/bee-16,2026-06-10,16,aruco:239,aruco,239,assigned,1,1,aruco:239,decoder_conflict,decoder_competition_or_disagreement,aruco:239,assigned,aruco:239,confirmed,,in_domain,true
2026-06-10/bee-17,2026-06-10,17,aruco:233,aruco,233,assigned,2,1;2,,decoder_found_id,decoder_competition_or_disagreement,,missing_tag,aruco:233,confirmed,,in_domain,true
2026-06-10/bee-18,2026-06-10,18,aruco:259,aruco,259,assigned,1,1,aruco:259,decoder_no_confirmation,decoder_did_not_confirm_all_images,aruco:259,assigned,aruco:259,confirmed,,in_domain,true
2026-06-10/bee-19,2026-06-10,19,aruco:208,aruco,208,assigned,2,1;2,aruco:208,decoder_confirmed_with_competing_ids;decoder_no_confirmation,decoder_competition_or_disagreement;decoder_did_not_confirm_all_images,aruco:208,assigned,aruco:208,confirmed,,in_domain,true
2026-06-10/bee-20,2026-06-10,20,aruco:159,aruco,159,assigned,1,1,,decoder_found_id,decoder_competition_or_disagreement,,missing_tag,aruco:159,confirmed,,in_domain,true
2026-06-10/bee-21,2026-06-10,21,aruco:242,aruco,242,assigned,1,1,,decoder_found_id,decoder_competition_or_disagreement,,missing_tag,aruco:242,confirmed,,in_domain,true
2026-06-10/bee-22,2026-06-10,22,aruco:237,aruco,237,assigned,1,1,,decoder_found_id,decoder_competition_or_disagreement,,missing_tag,aruco:237,confirmed,,in_domain,true
2026-06-10/bee-23,2026-06-10,23,aruco:234,aruco,234,assigned,1,1,,decoder_found_id,decoder_competition_or_disagreement,,missing_tag,aruco:234,confirmed,,in_domain,true
2026-06-10/bee-24,2026-06-10,24,aruco:222,aruco,222,assigned,1,1,,decoder_found_id,decoder_competition_or_disagreement,,missing_tag,aruco:222,confirmed,,in_domain,true
2026-06-10/bee-25,2026-06-10,25,aruco:205,aruco,205,assigned,1,1,,decoder_found_id,decoder_competition_or_disagreement,,missing_tag,aruco:205,confirmed,,in_domain,true
2026-06-10/bee-26,2026-06-10,26,aruco:214,aruco,214,assigned,2,1;2,,decoder_found_id,decoder_competition_or_disagreement,,missing_tag,aruco:214,confirmed,,in_domain,true
2026-06-10/bee-27,2026-06-10,27,aruco:215,aruco,215,assigned,1,1,,decoder_found_id,decoder_competition_or_disagreement,,missing_tag,aruco:215,confirmed,,in_domain,true
2026-06-10/bee-28,2026-06-10,28,aruco:255,aruco,255,assigned,1,1,aruco:255,decoder_conflict,decoder_competition_or_disagreement,aruco:255,assigned,aruco:255,confirmed,,in_domain,true
2026-06-10/bee-29,2026-06-10,29,aruco:243,aruco,243,assigned,1,1,aruco:243,decoder_confirmed,,aruco:243,assigned,aruco:243,confirmed,,in_domain,true
2026-06-10/bee-30,2026-06-10,30,aruco:223,aruco,223,assigned,2,1;2,aruco:223,decoder_confirmed;decoder_no_confirmation,decoder_did_not_confirm_all_images,aruco:223,assigned,aruco:223,confirmed,,in_domain,true
2026-06-10/bee-31,2026-06-10,31,aruco:216,aruco,216,assigned,2,1;2,aruco:216,decoder_confirmed;decoder_no_confirmation,decoder_did_not_confirm_all_images,aruco:216,assigned,aruco:216,confirmed,,in_domain,true
2026-06-10/bee-32,2026-06-10,32,aruco:232,aruco,232,assigned,2,1;2,aruco:232,decoder_conflict;decoder_no_confirmation,decoder_competition_or_disagreement;decoder_did_not_confirm_all_images,aruco:232,assigned,aruco:232,confirmed,,in_domain,true
2026-06-10/bee-33,2026-06-10,33,aruco:97,aruco,97,assigned,1,1,,decoder_found_id,decoder_competition_or_disagreement,,missing_tag,aruco:97,confirmed,,in_domain,true
2026-06-10/bee-34,2026-06-10,34,aruco:452,aruco,452,assigned,1,1,aruco:452,decoder_confirmed,,aruco:452,assigned,aruco:452,confirmed,,in_domain,true
2026-06-10/bee-35,2026-06-10,35,aruco:428,aruco,428,assigned,1,1,,no_tag_decoded,decoder_did_not_confirm_all_images,,missing_tag,aruco:428,confirmed,,in_domain,true
2026-06-10/bee-36,2026-06-10,36,aruco:442,aruco,442,assigned,1,1,aruco:442,decoder_conflict,decoder_competition_or_disagreement,aruco:442,assigned,aruco:442,confirmed,,in_domain,true
2026-06-10/bee-37,2026-06-10,37,aruco:382,aruco,382,assigned,2,1;2,aruco:382,decoder_conflict,decoder_competition_or_disagreement,aruco:382,assigned,aruco:382,confirmed,,in_domain,true
2026-06-10/bee-38,2026-06-10,38,aruco:448,aruco,448,assigned,1,1,aruco:448,decoder_confirmed,,aruco:448,assigned,aruco:448,confirmed,,in_domain,true
2026-06-10/bee-39,2026-06-10,39,aruco:341,aruco,341,assigned,1,1,,decoder_found_id,decoder_competition_or_disagreement,,missing_tag,aruco:341,confirmed,,in_domain,true
2026-06-10/bee-40,2026-06-10,40,aruco:56,aruco,56,assigned,1,1,,no_tag_decoded,decoder_did_not_confirm_all_images,,missing_tag,aruco:56,confirmed,,in_domain,true
2026-06-10/bee-41,2026-06-10,41,aruco:365,aruco,365,assigned,1,1,aruco:365,decoder_conflict,decoder_competition_or_disagreement,aruco:365,assigned,aruco:365,confirmed,,in_domain,true
2026-06-10/bee-42,2026-06-10,42,aruco:364,aruco,364,assigned,1,1,aruco:364,decoder_conflict,decoder_competition_or_disagreement,aruco:364,assigned,aruco:364,confirmed,,in_domain,true
2026-06-10/bee-43,2026-06-10,43,aruco:465,aruco,465,assigned,2,1;2,aruco:465,decoder_confirmed;decoder_no_confirmation,decoder_did_not_confirm_all_images,aruco:465,assigned,aruco:465,confirmed,,in_domain,true
2026-06-10/bee-44,2026-06-10,44,aruco:420,aruco,420,assigned,1,1,aruco:420,decoder_confirmed,,aruco:420,assigned,aruco:420,confirmed,,in_domain,true
2026-06-10/bee-45,2026-06-10,45,aruco:413,aruco,413,assigned,1,1,aruco:413,decoder_no_confirmation,decoder_did_not_confirm_all_images,aruco:413,assigned,aruco:413,confirmed,,in_domain,true
2026-06-10/bee-46,2026-06-10,46,aruco:453,aruco,453,assigned,1,1,aruco:453,decoder_conflict,decoder_competition_or_disagreement,aruco:453,assigned,aruco:453,confirmed,,in_domain,true
2026-06-10/bee-47,2026-06-10,47,aruco:344,aruco,344,assigned,1,1,,decoder_found_id,decoder_competition_or_disagreement,,missing_tag,aruco:344,confirmed,,in_domain,true
2026-06-10/bee-48,2026-06-10,48,aruco:447,aruco,447,assigned,1,1,aruco:447,decoder_conflict,decoder_competition_or_disagreement,aruco:447,assigned,aruco:447,confirmed,,in_domain,true
2026-06-10/bee-49,2026-06-10,49,aruco:468,aruco,468,assigned,1,1,aruco:468,decoder_no_confirmation,decoder_did_not_confirm_all_images,aruco:468,assigned,aruco:468,confirmed,,in_domain,true
2026-06-10/bee-50,2026-06-10,50,aruco:373,aruco,373,assigned,1,1,aruco:373,decoder_confirmed_with_competing_ids,decoder_competition_or_disagreement,aruco:373,assigned,aruco:373,confirmed,,in_domain,true
2026-06-10/bee-51,2026-06-10,51,aruco:458,aruco,458,assigned,2,1;2,aruco:458,decoder_conflict,decoder_competition_or_disagreement,aruco:458,assigned,aruco:458,confirmed,,in_domain,true
2026-06-10/bee-52,2026-06-10,52,aruco:383,aruco,383,assigned,1,1,aruco:383,decoder_conflict,decoder_competition_or_disagreement,aruco:383,assigned,aruco:383,confirmed,,in_domain,true
2026-06-10/bee-53,2026-06-10,53,aruco:389,aruco,389,assigned,2,1;2,aruco:389,decoder_conflict;decoder_no_confirmation,decoder_competition_or_disagreement;decoder_did_not_confirm_all_images,aruco:389,assigned,aruco:389,confirmed,,in_domain,true
2026-06-10/bee-54,2026-06-10,54,aruco:313,aruco,313,assigned,1,1,,decoder_found_id,decoder_competition_or_disagreement,,missing_tag,aruco:313,confirmed,,in_domain,true
2026-06-10/bee-55,2026-06-10,55,aruco:313,aruco,313,assigned,1,1,aruco:313,decoder_conflict,decoder_competition_or_disagreement,aruco:313,assigned,aruco:313,confirmed,,in_domain,true
2026-06-10/bee-56,2026-06-10,56,aruco:283,aruco,283,assigned,1,1,aruco:283,decoder_confirmed,,aruco:283,assigned,aruco:283,confirmed,,in_domain,true
2026-06-10/bee-57,2026-06-10,57,aruco:270,aruco,270,assigned,1,1,aruco:270,decoder_conflict,decoder_competition_or_disagreement,aruco:270,assigned,aruco:270,confirmed,,in_domain,true
2026-06-10/bee-58,2026-06-10,58,aruco:303,aruco,303,assigned,1,1,aruco:303,decoder_conflict,decoder_competition_or_disagreement,aruco:303,assigned,aruco:303,confirmed,,in_domain,true
2026-06-10/bee-59,2026-06-10,59,aruco:359,aruco,359,assigned,2,1;2,aruco:359,decoder_conflict;decoder_no_confirmation,decoder_competition_or_disagreement;decoder_did_not_confirm_all_images,aruco:359,assigned,aruco:359,confirmed,,in_domain,true
2026-06-10/bee-60,2026-06-10,60,aruco:398,aruco,398,assigned,1,1,,decoder_found_id,decoder_competition_or_disagreement,,missing_tag,aruco:398,confirmed,,in_domain,true
2026-06-10/bee-61,2026-06-10,61,aruco:280,aruco,280,assigned,1,1,aruco:280,decoder_conflict,decoder_competition_or_disagreement,aruco:280,assigned,aruco:280,confirmed,,in_domain,true
2026-06-10/bee-62,2026-06-10,62,aruco:456,aruco,456,assigned,1,1,aruco:456,decoder_confirmed,,aruco:456,assigned,aruco:456,confirmed,,in_domain,true
2026-06-10/bee-63,2026-06-10,63,aruco:459,aruco,459,assigned,2,1;2,aruco:459,decoder_no_confirmation,decoder_did_not_confirm_all_images,aruco:459,assigned,aruco:459,confirmed,,in_domain,true
2026-06-10/bee-64,2026-06-10,64,aruco:340,aruco,340,assigned,1,1,aruco:340,decoder_conflict,decoder_competition_or_disagreement,aruco:340,assigned,aruco:340,confirmed,,in_domain,true
2026-06-10/bee-65,2026-06-10,65,aruco:427,aruco,427,assigned,1,1,aruco:427,decoder_confirmed,,aruco:427,assigned,aruco:427,confirmed,,in_domain,true
2026-06-10/bee-66,2026-06-10,66,aruco:330,aruco,330,assigned,1,1,,decoder_found_id,decoder_competition_or_disagreement,,missing_tag,aruco:330,confirmed,,in_domain,true
2026-06-10/bee-67,2026-06-10,67,aruco:393,aruco,393,assigned,1,1,,decoder_found_id,decoder_competition_or_disagreement,,missing_tag,aruco:393,confirmed,,in_domain,true
2026-06-10/bee-68,2026-06-10,68,aruco:350,aruco,350,assigned,1,1,,decoder_found_id,decoder_competition_or_disagreement,,missing_tag,aruco:350,confirmed,,in_domain,true
2026-06-10/bee-69,2026-06-10,69,aruco:288,aruco,288,assigned,1,1,,decoder_found_id,decoder_competition_or_disagreement,,missing_tag,aruco:288,confirmed,,in_domain,true
2026-06-10/bee-70,2026-06-10,70,aruco:305,aruco,305,assigned,3,1;2;3,aruco:305,decoder_conflict;decoder_no_confirmation,decoder_competition_or_disagreement;decoder_did_not_confirm_all_images,aruco:305,assigned,aruco:305,confirmed,,in_domain,true
2026-06-10/bee-71,2026-06-10,71,aruco:451,aruco,451,assigned,2,1;2,aruco:451,decoder_conflict,decoder_competition_or_disagreement,aruco:451,assigned,aruco:451,confirmed,,in_domain,true
2026-06-10/bee-72,2026-06-10,72,aruco:327,aruco,327,assigned,1,1,aruco:327,decoder_conflict,decoder_competition_or_disagreement,aruco:327,assigned,aruco:327,confirmed,,in_domain,true
2026-06-10/bee-73,2026-06-10,73,aruco:396,aruco,396,assigned,1,1,aruco:396,decoder_conflict,decoder_competition_or_disagreement,aruco:396,assigned,aruco:396,confirmed,,in_domain,true
2026-06-10/bee-74,2026-06-10,74,aruco:321,aruco,321,assigned,1,1,,no_tag_decoded,decoder_did_not_confirm_all_images,,missing_tag,aruco:321,confirmed,,in_domain,true
2026-06-10/bee-75,2026-06-10,75,aruco:333,aruco,333,assigned,1,1,aruco:333,decoder_confirmed,,aruco:333,assigned,aruco:333,confirmed,,in_domain,true
2026-06-10/bee-76,2026-06-10,76,aruco:363,aruco,363,assigned,1,1,,decoder_found_id,decoder_competition_or_disagreement,,missing_tag,aruco:363,confirmed,,in_domain,true
2026-06-10/bee-77,2026-06-10,77,aruco:371,aruco,371,assigned,1,1,,decoder_found_id,decoder_competition_or_disagreement,,missing_tag,aruco:371,confirmed,,in_domain,true
2026-06-10/bee-78,2026-06-10,78,aruco:392,aruco,392,assigned,1,1,,decoder_found_id,decoder_competition_or_disagreement,,missing_tag,aruco:392,confirmed,,in_domain,true
2026-06-10/bee-79,2026-06-10,79,aruco:317,aruco,317,assigned,1,1,aruco:317,decoder_confirmed_with_competing_ids,decoder_competition_or_disagreement,aruco:317,assigned,aruco:317,confirmed,,in_domain,true
2026-06-10/bee-80,2026-06-10,80,aruco:424,aruco,424,assigned,1,1,,decoder_found_id,decoder_competition_or_disagreement,,missing_tag,aruco:424,confirmed,,in_domain,true
2026-06-10/bee-81,2026-06-10,81,aruco:314,aruco,314,assigned,2,1;2,aruco:314,decoder_conflict,decoder_competition_or_disagreement,aruco:314,assigned,aruco:314,confirmed,,in_domain,true
2026-06-10/bee-82,2026-06-10,82,aruco:408,aruco,408,assigned,1,1,,decoder_found_id,decoder_competition_or_disagreement,,missing_tag,aruco:408,confirmed,,in_domain,true
2026-06-10/bee-83,2026-06-10,83,aruco:278,aruco,278,assigned,1,1,aruco:278,decoder_conflict,decoder_competition_or_disagreement,aruco:278,assigned,aruco:278,confirmed,,in_domain,true
2026-06-10/bee-84,2026-06-10,84,aruco:455,aruco,455,assigned,1,1,aruco:455,decoder_no_confirmation,decoder_did_not_confirm_all_images,aruco:455,assigned,aruco:455,confirmed,,in_domain,true
2026-06-10/bee-85,2026-06-10,85,aruco:296,aruco,296,assigned,1,1,aruco:296,decoder_confirmed,,aruco:296,assigned,aruco:296,confirmed,,in_domain,true
2026-06-10/bee-86,2026-06-10,86,aruco:346,aruco,346,assigned,1,1,aruco:346,decoder_no_confirmation,decoder_did_not_confirm_all_images,aruco:346,assigned,aruco:346,confirmed,,in_domain,true
2026-06-10/bee-87,2026-06-10,87,aruco:271,aruco,271,assigned,2,1;2,aruco:271,decoder_confirmed;decoder_no_confirmation,decoder_did_not_confirm_all_images,aruco:271,assigned,aruco:271,confirmed,,in_domain,true
2026-06-10/bee-88,2026-06-10,88,aruco:426,aruco,426,assigned,2,1;2,,decoder_found_id;no_tag_decoded,decoder_competition_or_disagreement;decoder_did_not_confirm_all_images,,missing_tag,aruco:426,confirmed,,in_domain,true
2026-06-10/bee-89,2026-06-10,89,aruco:302,aruco,302,assigned,1,1,aruco:302,decoder_conflict,decoder_competition_or_disagreement,aruco:302,assigned,aruco:302,confirmed,,in_domain,true
2026-06-10/bee-90,2026-06-10,90,aruco:299,aruco,299,assigned,1,1,aruco:299,decoder_conflict,decoder_competition_or_disagreement,aruco:299,assigned,aruco:299,confirmed,,in_domain,true
2026-06-10/bee-91,2026-06-10,91,aruco:275,aruco,275,assigned,1,1,aruco:275,decoder_conflict,decoder_competition_or_disagreement,aruco:275,assigned,aruco:275,confirmed,,in_domain,true
2026-06-10/bee-92,2026-06-10,92,aruco:331,aruco,331,assigned,1,1,aruco:331,decoder_conflict,decoder_competition_or_disagreement,aruco:331,assigned,aruco:331,confirmed,,in_domain,true
2026-06-10/bee-93,2026-06-10,93,aruco:441,aruco,441,assigned,1,1,aruco:441,decoder_conflict,decoder_competition_or_disagreement,aruco:441,assigned,aruco:441,confirmed,,in_domain,true
2026-06-10/bee-94,2026-06-10,94,aruco:377,aruco,377,assigned,1,1,,decoder_found_id,decoder_competition_or_disagreement,,missing_tag,aruco:377,confirmed,,in_domain,true
2026-06-10/bee-95,2026-06-10,95,aruco:436,aruco,436,assigned,1,1,aruco:436,decoder_conflict,decoder_competition_or_disagreement,aruco:436,assigned,aruco:436,confirmed,,in_domain,true
2026-06-10/bee-96,2026-06-10,96,aruco:300,aruco,300,assigned,1,1,aruco:300,decoder_conflict,decoder_competition_or_disagreement,aruco:300,assigned,aruco:300,confirmed,,in_domain,true
2026-06-10/bee-97,2026-06-10,97,aruco:289,aruco,289,assigned,1,1,aruco:289,decoder_no_confirmation,decoder_did_not_confirm_all_images,aruco:289,assigned,aruco:289,confirmed,,in_domain,true
2026-06-10/bee-98,2026-06-10,98,aruco:310,aruco,310,assigned,2,1;2,aruco:310,decoder_conflict,decoder_competition_or_disagreement,aruco:310,assigned,aruco:310,confirmed,,in_domain,true
2026-06-10/bee-99,2026-06-10,99,aruco:272,aruco,272,assigned,1,1,,decoder_found_id,decoder_competition_or_disagreement,,missing_tag,aruco:272,confirmed,,in_domain,true
2026-06-10/bee-100,2026-06-10,100,aruco:386,aruco,386,assigned,1,1,,decoder_found_id,decoder_competition_or_disagreement,,missing_tag,aruco:386,confirmed,,in_domain,true
2026-06-10/bee-101,2026-06-10,101,aruco:374,aruco,374,assigned,1,1,aruco:374,decoder_no_confirmation,decoder_did_not_confirm_all_images,aruco:374,assigned,aruco:374,confirmed,,in_domain,true
2026-06-10/bee-102,2026-06-10,102,aruco:417,aruco,417,assigned,2,1;2,,decoder_found_id;no_tag_decoded,decoder_competition_or_disagreement;decoder_did_not_confirm_all_images,,missing_tag,aruco:417,confirmed,,in_domain,true
2026-06-10/bee-103,2026-06-10,103,aruco:417,aruco,417,assigned,1,1,aruco:417,decoder_conflict,decoder_competition_or_disagreement,aruco:417,assigned,aruco:417,confirmed,,in_domain,true
2026-06-10/bee-104,2026-06-10,104,aruco:297,aruco,297,assigned,1,1,aruco:297,decoder_conflict,decoder_competition_or_disagreement,aruco:297,assigned,aruco:297,confirmed,,in_domain,true
2026-06-10/bee-105,2026-06-10,105,aruco:434,aruco,434,assigned,3,1;2;3,,decoder_found_id;no_tag_decoded,decoder_competition_or_disagreement;decoder_did_not_confirm_all_images,,missing_tag,aruco:434,confirmed,,in_domain,true
2026-06-10/bee-106,2026-06-10,106,aruco:336,aruco,336,assigned,2,1;2,,decoder_found_id;no_tag_decoded,decoder_competition_or_disagreement;decoder_did_not_confirm_all_images,,missing_tag,aruco:336,confirmed,,in_domain,true
2026-06-10/bee-107,2026-06-10,107,aruco:292,aruco,292,assigned,1,1,,no_tag_decoded,decoder_did_not_confirm_all_images,,missing_tag,aruco:292,confirmed,,in_domain,true
2026-06-10/bee-108,2026-06-10,108,aruco:269,aruco,269,assigned,1,1,aruco:269,decoder_confirmed,,aruco:269,assigned,aruco:269,confirmed,,in_domain,true
2026-06-10/bee-109,2026-06-10,109,aruco:360,aruco,360,assigned,1,1,aruco:360,decoder_conflict,decoder_competition_or_disagreement,aruco:360,assigned,aruco:360,confirmed,,in_domain,true
2026-06-10/bee-110,2026-06-10,110,aruco:287,aruco,287,assigned,1,1,,decoder_found_id,decoder_competition_or_disagreement,,missing_tag,aruco:287,confirmed,,in_domain,true
2026-06-10/bee-111,2026-06-10,111,aruco:369,aruco,369,assigned,1,1,aruco:369,decoder_confirmed,,aruco:369,assigned,aruco:369,confirmed,,in_domain,true
2026-06-10/bee-112,2026-06-10,112,aruco:349,aruco,349,assigned,1,1,aruco:349,decoder_confirmed,,aruco:349,assigned,aruco:349,confirmed,,in_domain,true
2026-06-10/bee-113,2026-06-10,113,aruco:282,aruco,282,assigned,3,1;2;3,aruco:282,decoder_confirmed;decoder_no_confirmation,decoder_did_not_confirm_all_images,aruco:282,assigned,aruco:282,confirmed,,in_domain,true
2026-06-10/bee-114,2026-06-10,114,aruco:354,aruco,354,assigned,1,1,aruco:354,decoder_no_confirmation,decoder_did_not_confirm_all_images,aruco:354,assigned,aruco:354,confirmed,,in_domain,true
2026-06-10/bee-115,2026-06-10,115,aruco:445,aruco,445,assigned,1,1,aruco:445,decoder_conflict,decoder_competition_or_disagreement,aruco:445,assigned,aruco:445,confirmed,,in_domain,true
2026-06-10/bee-116,2026-06-10,116,aruco:308,aruco,308,assigned,1,1,,decoder_found_id,decoder_competition_or_disagreement,,missing_tag,aruco:308,confirmed,,in_domain,true
2026-06-10/bee-117,2026-06-10,117,aruco:379,aruco,379,assigned,2,1;2,aruco:379,decoder_conflict;decoder_no_confirmation,decoder_competition_or_disagreement;decoder_did_not_confirm_all_images,aruco:379,assigned,aruco:379,confirmed,,in_domain,true
2026-06-11/bee-1,2026-06-11,1,aruco:462,aruco,462,assigned,1,1,,decoder_found_id,decoder_competition_or_disagreement,,missing_tag,aruco:462,confirmed,,in_domain,true
2026-06-11/bee-2,2026-06-11,2,aruco:332,aruco,332,assigned,1,1,aruco:332,decoder_conflict,decoder_competition_or_disagreement,aruco:332,assigned,aruco:332,confirmed,,in_domain,true
2026-06-11/bee-3,2026-06-11,3,aruco:394,aruco,394,assigned,1,1,aruco:190,decoder_conflict,decoder_competition_or_disagreement;same_tag_used_by_multiple_bee_numbers_same_day,aruco:190,assigned,aruco:394,confirmed,,in_domain,true
2026-06-11/bee-4,2026-06-11,4,aruco:306,aruco,306,assigned,1,1,aruco:306,decoder_confirmed,,aruco:306,assigned,aruco:306,confirmed,,in_domain,true
2026-06-11/bee-5,2026-06-11,5,aruco:356,aruco,356,assigned,1,1,aruco:356,decoder_conflict,decoder_competition_or_disagreement,aruco:356,assigned,aruco:356,confirmed,,in_domain,true
2026-06-11/bee-6,2026-06-11,6,aruco:355,aruco,355,assigned,1,1,aruco:355,decoder_conflict,decoder_competition_or_disagreement,aruco:355,assigned,aruco:355,confirmed,,in_domain,true
2026-06-11/bee-7,2026-06-11,7,aruco:298,aruco,298,assigned,2,1;2,aruco:298,decoder_conflict;decoder_no_confirmation,decoder_competition_or_disagreement;decoder_did_not_confirm_all_images,aruco:298,assigned,aruco:298,confirmed,,in_domain,true
2026-06-11/bee-8,2026-06-11,8,aruco:406,aruco,406,assigned,1,1,aruco:406,decoder_confirmed,,aruco:406,assigned,aruco:406,confirmed,,in_domain,true
2026-06-11/bee-9,2026-06-11,9,aruco:348,aruco,348,assigned,1,1,aruco:987,decoder_conflict,decoder_competition_or_disagreement,aruco:987,assigned,aruco:348,confirmed,,in_domain,true
2026-06-11/bee-10,2026-06-11,10,aruco:419,aruco,419,assigned,1,1,aruco:419,decoder_conflict,decoder_competition_or_disagreement,aruco:419,assigned,aruco:419,confirmed,,in_domain,true
2026-06-11/bee-11,2026-06-11,11,aruco:352,aruco,352,assigned,1,1,aruco:352,decoder_conflict,decoder_competition_or_disagreement,aruco:352,assigned,aruco:352,confirmed,,in_domain,true
2026-06-11/bee-12,2026-06-11,12,aruco:384,aruco,384,assigned,1,1,aruco:384,decoder_conflict,decoder_competition_or_disagreement,aruco:384,assigned,aruco:384,confirmed,,in_domain,true
2026-06-11/bee-13,2026-06-11,13,aruco:339,aruco,339,assigned,2,1;2,aruco:339,decoder_conflict,decoder_competition_or_disagreement,aruco:339,assigned,aruco:339,confirmed,,in_domain,true
2026-06-11/bee-14,2026-06-11,14,aruco:411,aruco,411,assigned,1,1,aruco:190,decoder_conflict,decoder_competition_or_disagreement;same_tag_used_by_multiple_bee_numbers_same_day,aruco:190,assigned,aruco:411,confirmed,,in_domain,true
2026-06-11/bee-15,2026-06-11,15,aruco:431,aruco,431,assigned,2,1;2,aruco:431,decoder_confirmed;decoder_no_confirmation,decoder_did_not_confirm_all_images,aruco:431,assigned,aruco:431,confirmed,,in_domain,true
2026-06-11/bee-16,2026-06-11,16,aruco:466,aruco,466,assigned,1,1,aruco:466,decoder_conflict,decoder_competition_or_disagreement,aruco:466,assigned,aruco:466,confirmed,,in_domain,true
2026-06-11/bee-17,2026-06-11,17,aruco:334,aruco,334,assigned,1,1,aruco:334,decoder_conflict,decoder_competition_or_disagreement,aruco:334,assigned,aruco:334,confirmed,,in_domain,true
2026-06-11/bee-18,2026-06-11,18,aruco:273,aruco,273,assigned,1,1,aruco:653,decoder_conflict,decoder_competition_or_disagreement;same_tag_used_by_multiple_bee_numbers_same_day,aruco:653,assigned,aruco:273,confirmed,,in_domain,true
2026-06-11/bee-19,2026-06-11,19,,,,missing_tag,2,1;2,,decoder_found_id;no_tag_decoded,decoder_competition_or_disagreement;decoder_did_not_confirm_all_images,,missing_tag,,dorsal,,in_domain,true
2026-06-11/bee-20,2026-06-11,20,aruco:705,aruco,705,assigned,2,1;2,aruco:460,decoder_conflict,decoder_competition_or_disagreement,aruco:460,assigned,aruco:705,confirmed,,in_domain,true
2026-06-11/bee-21,2026-06-11,21,aruco:425,aruco,425,assigned,1,1,aruco:425,decoder_conflict,decoder_competition_or_disagreement,aruco:425,assigned,aruco:425,confirmed,,in_domain,true
2026-06-11/bee-22,2026-06-11,22,aruco:347,aruco,347,assigned,1,1,aruco:347,decoder_conflict,decoder_competition_or_disagreement,aruco:347,assigned,aruco:347,confirmed,,in_domain,true
2026-06-11/bee-23,2026-06-11,23,aruco:322,aruco,322,assigned,2,1;2,aruco:322,decoder_confirmed_with_competing_ids;decoder_no_confirmation,decoder_competition_or_disagreement;decoder_did_not_confirm_all_images,aruco:322,assigned,aruco:322,confirmed,,in_domain,true
2026-06-11/bee-24,2026-06-11,24,aruco:450,aruco,450,assigned,2,1;2,aruco:450,decoder_confirmed,,aruco:450,assigned,aruco:450,confirmed,,in_domain,true
2026-06-11/bee-25,2026-06-11,25,aruco:304,aruco,304,assigned,1,1,aruco:304,decoder_conflict,decoder_competition_or_disagreement,aruco:304,assigned,aruco:304,confirmed,,in_domain,true
2026-06-11/bee-26,2026-06-11,26,aruco:248,aruco,248,assigned,1,1,aruco:248,decoder_conflict,decoder_competition_or_disagreement,aruco:248,assigned,aruco:248,confirmed,,in_domain,true
2026-06-11/bee-27,2026-06-11,27,aruco:222,aruco,222,assigned,1,1,aruco:222,decoder_conflict,decoder_competition_or_disagreement,aruco:222,assigned,aruco:222,confirmed,,in_domain,true
2026-06-11/bee-28,2026-06-11,28,,,,missing_tag,3,1;2;3,,decoder_found_id;no_tag_decoded,decoder_competition_or_disagreement;decoder_did_not_confirm_all_images,,missing_tag,,,possibly 110?,in_domain,true
2026-06-11/bee-29,2026-06-11,29,aruco:404,aruco,404,assigned,3,1;2;3,aruco:404,decoder_conflict,decoder_competition_or_disagreement,aruco:404,assigned,aruco:404,confirmed,,in_domain,true
2026-06-11/bee-30,2026-06-11,30,aruco:361,aruco,361,assigned,1,1,aruco:361,decoder_conflict,decoder_competition_or_disagreement,aruco:361,assigned,aruco:361,confirmed,,in_domain,true
2026-06-11/bee-31,2026-06-11,31,aruco:416,aruco,416,assigned,2,1;2,aruco:416,decoder_conflict,decoder_competition_or_disagreement,aruco:416,assigned,aruco:416,confirmed,,in_domain,true
2026-06-11/bee-32,2026-06-11,32,aruco:372,aruco,372,assigned,2,1;2,aruco:372,decoder_confirmed_with_competing_ids;decoder_conflict,decoder_competition_or_disagreement,aruco:372,assigned,aruco:372,confirmed,,in_domain,true
2026-06-11/bee-33,2026-06-11,33,aruco:337,aruco,337,assigned,1,1,aruco:337,decoder_conflict,decoder_competition_or_disagreement,aruco:337,assigned,aruco:337,confirmed,,in_domain,true
2026-06-11/bee-34,2026-06-11,34,aruco:370,aruco,370,assigned,1,1,aruco:370,decoder_no_confirmation,decoder_did_not_confirm_all_images,aruco:370,assigned,aruco:370,confirmed,,in_domain,true
2026-06-11/bee-35,2026-06-11,35,aruco:277,aruco,277,assigned,2,1;2,aruco:277,decoder_conflict;decoder_no_confirmation,decoder_competition_or_disagreement;decoder_did_not_confirm_all_images,aruco:277,assigned,aruco:277,confirmed,,in_domain,true
2026-06-11/bee-36,2026-06-11,36,aruco:397,aruco,397,assigned,1,1,aruco:397,decoder_conflict,decoder_competition_or_disagreement,aruco:397,assigned,aruco:397,confirmed,,in_domain,true
2026-06-11/bee-37,2026-06-11,37,aruco:461,aruco,461,assigned,2,1;2,aruco:461,decoder_conflict;decoder_no_confirmation,decoder_competition_or_disagreement;decoder_did_not_confirm_all_images,aruco:461,assigned,aruco:461,confirmed,,in_domain,true
2026-06-11/bee-38,2026-06-11,38,aruco:284,aruco,284,assigned,2,1;2,aruco:284,decoder_confirmed;decoder_conflict,decoder_competition_or_disagreement,aruco:284,assigned,aruco:284,confirmed,,in_domain,true
2026-06-11/bee-39,2026-06-11,39,aruco:454,aruco,454,assigned,2,1;2,aruco:454,decoder_conflict;decoder_no_confirmation,decoder_competition_or_disagreement;decoder_did_not_confirm_all_images,aruco:454,assigned,aruco:454,confirmed,,in_domain,true
2026-06-11/bee-40,2026-06-11,40,aruco:457,aruco,457,assigned,1,1,aruco:457,decoder_confirmed_with_competing_ids,decoder_competition_or_disagreement,aruco:457,assigned,aruco:457,confirmed,,in_domain,true
2026-06-11/bee-41,2026-06-11,41,aruco:387,aruco,387,assigned,2,1;2,aruco:437,decoder_conflict;decoder_no_confirmation,decoder_competition_or_disagreement;decoder_did_not_confirm_all_images;same_tag_used_by_multiple_bee_numbers_same_day,aruco:437,assigned,aruco:387,confirmed,,in_domain,true
2026-06-11/bee-42,2026-06-11,42,aruco:291,aruco,291,assigned,1,1,aruco:291,decoder_conflict,decoder_competition_or_disagreement,aruco:291,assigned,aruco:291,confirmed,,in_domain,true
2026-06-11/bee-43,2026-06-11,43,aruco:449,aruco,449,assigned,1,1,aruco:449,decoder_conflict,decoder_competition_or_disagreement,aruco:449,assigned,aruco:449,confirmed,,in_domain,true
2026-06-11/bee-44,2026-06-11,44,aruco:362,aruco,362,assigned,2,1;2,aruco:362,decoder_conflict;decoder_no_confirmation,decoder_competition_or_disagreement;decoder_did_not_confirm_all_images,aruco:362,assigned,aruco:362,confirmed,,in_domain,true
2026-06-11/bee-45,2026-06-11,45,aruco:279,aruco,279,assigned,1,1,aruco:279,decoder_conflict,decoder_competition_or_disagreement,aruco:279,assigned,aruco:279,confirmed,,in_domain,true
2026-06-11/bee-46,2026-06-11,46,aruco:403,aruco,403,assigned,1,1,aruco:403,decoder_confirmed,,aruco:403,assigned,aruco:403,confirmed,,in_domain,true
2026-06-11/bee-47,2026-06-11,47,aruco:378,aruco,378,assigned,1,1,aruco:378,decoder_conflict,decoder_competition_or_disagreement,aruco:378,assigned,aruco:378,confirmed,,in_domain,true
2026-06-11/bee-48,2026-06-11,48,aruco:294,aruco,294,assigned,1,1,aruco:294,decoder_confirmed_with_competing_ids,decoder_competition_or_disagreement,aruco:294,assigned,aruco:294,confirmed,,in_domain,true
2026-06-11/bee-49,2026-06-11,49,,,,missing_tag,2,1;2,,decoder_found_id;no_tag_decoded,decoder_competition_or_disagreement;decoder_did_not_confirm_all_images,,missing_tag,,unreadable,actually unreadable,in_domain,true
2026-06-11/bee-50,2026-06-11,50,aruco:301,aruco,301,assigned,1,1,aruco:301,decoder_conflict,decoder_competition_or_disagreement,aruco:301,assigned,aruco:301,confirmed,,in_domain,true
2026-06-11/bee-51,2026-06-11,51,aruco:326,aruco,326,assigned,3,1;2;3,,decoder_found_id;no_tag_decoded,decoder_competition_or_disagreement;decoder_did_not_confirm_all_images,,missing_tag,aruco:326,confirmed,,in_domain,true
2026-06-11/bee-52,2026-06-11,52,aruco:414,aruco,414,assigned,2,1;2,,no_tag_decoded,decoder_did_not_confirm_all_images,,missing_tag,aruco:414,confirmed,,in_domain,true
2026-06-11/bee-53,2026-06-11,53,aruco:421,aruco,421,assigned,2,1;2,aruco:421,decoder_conflict,decoder_competition_or_disagreement,aruco:421,assigned,aruco:421,confirmed,,in_domain,true
2026-06-11/bee-54,2026-06-11,54,aruco:319,aruco,319,assigned,1,1,aruco:17,decoder_no_confirmation,decoder_did_not_confirm_all_images;same_tag_used_by_multiple_bee_numbers_same_day,aruco:17,assigned,aruco:319,confirmed,,in_domain,true
2026-06-11/bee-55,2026-06-11,55,aruco:338,aruco,338,assigned,2,1;2,,decoder_found_id,decoder_competition_or_disagreement,,missing_tag,aruco:338,confirmed,,in_domain,true
2026-06-11/bee-56,2026-06-11,56,aruco:381,aruco,381,assigned,2,1;2,aruco:381,decoder_conflict;decoder_no_confirmation,decoder_competition_or_disagreement;decoder_did_not_confirm_all_images,aruco:381,assigned,aruco:381,confirmed,,in_domain,true
2026-06-11/bee-57,2026-06-11,57,aruco:293,aruco,293,assigned,2,1;2,aruco:293,decoder_confirmed;decoder_conflict,decoder_competition_or_disagreement,aruco:293,assigned,aruco:293,confirmed,,in_domain,true
2026-06-11/bee-58,2026-06-11,58,aruco:309,aruco,309,assigned,1,1,aruco:309,decoder_confirmed,,aruco:309,assigned,aruco:309,confirmed,,in_domain,true
2026-06-11/bee-59,2026-06-11,59,aruco:320,aruco,320,assigned,1,1,aruco:320,decoder_conflict,decoder_competition_or_disagreement,aruco:320,assigned,aruco:320,confirmed,,in_domain,true
2026-06-11/bee-60,2026-06-11,60,aruco:410,aruco,410,assigned,1,1,aruco:410,decoder_confirmed_with_competing_ids,decoder_competition_or_disagreement,aruco:410,assigned,aruco:410,confirmed,,in_domain,true
2026-06-11/bee-61,2026-06-11,61,aruco:342,aruco,342,assigned,1,1,aruco:342,decoder_conflict,decoder_competition_or_disagreement,aruco:342,assigned,aruco:342,confirmed,,in_domain,true
2026-06-11/bee-62,2026-06-11,62,aruco:295,aruco,295,assigned,1,1,aruco:295,decoder_conflict,decoder_competition_or_disagreement,aruco:295,assigned,aruco:295,confirmed,,in_domain,true
2026-06-11/bee-63,2026-06-11,63,aruco:359,aruco,359,assigned,1,1,aruco:359,decoder_conflict,decoder_competition_or_disagreement,aruco:359,assigned,aruco:359,confirmed,,in_domain,true
2026-06-11/bee-64,2026-06-11,64,aruco:388,aruco,388,assigned,1,1,aruco:388,decoder_conflict,decoder_competition_or_disagreement,aruco:388,assigned,aruco:388,confirmed,,in_domain,true
2026-06-11/bee-65,2026-06-11,65,aruco:446,aruco,446,assigned,2,1;2,aruco:446,decoder_confirmed_with_competing_ids;decoder_no_confirmation,decoder_competition_or_disagreement;decoder_did_not_confirm_all_images,aruco:446,assigned,aruco:446,confirmed,,in_domain,true
2026-06-11/bee-66,2026-06-11,66,aruco:402,aruco,402,assigned,2,1;2,aruco:17,decoder_conflict,decoder_competition_or_disagreement;same_tag_used_by_multiple_bee_numbers_same_day,aruco:17,assigned,aruco:402,confirmed,,in_domain,true
2026-06-11/bee-67,2026-06-11,67,aruco:290,aruco,290,assigned,1,1,aruco:290,decoder_confirmed_with_competing_ids,decoder_competition_or_disagreement,aruco:290,assigned,aruco:290,confirmed,,in_domain,true
2026-06-11/bee-68,2026-06-11,68,,,,missing_tag,1,1,,decoder_found_id,decoder_competition_or_disagreement,,missing_tag,,dorsal,,in_domain,true
2026-06-11/bee-69,2026-06-11,69,aruco:407,aruco,407,assigned,1,1,aruco:407,decoder_no_confirmation,decoder_did_not_confirm_all_images,aruco:407,assigned,aruco:407,confirmed,,in_domain,true
2026-06-11/bee-70,2026-06-11,70,aruco:345,aruco,345,assigned,2,1;2,aruco:345,decoder_conflict;decoder_no_confirmation,decoder_competition_or_disagreement;decoder_did_not_confirm_all_images,aruco:345,assigned,aruco:345,confirmed,,in_domain,true
2026-06-11/bee-71,2026-06-11,71,aruco:316,aruco,316,assigned,2,1;2,aruco:316,decoder_conflict;decoder_no_confirmation,decoder_competition_or_disagreement;decoder_did_not_confirm_all_images,aruco:316,assigned,aruco:316,confirmed,,in_domain,true
2026-06-11/bee-72,2026-06-11,72,aruco:307,aruco,307,assigned,2,1;2,aruco:307,decoder_conflict;decoder_no_confirmation,decoder_competition_or_disagreement;decoder_did_not_confirm_all_images,aruco:307,assigned,aruco:307,confirmed,,in_domain,true
2026-06-11/bee-73,2026-06-11,73,aruco:467,aruco,467,assigned,1,1,aruco:467,decoder_conflict,decoder_competition_or_disagreement,aruco:467,assigned,aruco:467,confirmed,,in_domain,true
2026-06-11/bee-74,2026-06-11,74,aruco:329,aruco,329,assigned,2,1;2,,decoder_found_id;no_tag_decoded,decoder_competition_or_disagreement;decoder_did_not_confirm_all_images,,missing_tag,aruco:329,confirmed,,in_domain,true
2026-06-11/bee-75,2026-06-11,75,aruco:366,aruco,366,assigned,1,1,aruco:366,decoder_conflict,decoder_competition_or_disagreement,aruco:366,assigned,aruco:366,confirmed,,in_domain,true
2026-06-11/bee-76,2026-06-11,76,aruco:311,aruco,311,assigned,1,1,aruco:311,decoder_no_confirmation,decoder_did_not_confirm_all_images,aruco:311,assigned,aruco:311,confirmed,,in_domain,true
2026-06-11/bee-77,2026-06-11,77,aruco:415,aruco,415,assigned,1,1,,no_tag_decoded,decoder_did_not_confirm_all_images,,missing_tag,aruco:415,confirmed,,in_domain,true
2026-06-11/bee-78,2026-06-11,78,aruco:409,aruco,409,assigned,1,1,aruco:409,decoder_conflict,decoder_competition_or_disagreement;same_tag_used_by_multiple_bee_numbers_same_day,aruco:409,assigned,aruco:409,confirmed,,in_domain,true
2026-06-11/bee-79,2026-06-11,79,aruco:409,aruco,409,assigned,2,1;2,aruco:409,decoder_conflict;decoder_no_confirmation,decoder_competition_or_disagreement;decoder_did_not_confirm_all_images;same_tag_used_by_multiple_bee_numbers_same_day,aruco:409,assigned,aruco:409,confirmed,,in_domain,true
2026-06-11/bee-80,2026-06-11,80,aruco:422,aruco,422,assigned,1,1,aruco:422,decoder_conflict,decoder_competition_or_disagreement,aruco:422,assigned,aruco:422,confirmed,,in_domain,true
2026-06-11/bee-81,2026-06-11,81,aruco:412,aruco,412,assigned,1,1,aruco:412,decoder_confirmed_with_competing_ids,decoder_competition_or_disagreement,aruco:412,assigned,aruco:412,confirmed,,in_domain,true
2026-06-11/bee-82,2026-06-11,82,aruco:430,aruco,430,assigned,2,1;2,aruco:255,decoder_conflict,decoder_competition_or_disagreement,aruco:255,assigned,aruco:430,confirmed,,in_domain,true
2026-06-11/bee-83,2026-06-11,83,aruco:433,aruco,433,assigned,1,1,,decoder_found_id,decoder_competition_or_disagreement,,missing_tag,aruco:433,confirmed,,in_domain,true
2026-06-11/bee-84,2026-06-11,84,aruco:343,aruco,343,assigned,2,1;2,aruco:190,decoder_conflict,decoder_competition_or_disagreement;same_tag_used_by_multiple_bee_numbers_same_day,aruco:190,assigned,aruco:343,confirmed,,in_domain,true
2026-06-11/bee-85,2026-06-11,85,aruco:285,aruco,285,assigned,1,1,aruco:285,decoder_conflict,decoder_competition_or_disagreement,aruco:285,assigned,aruco:285,confirmed,,in_domain,true
2026-06-11/bee-86,2026-06-11,86,aruco:439,aruco,439,assigned,3,1;2;3,aruco:439,decoder_confirmed;decoder_conflict;decoder_no_confirmation,decoder_competition_or_disagreement;decoder_did_not_confirm_all_images,aruco:439,assigned,aruco:439,confirmed,,in_domain,true
2026-06-11/bee-87,2026-06-11,87,aruco:376,aruco,376,assigned,1,1,aruco:376,decoder_no_confirmation,decoder_did_not_confirm_all_images,aruco:376,assigned,aruco:376,confirmed,,in_domain,true
2026-06-11/bee-88,2026-06-11,88,aruco:444,aruco,444,assigned,1,1,aruco:444,decoder_conflict,decoder_competition_or_disagreement,aruco:444,assigned,aruco:444,confirmed,,in_domain,true
2026-06-11/bee-89,2026-06-11,89,aruco:258,aruco,258,assigned,2,1;2,aruco:258,decoder_conflict,decoder_competition_or_disagreement,aruco:258,assigned,aruco:258,confirmed,,in_domain,true
2026-06-11/bee-90,2026-06-11,90,aruco:324,aruco,324,assigned,1,1,aruco:324,decoder_conflict,decoder_competition_or_disagreement,aruco:324,assigned,aruco:324,confirmed,,in_domain,true
2026-06-11/bee-91,2026-06-11,91,aruco:391,aruco,391,assigned,2,1;2,aruco:391,decoder_conflict,decoder_competition_or_disagreement,aruco:391,assigned,aruco:391,confirmed,,in_domain,true
2026-06-11/bee-92,2026-06-11,92,aruco:364,aruco,364,assigned,1,1,aruco:364,decoder_conflict,decoder_competition_or_disagreement,aruco:364,assigned,aruco:364,confirmed,,in_domain,true
2026-06-11/bee-93,2026-06-11,93,aruco:358,aruco,358,assigned,1,1,aruco:358,decoder_confirmed,,aruco:358,assigned,aruco:358,confirmed,,in_domain,true
2026-06-11/bee-94,2026-06-11,94,aruco:390,aruco,390,assigned,1,1,aruco:653,decoder_conflict,decoder_competition_or_disagreement;same_tag_used_by_multiple_bee_numbers_same_day,aruco:653,assigned,aruco:390,confirmed,,in_domain,true
2026-06-11/bee-95,2026-06-11,95,aruco:437,aruco,437,assigned,2,1;2,aruco:437,decoder_confirmed_with_competing_ids;decoder_no_confirmation,decoder_competition_or_disagreement;decoder_did_not_confirm_all_images;same_tag_used_by_multiple_bee_numbers_same_day,aruco:437,assigned,aruco:437,confirmed,,in_domain,true
2026-06-11/bee-96,2026-06-11,96,aruco:399,aruco,399,assigned,2,1;2,aruco:399,decoder_confirmed_with_competing_ids;decoder_no_confirmation,decoder_competition_or_disagreement;decoder_did_not_confirm_all_images,aruco:399,assigned,aruco:399,confirmed,,in_domain,true
2026-06-11/bee-97,2026-06-11,97,aruco:351,aruco,351,assigned,2,1;2,aruco:351,decoder_confirmed_with_competing_ids;decoder_conflict,decoder_competition_or_disagreement,aruco:351,assigned,aruco:351,confirmed,,in_domain,true
2026-06-11/bee-98,2026-06-11,98,aruco:432,aruco,432,assigned,1,1,,no_tag_decoded,decoder_did_not_confirm_all_images,,missing_tag,aruco:432,confirmed,,in_domain,true
2026-06-11/bee-99,2026-06-11,99,aruco:438,aruco,438,assigned,2,1;2,,decoder_found_id;no_tag_decoded,decoder_competition_or_disagreement;decoder_did_not_confirm_all_images,,missing_tag,aruco:438,confirmed,,in_domain,true
2026-06-11/bee-100,2026-06-11,100,aruco:443,aruco,443,assigned,2,1;2,aruco:443,decoder_confirmed;decoder_no_confirmation,decoder_did_not_confirm_all_images,aruco:443,assigned,aruco:443,confirmed,,in_domain,true
2026-06-11/bee-101,2026-06-11,101,aruco:315,aruco,315,assigned,1,1,aruco:315,decoder_conflict,decoder_competition_or_disagreement,aruco:315,assigned,aruco:315,confirmed,,in_domain,true
2026-06-11/bee-102,2026-06-11,102,aruco:323,aruco,323,assigned,2,1;2,aruco:323,decoder_conflict,decoder_competition_or_disagreement,aruco:323,assigned,aruco:323,confirmed,,in_domain,true
2026-06-11/bee-103,2026-06-11,103,aruco:423,aruco,423,assigned,2,1;2,aruco:423,decoder_conflict,decoder_competition_or_disagreement,aruco:423,assigned,aruco:423,confirmed,,in_domain,true
2026-06-11/bee-104,2026-06-11,104,aruco:357,aruco,357,assigned,1,1,aruco:357,decoder_conflict,decoder_competition_or_disagreement,aruco:357,assigned,aruco:357,confirmed,,in_domain,true
2026-06-11/bee-105,2026-06-11,105,aruco:380,aruco,380,assigned,2,1;2,aruco:380,decoder_conflict;decoder_no_confirmation,decoder_competition_or_disagreement;decoder_did_not_confirm_all_images,aruco:380,assigned,aruco:380,confirmed,,in_domain,true
2026-06-11/bee-106,2026-06-11,106,aruco:268,aruco,268,assigned,2,1;2,aruco:268,decoder_conflict,decoder_competition_or_disagreement,aruco:268,assigned,aruco:268,confirmed,,in_domain,true
2026-06-11/bee-107,2026-06-11,107,aruco:276,aruco,276,assigned,2,1;2,aruco:276,decoder_conflict;decoder_no_confirmation,decoder_competition_or_disagreement;decoder_did_not_confirm_all_images,aruco:276,assigned,aruco:276,confirmed,,in_domain,true
2026-06-11/bee-108,2026-06-11,108,aruco:385,aruco,385,assigned,1,1,aruco:385,decoder_conflict,decoder_competition_or_disagreement,aruco:385,assigned,aruco:385,confirmed,,in_domain,true
2026-06-11/bee-109,2026-06-11,109,aruco:328,aruco,328,assigned,1,1,aruco:328,decoder_conflict,decoder_competition_or_disagreement,aruco:328,assigned,aruco:328,confirmed,,in_domain,true
2026-06-11/bee-110,2026-06-11,110,aruco:429,aruco,429,assigned,1,1,aruco:429,decoder_confirmed,,aruco:429,assigned,aruco:429,confirmed,,in_domain,true
2026-06-11/bee-111,2026-06-11,111,aruco:375,aruco,375,assigned,3,1;2;3,aruco:375,decoder_conflict;decoder_no_confirmation,decoder_competition_or_disagreement;decoder_did_not_confirm_all_images,aruco:375,assigned,aruco:375,confirmed,,in_domain,true
2026-06-11/bee-112,2026-06-11,112,aruco:325,aruco,325,assigned,1,1,aruco:325,decoder_conflict,decoder_competition_or_disagreement,aruco:325,assigned,aruco:325,confirmed,,in_domain,true
2026-06-11/bee-113,2026-06-11,113,aruco:274,aruco,274,assigned,2,1;2,aruco:274,decoder_conflict;decoder_no_confirmation,decoder_competition_or_disagreement;decoder_did_not_confirm_all_images,aruco:274,assigned,aruco:274,confirmed,,in_domain,true
2026-06-11/bee-114,2026-06-11,114,aruco:395,aruco,395,assigned,2,1;2,aruco:395,decoder_conflict,decoder_competition_or_disagreement,aruco:395,assigned,aruco:395,confirmed,,in_domain,true
2026-06-11/bee-115,2026-06-11,115,aruco:440,aruco,440,assigned,1,1,aruco:440,decoder_conflict,decoder_competition_or_disagreement,aruco:440,assigned,aruco:440,confirmed,,in_domain,true
2026-06-11/bee-116,2026-06-11,116,aruco:456,aruco,456,assigned,2,1;2,aruco:456,decoder_confirmed;decoder_confirmed_with_competing_ids,decoder_competition_or_disagreement,aruco:456,assigned,aruco:456,confirmed,,in_domain,true
2026-06-11/bee-117,2026-06-11,117,aruco:281,aruco,281,assigned,2,1;2,aruco:281,decoder_no_confirmation,decoder_did_not_confirm_all_images,aruco:281,assigned,aruco:281,confirmed,,in_domain,true
2026-06-11/bee-118,2026-06-11,118,aruco:472,aruco,472,assigned,1,1,aruco:472,decoder_conflict,decoder_competition_or_disagreement,aruco:472,assigned,aruco:472,confirmed,,in_domain,true
2026-06-11/bee-119,2026-06-11,119,aruco:474,aruco,474,assigned,2,1;2,aruco:474,decoder_conflict;decoder_no_confirmation,decoder_competition_or_disagreement;decoder_did_not_confirm_all_images,aruco:474,assigned,aruco:474,confirmed,,in_domain,true
2026-06-11/bee-120,2026-06-11,120,aruco:476,aruco,476,assigned,2,1;2,aruco:476,decoder_confirmed,,aruco:476,assigned,aruco:476,confirmed,,in_domain,true
2026-06-11/bee-121,2026-06-11,121,aruco:473,aruco,473,assigned,1,1,aruco:473,decoder_conflict,decoder_competition_or_disagreement,aruco:473,assigned,aruco:473,confirmed,,in_domain,true
2026-06-11/bee-122,2026-06-11,122,aruco:477,aruco,477,assigned,1,1,aruco:477,decoder_confirmed,,aruco:477,assigned,aruco:477,confirmed,,in_domain,true
2026-06-11/bee-123,2026-06-11,123,aruco:469,aruco,469,assigned,2,1;2,aruco:469,decoder_conflict;decoder_no_confirmation,decoder_competition_or_disagreement;decoder_did_not_confirm_all_images;same_tag_used_by_multiple_bee_numbers_same_day,aruco:469,assigned,aruco:469,confirmed,,in_domain,true
2026-06-11/bee-124,2026-06-11,124,aruco:480,aruco,480,assigned,1,1,aruco:469,decoder_conflict,decoder_competition_or_disagreement;same_tag_used_by_multiple_bee_numbers_same_day,aruco:469,assigned,aruco:480,confirmed,,in_domain,true
2026-06-11/bee-125,2026-06-11,125,aruco:470,aruco,470,assigned,1,1,aruco:470,decoder_conflict,decoder_competition_or_disagreement,aruco:470,assigned,aruco:470,confirmed,,in_domain,true
2026-06-11/bee-126,2026-06-11,126,aruco:321,aruco,321,assigned,2,1;2,aruco:321,decoder_confirmed;decoder_no_confirmation,decoder_did_not_confirm_all_images,aruco:321,assigned,aruco:321,confirmed,,in_domain,true
2026-06-11/bee-127,2026-06-11,127,aruco:478,aruco,478,assigned,1,1,aruco:478,decoder_conflict,decoder_competition_or_disagreement,aruco:478,assigned,aruco:478,confirmed,,in_domain,true
2026-06-16/bee-1,2026-06-16,1,aruco:471,aruco,471,assigned,1,1,aruco:471,decoder_conflict,decoder_competition_or_disagreement,aruco:471,assigned,aruco:471,confirmed,,in_domain,true
2026-06-16/bee-2,2026-06-16,2,aruco:475,aruco,475,assigned,2,1;2,aruco:475,decoder_no_confirmation,decoder_did_not_confirm_all_images,aruco:475,assigned,aruco:475,confirmed,,in_domain,true
2026-06-16/bee-3,2026-06-16,3,aruco:479,aruco,479,assigned,1,1,aruco:479,decoder_conflict,decoder_competition_or_disagreement,aruco:479,assigned,aruco:479,confirmed,,in_domain,true
2026-06-16/bee-4,2026-06-16,4,aruco:476,aruco,476,assigned,1,1,aruco:476,decoder_conflict,decoder_competition_or_disagreement,aruco:476,assigned,aruco:476,confirmed,,in_domain,true
2026-06-16/bee-5,2026-06-16,5,aruco:627,aruco,627,assigned,1,1,aruco:627,decoder_conflict,decoder_competition_or_disagreement,aruco:627,assigned,aruco:627,confirmed,,in_domain,true
2026-06-16/bee-6,2026-06-16,6,aruco:385,aruco,385,assigned,1,1,aruco:385,decoder_conflict,decoder_competition_or_disagreement,aruco:385,assigned,aruco:385,confirmed,,in_domain,true
2026-06-16/bee-7,2026-06-16,7,aruco:417,aruco,417,assigned,2,1;2,,decoder_found_id;no_tag_decoded,decoder_competition_or_disagreement;decoder_did_not_confirm_all_images,,missing_tag,aruco:417,confirmed,,in_domain,true
2026-06-16/bee-8,2026-06-16,8,,,,missing_tag,1,1,,decoder_found_id,decoder_competition_or_disagreement,,missing_tag,,dorsal,dorsal view,in_domain,true
2026-06-16/bee-9,2026-06-16,9,aruco:709,aruco,709,assigned,1,1,aruco:709,decoder_confirmed_with_competing_ids,decoder_competition_or_disagreement,aruco:709,assigned,aruco:709,confirmed,,in_domain,true
2026-06-16/bee-10,2026-06-16,10,aruco:536,aruco,536,assigned,2,1;2,aruco:536,decoder_conflict;decoder_no_confirmation,decoder_competition_or_disagreement;decoder_did_not_confirm_all_images,aruco:536,assigned,aruco:536,confirmed,,in_domain,true
2026-06-16/bee-11,2026-06-16,11,aruco:670,aruco,670,assigned,1,1,aruco:670,decoder_conflict,decoder_competition_or_disagreement,aruco:670,assigned,aruco:670,confirmed,,in_domain,true
2026-06-16/bee-12,2026-06-16,12,aruco:554,aruco,554,assigned,2,1;2,aruco:554,decoder_conflict;decoder_no_confirmation,decoder_competition_or_disagreement;decoder_did_not_confirm_all_images,aruco:554,assigned,aruco:554,confirmed,,in_domain,true
2026-06-16/bee-13,2026-06-16,13,aruco:520,aruco,520,assigned,1,1,aruco:520,decoder_conflict,decoder_competition_or_disagreement,aruco:520,assigned,aruco:520,confirmed,,in_domain,true
2026-06-16/bee-14,2026-06-16,14,aruco:328,aruco,328,assigned,2,1;2,aruco:328,decoder_conflict,decoder_competition_or_disagreement,aruco:328,assigned,aruco:328,confirmed,,in_domain,true
2026-06-16/bee-15,2026-06-16,15,aruco:481,aruco,481,assigned,1,1,aruco:481,decoder_conflict,decoder_competition_or_disagreement,aruco:481,assigned,aruco:481,confirmed,,in_domain,true
2026-06-16/bee-16,2026-06-16,16,aruco:718,aruco,718,assigned,1,1,aruco:718,decoder_conflict,decoder_competition_or_disagreement,aruco:718,assigned,aruco:718,confirmed,,in_domain,true
2026-06-16/bee-17,2026-06-16,17,aruco:617,aruco,617,assigned,2,1;2,aruco:617,decoder_conflict,decoder_competition_or_disagreement,aruco:617,assigned,aruco:617,confirmed,,in_domain,true
2026-06-16/bee-18,2026-06-16,18,aruco:605,aruco,605,assigned,2,1;2,aruco:605,decoder_confirmed_with_competing_ids;decoder_no_confirmation,decoder_competition_or_disagreement;decoder_did_not_confirm_all_images,aruco:605,assigned,aruco:605,confirmed,,in_domain,true
2026-06-16/bee-19,2026-06-16,19,aruco:233,aruco,233,assigned,1,1,aruco:233,decoder_conflict,decoder_competition_or_disagreement,aruco:233,assigned,aruco:233,confirmed,,in_domain,true
2026-06-16/bee-20,2026-06-16,20,aruco:608,aruco,608,assigned,2,1;2,aruco:608,decoder_confirmed;decoder_conflict,decoder_competition_or_disagreement,aruco:608,assigned,aruco:608,confirmed,,in_domain,true
2026-06-16/bee-21,2026-06-16,21,aruco:491,aruco,491,assigned,1,1,aruco:491,decoder_conflict,decoder_competition_or_disagreement,aruco:491,assigned,aruco:491,confirmed,,in_domain,true
2026-06-16/bee-22,2026-06-16,22,aruco:205,aruco,205,assigned,2,1;2,aruco:17,decoder_confirmed,same_tag_used_by_multiple_bee_numbers_same_day,aruco:17,assigned,aruco:205,confirmed,,in_domain,true
2026-06-16/bee-23,2026-06-16,23,aruco:663,aruco,663,assigned,2,1;2,aruco:663,decoder_conflict,decoder_competition_or_disagreement,aruco:663,assigned,aruco:663,confirmed,,in_domain,true
2026-06-16/bee-24,2026-06-16,24,aruco:613,aruco,613,assigned,2,1;2,aruco:613,decoder_conflict;decoder_no_confirmation,decoder_competition_or_disagreement;decoder_did_not_confirm_all_images,aruco:613,assigned,aruco:613,confirmed,,in_domain,true
2026-06-16/bee-25,2026-06-16,25,aruco:645,aruco,645,assigned,2,1;2,aruco:645,decoder_confirmed;decoder_confirmed_with_competing_ids,decoder_competition_or_disagreement,aruco:645,assigned,aruco:645,confirmed,,in_domain,true
2026-06-16/bee-26,2026-06-16,26,aruco:665,aruco,665,assigned,2,1;2,aruco:665,decoder_conflict,decoder_competition_or_disagreement,aruco:665,assigned,aruco:665,confirmed,,in_domain,true
2026-06-16/bee-27,2026-06-16,27,aruco:616,aruco,616,assigned,2,1;2,aruco:616,decoder_conflict;decoder_no_confirmation,decoder_competition_or_disagreement;decoder_did_not_confirm_all_images,aruco:616,assigned,aruco:616,confirmed,,in_domain,true
2026-06-16/bee-28,2026-06-16,28,aruco:322,aruco,322,assigned,2,1;2,aruco:322,decoder_confirmed,,aruco:322,assigned,aruco:322,confirmed,,in_domain,true
2026-06-16/bee-29,2026-06-16,29,aruco:594,aruco,594,assigned,2,1;2,aruco:594,decoder_conflict;decoder_no_confirmation,decoder_competition_or_disagreement;decoder_did_not_confirm_all_images,aruco:594,assigned,aruco:594,confirmed,,in_domain,true
2026-06-16/bee-30,2026-06-16,30,aruco:733,aruco,733,assigned,2,1;2,aruco:733,decoder_conflict;decoder_no_confirmation,decoder_competition_or_disagreement;decoder_did_not_confirm_all_images,aruco:733,assigned,aruco:733,confirmed,,in_domain,true
2026-06-16/bee-31,2026-06-16,31,aruco:640,aruco,640,assigned,2,1;2,aruco:640,decoder_conflict;decoder_no_confirmation,decoder_competition_or_disagreement;decoder_did_not_confirm_all_images,aruco:640,assigned,aruco:640,confirmed,,in_domain,true
2026-06-16/bee-32,2026-06-16,32,aruco:555,aruco,555,assigned,3,1;2;3,aruco:555,decoder_confirmed_with_competing_ids;decoder_conflict,decoder_competition_or_disagreement,aruco:555,assigned,aruco:555,confirmed,,in_domain,true
2026-06-16/bee-33,2026-06-16,33,aruco:603,aruco,603,assigned,2,1;2,aruco:603,decoder_conflict,decoder_competition_or_disagreement,aruco:603,assigned,aruco:603,confirmed,,in_domain,true
2026-06-16/bee-34,2026-06-16,34,aruco:708,aruco,708,assigned,1,1,aruco:708,decoder_conflict,decoder_competition_or_disagreement,aruco:708,assigned,aruco:708,confirmed,,in_domain,true
2026-06-16/bee-35,2026-06-16,35,aruco:518,aruco,518,assigned,1,1,aruco:518,decoder_no_confirmation,decoder_did_not_confirm_all_images,aruco:518,assigned,aruco:518,confirmed,,in_domain,true
2026-06-16/bee-36,2026-06-16,36,aruco:710,aruco,710,assigned,2,1;2,aruco:710,decoder_conflict,decoder_competition_or_disagreement,aruco:710,assigned,aruco:710,confirmed,,in_domain,true
2026-06-16/bee-37,2026-06-16,37,aruco:715,aruco,715,assigned,2,1;2,aruco:715,decoder_confirmed;decoder_conflict,decoder_competition_or_disagreement,aruco:715,assigned,aruco:715,confirmed,,in_domain,true
2026-06-16/bee-38,2026-06-16,38,aruco:496,aruco,496,assigned,1,1,aruco:496,decoder_no_confirmation,decoder_did_not_confirm_all_images,aruco:496,assigned,aruco:496,confirmed,,in_domain,true
2026-06-16/bee-39,2026-06-16,39,aruco:497,aruco,497,assigned,3,1;2;3,aruco:497,decoder_conflict,decoder_competition_or_disagreement,aruco:497,assigned,aruco:497,confirmed,,in_domain,true
2026-06-16/bee-40,2026-06-16,40,aruco:273,aruco,273,assigned,2,1;2,aruco:273,decoder_conflict;decoder_no_confirmation,decoder_competition_or_disagreement;decoder_did_not_confirm_all_images,aruco:273,assigned,aruco:273,confirmed,,in_domain,true
2026-06-16/bee-41,2026-06-16,41,aruco:628,aruco,628,assigned,1,1,aruco:628,decoder_conflict,decoder_competition_or_disagreement,aruco:628,assigned,aruco:628,confirmed,,in_domain,true
2026-06-16/bee-42,2026-06-16,42,aruco:655,aruco,655,assigned,2,1;2,aruco:655,decoder_conflict;decoder_no_confirmation,decoder_competition_or_disagreement;decoder_did_not_confirm_all_images,aruco:655,assigned,aruco:655,confirmed,,in_domain,true
2026-06-16/bee-43,2026-06-16,43,aruco:641,aruco,641,assigned,2,1;2,aruco:641,decoder_conflict;decoder_no_confirmation,decoder_competition_or_disagreement;decoder_did_not_confirm_all_images,aruco:641,assigned,aruco:641,confirmed,,in_domain,true
2026-06-16/bee-44,2026-06-16,44,aruco:602,aruco,602,assigned,2,1;2,aruco:602,decoder_conflict,decoder_competition_or_disagreement,aruco:602,assigned,aruco:602,confirmed,,in_domain,true
2026-06-16/bee-45,2026-06-16,45,aruco:695,aruco,695,assigned,2,1;2,aruco:695,decoder_confirmed;decoder_conflict,decoder_competition_or_disagreement,aruco:695,assigned,aruco:695,confirmed,,in_domain,true
2026-06-16/bee-46,2026-06-16,46,aruco:619,aruco,619,assigned,2,1;2,aruco:619,decoder_confirmed;decoder_conflict,decoder_competition_or_disagreement,aruco:619,assigned,aruco:619,confirmed,,in_domain,true
2026-06-16/bee-47,2026-06-16,47,aruco:572,aruco,572,assigned,2,1;2,aruco:572,decoder_confirmed;decoder_conflict,decoder_competition_or_disagreement,aruco:572,assigned,aruco:572,confirmed,,in_domain,true
2026-06-16/bee-48,2026-06-16,48,aruco:416,aruco,416,assigned,1,1,aruco:416,decoder_conflict,decoder_competition_or_disagreement,aruco:416,assigned,aruco:416,confirmed,,in_domain,true
2026-06-16/bee-49,2026-06-16,49,aruco:560,aruco,560,assigned,2,1;2,aruco:560,decoder_conflict;decoder_no_confirmation,decoder_competition_or_disagreement;decoder_did_not_confirm_all_images,aruco:560,assigned,aruco:560,confirmed,,in_domain,true
2026-06-16/bee-50,2026-06-16,50,aruco:562,aruco,562,assigned,1,1,aruco:562,decoder_confirmed_with_competing_ids,decoder_competition_or_disagreement,aruco:562,assigned,aruco:562,confirmed,,in_domain,true
2026-06-16/bee-51,2026-06-16,51,aruco:666,aruco,666,assigned,3,1;2;3,aruco:666,decoder_conflict;decoder_no_confirmation,decoder_competition_or_disagreement;decoder_did_not_confirm_all_images,aruco:666,assigned,aruco:666,confirmed,,in_domain,true
2026-06-16/bee-52,2026-06-16,52,aruco:678,aruco,678,assigned,1,1,aruco:678,decoder_no_confirmation,decoder_did_not_confirm_all_images,aruco:678,assigned,aruco:678,confirmed,,in_domain,true
2026-06-16/bee-714,2026-06-16,714,aruco:714,aruco,714,assigned,1,1,aruco:714,decoder_no_confirmation,decoder_did_not_confirm_all_images,aruco:714,assigned,aruco:714,confirmed,,in_domain,true
2026-06-16/bee-715,2026-06-16,715,aruco:513,aruco,513,assigned,1,1,aruco:513,decoder_confirmed,,aruco:513,assigned,aruco:513,confirmed,,in_domain,true
2026-06-16/bee-722,2026-06-16,722,aruco:722,aruco,722,assigned,1,1,aruco:722,decoder_conflict,decoder_competition_or_disagreement,aruco:722,assigned,aruco:722,confirmed,,in_domain,true
2026-06-16/bee-723,2026-06-16,723,aruco:2,aruco,2,assigned,2,1;2,,decoder_found_id,decoder_competition_or_disagreement,,missing_tag,aruco:2,confirmed,,in_domain,true
2026-06-16/bee-724,2026-06-16,724,aruco:567,aruco,567,assigned,1,1,aruco:567,decoder_no_confirmation,decoder_did_not_confirm_all_images,aruco:567,assigned,aruco:567,confirmed,,in_domain,true
2026-06-16/bee-725,2026-06-16,725,aruco:483,aruco,483,assigned,1,1,aruco:483,decoder_conflict,decoder_competition_or_disagreement,aruco:483,assigned,aruco:483,confirmed,,in_domain,true
2026-06-16/bee-726,2026-06-16,726,aruco:546,aruco,546,assigned,1,1,aruco:546,decoder_conflict,decoder_competition_or_disagreement,aruco:546,assigned,aruco:546,confirmed,,in_domain,true
2026-06-16/bee-727,2026-06-16,727,aruco:699,aruco,699,assigned,1,1,aruco:699,decoder_conflict,decoder_competition_or_disagreement,aruco:699,assigned,aruco:699,confirmed,,in_domain,true
2026-06-16/bee-728,2026-06-16,728,aruco:516,aruco,516,assigned,1,1,aruco:516,decoder_conflict,decoder_competition_or_disagreement,aruco:516,assigned,aruco:516,confirmed,,in_domain,true
2026-06-16/bee-729,2026-06-16,729,aruco:462,aruco,462,assigned,1,1,,decoder_found_id,decoder_competition_or_disagreement,,missing_tag,aruco:462,confirmed,,in_domain,true
2026-06-16/bee-730,2026-06-16,730,aruco:525,aruco,525,assigned,1,1,aruco:525,decoder_no_confirmation,decoder_did_not_confirm_all_images,aruco:525,assigned,aruco:525,confirmed,,in_domain,true
2026-06-16/bee-731,2026-06-16,731,aruco:306,aruco,306,assigned,1,1,aruco:306,decoder_conflict,decoder_competition_or_disagreement,aruco:306,assigned,aruco:306,confirmed,,in_domain,true
2026-06-16/bee-732,2026-06-16,732,aruco:488,aruco,488,assigned,1,1,aruco:488,decoder_confirmed,,aruco:488,assigned,aruco:488,confirmed,,in_domain,true
2026-06-16/bee-733,2026-06-16,733,aruco:680,aruco,680,assigned,2,1;2,aruco:17,decoder_no_confirmation,decoder_did_not_confirm_all_images;same_tag_used_by_multiple_bee_numbers_same_day,aruco:17,assigned,aruco:680,confirmed,,in_domain,true
2026-06-16/bee-734,2026-06-16,734,aruco:660,aruco,660,assigned,1,1,aruco:660,decoder_no_confirmation,decoder_did_not_confirm_all_images,aruco:660,assigned,aruco:660,confirmed,,in_domain,true
2026-06-16/bee-735,2026-06-16,735,aruco:571,aruco,571,assigned,2,1;2,aruco:571,decoder_confirmed;decoder_no_confirmation,decoder_did_not_confirm_all_images,aruco:571,assigned,aruco:571,confirmed,,in_domain,true
2026-06-16/bee-736,2026-06-16,736,aruco:548,aruco,548,assigned,1,1,aruco:548,decoder_no_confirmation,decoder_did_not_confirm_all_images,aruco:548,assigned,aruco:548,confirmed,,in_domain,true
2026-06-16/bee-737,2026-06-16,737,aruco:634,aruco,634,assigned,1,1,aruco:634,decoder_conflict,decoder_competition_or_disagreement,aruco:634,assigned,aruco:634,confirmed,,in_domain,true
2026-06-16/bee-738,2026-06-16,738,aruco:643,aruco,643,assigned,1,1,aruco:643,decoder_conflict,decoder_competition_or_disagreement,aruco:643,assigned,aruco:643,confirmed,,in_domain,true
2026-06-16/bee-739,2026-06-16,739,aruco:573,aruco,573,assigned,1,1,aruco:573,decoder_conflict,decoder_competition_or_disagreement,aruco:573,assigned,aruco:573,confirmed,,in_domain,true
2026-06-16/bee-740,2026-06-16,740,aruco:724,aruco,724,assigned,1,1,aruco:724,decoder_conflict,decoder_competition_or_disagreement,aruco:724,assigned,aruco:724,confirmed,,in_domain,true
2026-06-16/bee-741,2026-06-16,741,aruco:568,aruco,568,assigned,1,1,aruco:568,decoder_confirmed,,aruco:568,assigned,aruco:568,confirmed,,in_domain,true
2026-06-16/bee-742,2026-06-16,742,aruco:652,aruco,652,assigned,1,1,aruco:652,decoder_no_confirmation,decoder_did_not_confirm_all_images,aruco:652,assigned,aruco:652,confirmed,,in_domain,true
2026-06-16/bee-743,2026-06-16,743,aruco:730,aruco,730,assigned,1,1,aruco:730,decoder_conflict,decoder_competition_or_disagreement,aruco:730,assigned,aruco:730,confirmed,,in_domain,true
2026-06-16/bee-744,2026-06-16,744,aruco:517,aruco,517,assigned,1,1,aruco:517,decoder_confirmed,,aruco:517,assigned,aruco:517,confirmed,,in_domain,true
2026-06-16/bee-745,2026-06-16,745,aruco:523,aruco,523,assigned,1,1,aruco:523,decoder_confirmed,,aruco:523,assigned,aruco:523,confirmed,,in_domain,true
2026-06-16/bee-746,2026-06-16,746,aruco:515,aruco,515,assigned,2,1;2,aruco:515,decoder_no_confirmation,decoder_did_not_confirm_all_images,aruco:515,assigned,aruco:515,confirmed,,in_domain,true
2026-06-16/bee-747,2026-06-16,747,aruco:661,aruco,661,assigned,1,1,aruco:661,decoder_conflict,decoder_competition_or_disagreement,aruco:661,assigned,aruco:661,confirmed,,in_domain,true
2026-06-16/bee-748,2026-06-16,748,aruco:489,aruco,489,assigned,2,1;2,aruco:489,decoder_conflict;decoder_no_confirmation,decoder_competition_or_disagreement;decoder_did_not_confirm_all_images,aruco:489,assigned,aruco:489,confirmed,,in_domain,true
2026-06-16/bee-749,2026-06-16,749,aruco:653,aruco,653,assigned,1,1,aruco:653,decoder_conflict,decoder_competition_or_disagreement;same_tag_used_by_multiple_bee_numbers_same_day,aruco:653,assigned,aruco:653,confirmed,,in_domain,true
2026-06-16/bee-750,2026-06-16,750,aruco:428,aruco,428,assigned,1,1,aruco:428,decoder_no_confirmation,decoder_did_not_confirm_all_images,aruco:428,assigned,aruco:428,confirmed,,in_domain,true
2026-06-16/bee-751,2026-06-16,751,aruco:285,aruco,285,assigned,1,1,,decoder_found_id,decoder_competition_or_disagreement,,missing_tag,aruco:285,confirmed,,in_domain,true
2026-06-16/bee-752,2026-06-16,752,aruco:358,aruco,358,assigned,1,1,aruco:358,decoder_conflict,decoder_competition_or_disagreement,aruco:358,assigned,aruco:358,confirmed,,in_domain,true
2026-06-16/bee-753,2026-06-16,753,aruco:598,aruco,598,assigned,1,1,aruco:598,decoder_conflict,decoder_competition_or_disagreement,aruco:598,assigned,aruco:598,confirmed,,in_domain,true
2026-06-16/bee-754,2026-06-16,754,aruco:467,aruco,467,assigned,1,1,aruco:394,decoder_conflict,decoder_competition_or_disagreement,aruco:394,assigned,aruco:467,confirmed,,in_domain,true
2026-06-16/bee-755,2026-06-16,755,aruco:692,aruco,692,assigned,1,1,aruco:692,decoder_conflict,decoder_competition_or_disagreement,aruco:692,assigned,aruco:692,confirmed,,in_domain,true
2026-06-16/bee-756,2026-06-16,756,aruco:537,aruco,537,assigned,1,1,aruco:537,decoder_no_confirmation,decoder_did_not_confirm_all_images,aruco:537,assigned,aruco:537,confirmed,,in_domain,true
2026-06-16/bee-757,2026-06-16,757,aruco:651,aruco,651,assigned,1,1,aruco:651,decoder_conflict,decoder_competition_or_disagreement,aruco:651,assigned,aruco:651,confirmed,,in_domain,true
2026-06-16/bee-758,2026-06-16,758,aruco:324,aruco,324,assigned,1,1,aruco:324,decoder_conflict,decoder_competition_or_disagreement,aruco:324,assigned,aruco:324,confirmed,,in_domain,true
2026-06-16/bee-759,2026-06-16,759,aruco:487,aruco,487,assigned,1,1,aruco:487,decoder_no_confirmation,decoder_did_not_confirm_all_images,aruco:487,assigned,aruco:487,confirmed,,in_domain,true
2026-06-16/bee-760,2026-06-16,760,aruco:734,aruco,734,assigned,1,1,aruco:734,decoder_no_confirmation,decoder_did_not_confirm_all_images,aruco:734,assigned,aruco:734,confirmed,,in_domain,true
2026-06-16/bee-761,2026-06-16,761,aruco:532,aruco,532,assigned,1,1,aruco:532,decoder_confirmed_with_competing_ids,decoder_competition_or_disagreement,aruco:532,assigned,aruco:532,confirmed,,in_domain,true
2026-06-16/bee-762,2026-06-16,762,aruco:527,aruco,527,assigned,1,1,aruco:527,decoder_confirmed,,aruco:527,assigned,aruco:527,confirmed,,in_domain,true
2026-06-16/bee-763,2026-06-16,763,aruco:720,aruco,720,assigned,1,1,aruco:720,decoder_conflict,decoder_competition_or_disagreement,aruco:720,assigned,aruco:720,confirmed,,in_domain,true
2026-06-16/bee-764,2026-06-16,764,aruco:553,aruco,553,assigned,1,1,aruco:553,decoder_conflict,decoder_competition_or_disagreement,aruco:553,assigned,aruco:553,confirmed,,in_domain,true
2026-06-16/bee-765,2026-06-16,765,aruco:683,aruco,683,assigned,1,1,aruco:683,decoder_conflict,decoder_competition_or_disagreement,aruco:683,assigned,aruco:683,confirmed,,in_domain,true
2026-06-16/bee-766,2026-06-16,766,aruco:687,aruco,687,assigned,1,1,aruco:687,decoder_no_confirmation,decoder_did_not_confirm_all_images,aruco:687,assigned,aruco:687,confirmed,,in_domain,true
2026-06-16/bee-767,2026-06-16,767,aruco:717,aruco,717,assigned,1,1,aruco:717,decoder_confirmed,,aruco:717,assigned,aruco:717,confirmed,,in_domain,true
2026-06-16/bee-768,2026-06-16,768,aruco:697,aruco,697,assigned,1,1,aruco:697,decoder_conflict,decoder_competition_or_disagreement,aruco:697,assigned,aruco:697,confirmed,,in_domain,true
2026-06-16/bee-769,2026-06-16,769,aruco:618,aruco,618,assigned,1,1,aruco:618,decoder_conflict,decoder_competition_or_disagreement,aruco:618,assigned,aruco:618,confirmed,,in_domain,true
2026-06-16/bee-770,2026-06-16,770,aruco:490,aruco,490,assigned,1,1,,decoder_found_id,decoder_competition_or_disagreement,,missing_tag,aruco:490,confirmed,,in_domain,true
2026-06-17/bee-1,2026-06-17,1,aruco:592,aruco,592,assigned,2,1;2,aruco:592,decoder_conflict,decoder_competition_or_disagreement,aruco:592,assigned,aruco:592,confirmed,,in_domain,true
2026-06-17/bee-2,2026-06-17,2,aruco:490,aruco,490,assigned,1,1,,decoder_found_id,decoder_competition_or_disagreement,,missing_tag,aruco:490,confirmed,,in_domain,true
2026-06-17/bee-3,2026-06-17,3,aruco:671,aruco,671,assigned,2,1;2,aruco:671,decoder_conflict,decoder_competition_or_disagreement,aruco:671,assigned,aruco:671,confirmed,,in_domain,true
2026-06-17/bee-4,2026-06-17,4,aruco:701,aruco,701,assigned,2,1;2,,decoder_found_id;no_tag_decoded,decoder_competition_or_disagreement;decoder_did_not_confirm_all_images,,missing_tag,aruco:701,confirmed,,in_domain,true
2026-06-17/bee-5,2026-06-17,5,aruco:556,aruco,556,assigned,1,1,aruco:556,decoder_no_confirmation,decoder_did_not_confirm_all_images,aruco:556,assigned,aruco:556,confirmed,,in_domain,true
2026-06-17/bee-6,2026-06-17,6,aruco:539,aruco,539,assigned,1,1,aruco:539,decoder_confirmed,,aruco:539,assigned,aruco:539,confirmed,,in_domain,true
2026-06-17/bee-7,2026-06-17,7,aruco:692,aruco,692,assigned,1,1,aruco:692,decoder_conflict,decoder_competition_or_disagreement,aruco:692,assigned,aruco:692,confirmed,,in_domain,true
2026-06-17/bee-8,2026-06-17,8,aruco:514,aruco,514,assigned,1,1,aruco:514,decoder_confirmed,,aruco:514,assigned,aruco:514,confirmed,,in_domain,true
2026-06-17/bee-9,2026-06-17,9,aruco:483,aruco,483,assigned,1,1,aruco:483,decoder_confirmed,,aruco:483,assigned,aruco:483,confirmed,,in_domain,true
2026-06-17/bee-10,2026-06-17,10,aruco:587,aruco,587,assigned,1,1,aruco:587,decoder_conflict,decoder_competition_or_disagreement,aruco:587,assigned,aruco:587,confirmed,,in_domain,true
2026-06-17/bee-11,2026-06-17,11,aruco:390,aruco,390,assigned,1,1,aruco:390,decoder_no_confirmation,decoder_did_not_confirm_all_images,aruco:390,assigned,aruco:390,confirmed,,in_domain,true
2026-06-17/bee-12,2026-06-17,12,aruco:593,aruco,593,assigned,1,1,aruco:593,decoder_conflict,decoder_competition_or_disagreement,aruco:593,assigned,aruco:593,confirmed,,in_domain,true
2026-06-17/bee-13,2026-06-17,13,aruco:453,aruco,453,assigned,1,1,,decoder_found_id,decoder_competition_or_disagreement,,missing_tag,aruco:453,confirmed,,in_domain,true
2026-06-17/bee-14,2026-06-17,14,aruco:711,aruco,711,assigned,1,1,aruco:711,decoder_confirmed,,aruco:711,assigned,aruco:711,confirmed,,in_domain,true
2026-06-17/bee-15,2026-06-17,15,aruco:726,aruco,726,assigned,2,1;2,aruco:726,decoder_conflict,decoder_competition_or_disagreement,aruco:726,assigned,aruco:726,confirmed,,in_domain,true
2026-06-17/bee-16,2026-06-17,16,aruco:725,aruco,725,assigned,1,1,aruco:725,decoder_conflict,decoder_competition_or_disagreement,aruco:725,assigned,aruco:725,confirmed,,in_domain,true
2026-06-17/bee-17,2026-06-17,17,aruco:672,aruco,672,assigned,1,1,aruco:672,decoder_conflict,decoder_competition_or_disagreement,aruco:672,assigned,aruco:672,confirmed,,in_domain,true
2026-06-17/bee-18,2026-06-17,18,aruco:662,aruco,662,assigned,2,1;2,aruco:662,decoder_no_confirmation,decoder_did_not_confirm_all_images,aruco:662,assigned,aruco:662,confirmed,,in_domain,true
2026-06-17/bee-19,2026-06-17,19,aruco:538,aruco,538,assigned,1,1,aruco:538,decoder_conflict,decoder_competition_or_disagreement,aruco:538,assigned,aruco:538,confirmed,,in_domain,true
2026-06-17/bee-20,2026-06-17,20,aruco:693,aruco,693,assigned,1,1,aruco:693,decoder_conflict,decoder_competition_or_disagreement,aruco:693,assigned,aruco:693,confirmed,,in_domain,true
2026-06-17/bee-21,2026-06-17,21,aruco:551,aruco,551,assigned,1,1,aruco:551,decoder_no_confirmation,decoder_did_not_confirm_all_images,aruco:551,assigned,aruco:551,confirmed,,in_domain,true
2026-06-17/bee-22,2026-06-17,22,aruco:649,aruco,649,assigned,1,1,aruco:649,decoder_conflict,decoder_competition_or_disagreement,aruco:649,assigned,aruco:649,confirmed,,in_domain,true
2026-06-17/bee-23,2026-06-17,23,aruco:734,aruco,734,assigned,1,1,,no_tag_decoded,decoder_did_not_confirm_all_images,,missing_tag,aruco:734,confirmed,,in_domain,true
2026-06-17/bee-24,2026-06-17,24,aruco:449,aruco,449,assigned,1,1,aruco:449,decoder_conflict,decoder_competition_or_disagreement,aruco:449,assigned,aruco:449,confirmed,,in_domain,true
2026-06-17/bee-25,2026-06-17,25,aruco:641,aruco,641,assigned,1,1,,decoder_found_id,decoder_competition_or_disagreement,,missing_tag,aruco:641,confirmed,,in_domain,true
2026-06-17/bee-26,2026-06-17,26,aruco:510,aruco,510,assigned,1,1,aruco:510,decoder_confirmed_with_competing_ids,decoder_competition_or_disagreement,aruco:510,assigned,aruco:510,confirmed,,in_domain,true
2026-06-17/bee-27,2026-06-17,27,aruco:141,aruco,141,assigned,1,1,aruco:141,decoder_confirmed,,aruco:141,assigned,aruco:141,confirmed,,in_domain,true
2026-06-17/bee-28,2026-06-17,28,aruco:679,aruco,679,assigned,2,1;2,aruco:679,decoder_conflict,decoder_competition_or_disagreement,aruco:679,assigned,aruco:679,confirmed,,in_domain,true
2026-06-17/bee-29,2026-06-17,29,aruco:56,aruco,56,assigned,2,1;2,,decoder_found_id;no_tag_decoded,decoder_competition_or_disagreement;decoder_did_not_confirm_all_images,,missing_tag,aruco:56,confirmed,,in_domain,true
2026-06-17/bee-30,2026-06-17,30,aruco:397,aruco,397,assigned,2,1;2,aruco:397,decoder_conflict;decoder_no_confirmation,decoder_competition_or_disagreement;decoder_did_not_confirm_all_images,aruco:397,assigned,aruco:397,confirmed,,in_domain,true
2026-06-17/bee-31,2026-06-17,31,aruco:607,aruco,607,assigned,1,1,aruco:607,decoder_conflict,decoder_competition_or_disagreement,aruco:607,assigned,aruco:607,confirmed,,in_domain,true
2026-06-17/bee-32,2026-06-17,32,aruco:570,aruco,570,assigned,2,1;2,aruco:570,decoder_no_confirmation,decoder_did_not_confirm_all_images,aruco:570,assigned,aruco:570,confirmed,,in_domain,true
2026-06-17/bee-33,2026-06-17,33,aruco:723,aruco,723,assigned,2,1;2,aruco:723,decoder_conflict,decoder_competition_or_disagreement,aruco:723,assigned,aruco:723,confirmed,,in_domain,true
2026-06-17/bee-34,2026-06-17,34,aruco:608,aruco,608,assigned,1,1,aruco:608,decoder_confirmed_with_competing_ids,decoder_competition_or_disagreement,aruco:608,assigned,aruco:608,confirmed,,in_domain,true
2026-06-17/bee-35,2026-06-17,35,aruco:675,aruco,675,assigned,1,1,aruco:675,decoder_no_confirmation,decoder_did_not_confirm_all_images,aruco:675,assigned,aruco:675,confirmed,,in_domain,true
2026-06-17/bee-36,2026-06-17,36,aruco:493,aruco,493,assigned,2,1;2,aruco:493,decoder_conflict;decoder_no_confirmation,decoder_competition_or_disagreement;decoder_did_not_confirm_all_images,aruco:493,assigned,aruco:493,confirmed,,in_domain,true
2026-06-17/bee-37,2026-06-17,37,aruco:729,aruco,729,assigned,2,1;2,aruco:729,decoder_conflict,decoder_competition_or_disagreement,aruco:729,assigned,aruco:729,confirmed,,in_domain,true
2026-06-17/bee-38,2026-06-17,38,aruco:646,aruco,646,assigned,1,1,aruco:646,decoder_confirmed_with_competing_ids,decoder_competition_or_disagreement,aruco:646,assigned,aruco:646,confirmed,,in_domain,true
2026-06-17/bee-39,2026-06-17,39,aruco:666,aruco,666,assigned,2,1;2,,decoder_found_id,decoder_competition_or_disagreement,,missing_tag,aruco:666,confirmed,,in_domain,true
2026-06-17/bee-40,2026-06-17,40,aruco:596,aruco,596,assigned,1,1,aruco:596,decoder_conflict,decoder_competition_or_disagreement,aruco:596,assigned,aruco:596,confirmed,,in_domain,true
2026-06-17/bee-41,2026-06-17,41,aruco:519,aruco,519,assigned,2,1;2,aruco:519,decoder_confirmed;decoder_conflict,decoder_competition_or_disagreement,aruco:519,assigned,aruco:519,confirmed,,in_domain,true
2026-06-17/bee-42,2026-06-17,42,aruco:705,aruco,705,assigned,1,1,aruco:705,decoder_confirmed,,aruco:705,assigned,aruco:705,confirmed,,in_domain,true
2026-06-17/bee-43,2026-06-17,43,aruco:615,aruco,615,assigned,2,1;2,aruco:615,decoder_conflict;decoder_no_confirmation,decoder_competition_or_disagreement;decoder_did_not_confirm_all_images,aruco:615,assigned,aruco:615,confirmed,,in_domain,true
2026-06-17/bee-44,2026-06-17,44,aruco:416,aruco,416,assigned,2,1;2,aruco:416,decoder_conflict,decoder_competition_or_disagreement,aruco:416,assigned,aruco:416,confirmed,,in_domain,true
2026-06-17/bee-45,2026-06-17,45,aruco:233,aruco,233,assigned,2,1;2,,no_tag_decoded,decoder_did_not_confirm_all_images,,missing_tag,aruco:233,confirmed,,in_domain,true
2026-06-17/bee-46,2026-06-17,46,aruco:569,aruco,569,assigned,1,1,aruco:569,decoder_conflict,decoder_competition_or_disagreement,aruco:569,assigned,aruco:569,confirmed,,in_domain,true
2026-06-17/bee-47,2026-06-17,47,aruco:431,aruco,431,assigned,2,1;2,aruco:431,decoder_conflict;decoder_no_confirmation,decoder_competition_or_disagreement;decoder_did_not_confirm_all_images,aruco:431,assigned,aruco:431,confirmed,,in_domain,true
2026-06-17/bee-48,2026-06-17,48,aruco:689,aruco,689,assigned,2,1;2,aruco:653,decoder_conflict;decoder_no_confirmation,decoder_competition_or_disagreement;decoder_did_not_confirm_all_images;same_tag_used_by_multiple_bee_numbers_same_day,aruco:653,assigned,aruco:689,confirmed,,in_domain,true
2026-06-17/bee-49,2026-06-17,49,aruco:624,aruco,624,assigned,1,1,aruco:624,decoder_no_confirmation,decoder_did_not_confirm_all_images,aruco:624,assigned,aruco:624,confirmed,,in_domain,true
2026-06-17/bee-50,2026-06-17,50,aruco:321,aruco,321,assigned,1,1,aruco:321,decoder_confirmed,,aruco:321,assigned,aruco:321,confirmed,,in_domain,true
2026-06-17/bee-51,2026-06-17,51,aruco:355,aruco,355,assigned,1,1,aruco:355,decoder_no_confirmation,decoder_did_not_confirm_all_images,aruco:355,assigned,aruco:355,confirmed,,in_domain,true
2026-06-17/bee-52,2026-06-17,52,aruco:625,aruco,625,assigned,1,1,aruco:625,decoder_confirmed_with_competing_ids,decoder_competition_or_disagreement,aruco:625,assigned,aruco:625,confirmed,,in_domain,true
2026-06-17/bee-53,2026-06-17,53,aruco:544,aruco,544,assigned,1,1,aruco:544,decoder_conflict,decoder_competition_or_disagreement,aruco:544,assigned,aruco:544,confirmed,,in_domain,true
2026-06-17/bee-54,2026-06-17,54,aruco:647,aruco,647,assigned,2,1;2,aruco:647,decoder_confirmed;decoder_no_confirmation,decoder_did_not_confirm_all_images,aruco:647,assigned,aruco:647,confirmed,,in_domain,true
2026-06-17/bee-55,2026-06-17,55,aruco:728,aruco,728,assigned,2,1;2,aruco:728,decoder_conflict,decoder_competition_or_disagreement,aruco:728,assigned,aruco:728,confirmed,,in_domain,true
2026-06-17/bee-56,2026-06-17,56,aruco:536,aruco,536,assigned,1,1,aruco:536,decoder_no_confirmation,decoder_did_not_confirm_all_images,aruco:536,assigned,aruco:536,confirmed,,in_domain,true
2026-06-17/bee-57,2026-06-17,57,aruco:644,aruco,644,assigned,1,1,aruco:644,decoder_confirmed_with_competing_ids,decoder_competition_or_disagreement,aruco:644,assigned,aruco:644,confirmed,,in_domain,true
2026-06-17/bee-58,2026-06-17,58,aruco:716,aruco,716,assigned,1,1,aruco:716,decoder_conflict,decoder_competition_or_disagreement,aruco:716,assigned,aruco:716,confirmed,,in_domain,true
2026-06-17/bee-59,2026-06-17,59,aruco:657,aruco,657,assigned,1,1,aruco:657,decoder_no_confirmation,decoder_did_not_confirm_all_images,aruco:657,assigned,aruco:657,confirmed,,in_domain,true
2026-06-17/bee-60,2026-06-17,60,aruco:576,aruco,576,assigned,2,1;2,aruco:576,decoder_conflict;decoder_no_confirmation,decoder_competition_or_disagreement;decoder_did_not_confirm_all_images,aruco:576,assigned,aruco:576,confirmed,,in_domain,true
2026-06-17/bee-61,2026-06-17,61,aruco:541,aruco,541,assigned,1,1,aruco:541,decoder_conflict,decoder_competition_or_disagreement,aruco:541,assigned,aruco:541,confirmed,,in_domain,true
2026-06-17/bee-62,2026-06-17,62,aruco:531,aruco,531,assigned,2,1;2,aruco:531,decoder_conflict;decoder_no_confirmation,decoder_competition_or_disagreement;decoder_did_not_confirm_all_images,aruco:531,assigned,aruco:531,confirmed,,in_domain,true
2026-06-17/bee-63,2026-06-17,63,aruco:622,aruco,622,assigned,1,1,aruco:622,decoder_confirmed,,aruco:622,assigned,aruco:622,confirmed,,in_domain,true
2026-06-17/bee-64,2026-06-17,64,aruco:563,aruco,563,assigned,1,1,aruco:563,decoder_no_confirmation,decoder_did_not_confirm_all_images,aruco:563,assigned,aruco:563,confirmed,,in_domain,true
2026-06-17/bee-65,2026-06-17,65,aruco:575,aruco,575,assigned,1,1,aruco:575,decoder_no_confirmation,decoder_did_not_confirm_all_images,aruco:575,assigned,aruco:575,confirmed,,in_domain,true
2026-06-17/bee-66,2026-06-17,66,aruco:681,aruco,681,assigned,1,1,aruco:681,decoder_conflict,decoder_competition_or_disagreement,aruco:681,assigned,aruco:681,confirmed,,in_domain,true
2026-06-17/bee-67,2026-06-17,67,aruco:579,aruco,579,assigned,1,1,aruco:579,decoder_conflict,decoder_competition_or_disagreement,aruco:579,assigned,aruco:579,confirmed,,in_domain,true
2026-06-17/bee-68,2026-06-17,68,aruco:684,aruco,684,assigned,1,1,aruco:684,decoder_conflict,decoder_competition_or_disagreement,aruco:684,assigned,aruco:684,confirmed,,in_domain,true
2026-06-17/bee-69,2026-06-17,69,aruco:512,aruco,512,assigned,1,1,aruco:512,decoder_confirmed,,aruco:512,assigned,aruco:512,confirmed,,in_domain,true
2026-06-17/bee-70,2026-06-17,70,aruco:583,aruco,583,assigned,1,1,aruco:583,decoder_no_confirmation,decoder_did_not_confirm_all_images,aruco:583,assigned,,unreadable,,in_domain,true
2026-06-17/bee-71,2026-06-17,71,aruco:719,aruco,719,assigned,1,1,aruco:719,decoder_no_confirmation,decoder_did_not_confirm_all_images,aruco:719,assigned,aruco:719,confirmed,,in_domain,true
2026-06-17/bee-72,2026-06-17,72,aruco:503,aruco,503,assigned,2,1;2,aruco:503,decoder_conflict;decoder_no_confirmation,decoder_competition_or_disagreement;decoder_did_not_confirm_all_images,aruco:503,assigned,aruco:503,confirmed,,in_domain,true
2026-06-22/bee-1,2026-06-22,1,aruco:188,aruco,188,assigned,1,1,aruco:653,decoder_conflict,decoder_competition_or_disagreement;same_tag_used_by_multiple_bee_numbers_same_day,aruco:653,assigned,aruco:188,confirmed,,in_domain,true
2026-06-22/bee-2,2026-06-22,2,aruco:615,aruco,615,assigned,1,1,aruco:615,decoder_conflict,decoder_competition_or_disagreement,aruco:615,assigned,aruco:615,confirmed,,in_domain,true
2026-06-22/bee-3,2026-06-22,3,aruco:519,aruco,519,assigned,1,1,aruco:519,decoder_conflict,decoder_competition_or_disagreement,aruco:519,assigned,aruco:519,confirmed,,in_domain,true
2026-06-22/bee-4,2026-06-22,4,aruco:735,aruco,735,assigned,1,1,,no_tag_decoded,decoder_did_not_confirm_all_images,,missing_tag,aruco:735,confirmed,,in_domain,true
2026-06-22/bee-5,2026-06-22,5,aruco:557,aruco,557,assigned,2,1;2,,decoder_found_id;no_tag_decoded,decoder_competition_or_disagreement;decoder_did_not_confirm_all_images,,missing_tag,aruco:557,confirmed,,in_domain,true
2026-06-22/bee-6,2026-06-22,6,aruco:608,aruco,608,assigned,1,1,aruco:608,decoder_no_confirmation,decoder_did_not_confirm_all_images,aruco:608,assigned,aruco:608,confirmed,,in_domain,true
2026-06-22/bee-7,2026-06-22,7,aruco:589,aruco,589,assigned,1,1,,no_tag_decoded,decoder_did_not_confirm_all_images,,missing_tag,aruco:589,confirmed,,in_domain,true
2026-06-22/bee-8,2026-06-22,8,aruco:586,aruco,586,assigned,2,1;2,aruco:586,decoder_conflict;decoder_no_confirmation,decoder_competition_or_disagreement;decoder_did_not_confirm_all_images,aruco:586,assigned,aruco:586,confirmed,,in_domain,true
2026-06-22/bee-9,2026-06-22,9,aruco:502,aruco,502,assigned,1,1,aruco:502,decoder_no_confirmation,decoder_did_not_confirm_all_images,aruco:502,assigned,aruco:502,confirmed,,in_domain,true
2026-06-22/bee-10,2026-06-22,10,aruco:601,aruco,601,assigned,2,1;2,aruco:601,decoder_confirmed;decoder_conflict,decoder_competition_or_disagreement,aruco:601,assigned,aruco:601,confirmed,,in_domain,true
2026-06-22/bee-11,2026-06-22,11,aruco:564,aruco,564,assigned,2,1;2,aruco:564,decoder_confirmed;decoder_no_confirmation,decoder_did_not_confirm_all_images,aruco:564,assigned,aruco:564,confirmed,,in_domain,true
2026-06-22/bee-12,2026-06-22,12,aruco:690,aruco,690,assigned,2,1;2,aruco:690,decoder_no_confirmation,decoder_did_not_confirm_all_images,aruco:690,assigned,aruco:690,confirmed,,in_domain,true
2026-06-22/bee-13,2026-06-22,13,aruco:632,aruco,632,assigned,1,1,aruco:632,decoder_no_confirmation,decoder_did_not_confirm_all_images,aruco:632,assigned,aruco:632,confirmed,,in_domain,true
2026-06-22/bee-14,2026-06-22,14,aruco:611,aruco,611,assigned,1,1,aruco:611,decoder_conflict,decoder_competition_or_disagreement,aruco:611,assigned,aruco:611,confirmed,,in_domain,true
2026-06-22/bee-15,2026-06-22,15,aruco:588,aruco,588,assigned,1,1,aruco:588,decoder_confirmed,,aruco:588,assigned,aruco:588,confirmed,,in_domain,true
2026-06-22/bee-16,2026-06-22,16,aruco:591,aruco,591,assigned,1,1,aruco:591,decoder_conflict,decoder_competition_or_disagreement,aruco:591,assigned,aruco:591,confirmed,,in_domain,true
2026-06-22/bee-17,2026-06-22,17,aruco:706,aruco,706,assigned,1,1,aruco:706,decoder_confirmed,,aruco:706,assigned,aruco:706,confirmed,,in_domain,true
2026-06-22/bee-18,2026-06-22,18,aruco:500,aruco,500,assigned,2,1;2,aruco:500,decoder_conflict;decoder_no_confirmation,decoder_competition_or_disagreement;decoder_did_not_confirm_all_images,aruco:500,assigned,aruco:500,confirmed,,in_domain,true
2026-06-22/bee-19,2026-06-22,19,aruco:639,aruco,639,assigned,1,1,aruco:639,decoder_no_confirmation,decoder_did_not_confirm_all_images,aruco:639,assigned,aruco:639,confirmed,,in_domain,true
2026-06-22/bee-20,2026-06-22,20,aruco:522,aruco,522,assigned,2,1;2,aruco:522,decoder_confirmed;decoder_conflict,decoder_competition_or_disagreement,aruco:522,assigned,aruco:522,confirmed,,in_domain,true
2026-06-22/bee-21,2026-06-22,21,aruco:664,aruco,664,assigned,1,1,aruco:664,decoder_conflict,decoder_competition_or_disagreement,aruco:664,assigned,aruco:664,confirmed,,in_domain,true
2026-06-22/bee-22,2026-06-22,22,aruco:321,aruco,321,assigned,1,1,aruco:321,decoder_conflict,decoder_competition_or_disagreement,aruco:321,assigned,aruco:321,confirmed,,in_domain,true
2026-06-22/bee-23,2026-06-22,23,aruco:475,aruco,475,assigned,1,1,aruco:475,decoder_conflict,decoder_competition_or_disagreement,aruco:475,assigned,aruco:475,confirmed,,in_domain,true
2026-06-22/bee-24,2026-06-22,24,aruco:657,aruco,657,assigned,1,1,aruco:657,decoder_no_confirmation,decoder_did_not_confirm_all_images,aruco:657,assigned,aruco:657,confirmed,,in_domain,true
2026-06-22/bee-25,2026-06-22,25,aruco:704,aruco,704,assigned,1,1,aruco:704,decoder_conflict,decoder_competition_or_disagreement,aruco:704,assigned,aruco:704,confirmed,,in_domain,true
2026-06-22/bee-26,2026-06-22,26,aruco:484,aruco,484,assigned,1,1,aruco:484,decoder_no_confirmation,decoder_did_not_confirm_all_images,aruco:484,assigned,aruco:484,confirmed,,in_domain,true
2026-06-22/bee-27,2026-06-22,27,aruco:508,aruco,508,assigned,1,1,aruco:508,decoder_no_confirmation,decoder_did_not_confirm_all_images,aruco:508,assigned,aruco:508,confirmed,,in_domain,true
2026-06-22/bee-28,2026-06-22,28,aruco:595,aruco,595,assigned,1,1,aruco:595,decoder_conflict,decoder_competition_or_disagreement,aruco:595,assigned,aruco:595,confirmed,,in_domain,true
2026-06-22/bee-29,2026-06-22,29,aruco:536,aruco,536,assigned,1,1,aruco:536,decoder_conflict,decoder_competition_or_disagreement,aruco:536,assigned,aruco:536,confirmed,,in_domain,true
2026-06-22/bee-30,2026-06-22,30,aruco:582,aruco,582,assigned,1,1,aruco:582,decoder_conflict,decoder_competition_or_disagreement,aruco:582,assigned,aruco:582,confirmed,,in_domain,true
2026-06-22/bee-31,2026-06-22,31,aruco:674,aruco,674,assigned,1,1,aruco:674,decoder_no_confirmation,decoder_did_not_confirm_all_images,aruco:674,assigned,aruco:674,confirmed,,in_domain,true
2026-06-22/bee-32,2026-06-22,32,aruco:545,aruco,545,assigned,1,1,aruco:545,decoder_no_confirmation,decoder_did_not_confirm_all_images,aruco:545,assigned,aruco:545,confirmed,,in_domain,true
2026-06-22/bee-33,2026-06-22,33,aruco:637,aruco,637,assigned,2,1;2,aruco:637,decoder_no_confirmation,decoder_did_not_confirm_all_images,aruco:637,assigned,aruco:637,confirmed,,in_domain,true
2026-06-22/bee-34,2026-06-22,34,aruco:507,aruco,507,assigned,1,1,aruco:507,decoder_conflict,decoder_competition_or_disagreement,aruco:507,assigned,aruco:507,confirmed,,in_domain,true
2026-06-22/bee-35,2026-06-22,35,aruco:495,aruco,495,assigned,1,1,,no_tag_decoded,decoder_did_not_confirm_all_images,,missing_tag,aruco:495,confirmed,,in_domain,true
2026-06-22/bee-36,2026-06-22,36,aruco:565,aruco,565,assigned,1,1,aruco:565,decoder_conflict,decoder_competition_or_disagreement,aruco:565,assigned,aruco:565,confirmed,,in_domain,true
2026-06-22/bee-37,2026-06-22,37,aruco:636,aruco,636,assigned,1,1,aruco:636,decoder_conflict,decoder_competition_or_disagreement,aruco:636,assigned,aruco:636,confirmed,,in_domain,true
2026-06-22/bee-38,2026-06-22,38,aruco:581,aruco,581,assigned,1,1,aruco:581,decoder_confirmed_with_competing_ids,decoder_competition_or_disagreement,aruco:581,assigned,aruco:581,confirmed,,in_domain,true
2026-06-22/bee-39,2026-06-22,39,aruco:676,aruco,676,assigned,1,1,aruco:676,decoder_no_confirmation,decoder_did_not_confirm_all_images,aruco:676,assigned,aruco:676,confirmed,,in_domain,true
2026-06-22/bee-40,2026-06-22,40,aruco:539,aruco,539,assigned,1,1,aruco:539,decoder_no_confirmation,decoder_did_not_confirm_all_images,aruco:539,assigned,aruco:539,confirmed,,in_domain,true
2026-06-22/bee-41,2026-06-22,41,aruco:56,aruco,56,assigned,1,1,,decoder_found_id,decoder_competition_or_disagreement,,missing_tag,aruco:56,confirmed,,in_domain,true
2026-06-22/bee-42,2026-06-22,42,aruco:685,aruco,685,assigned,1,1,aruco:685,decoder_conflict,decoder_competition_or_disagreement,aruco:685,assigned,aruco:685,confirmed,,in_domain,true
2026-06-22/bee-43,2026-06-22,43,aruco:599,aruco,599,assigned,1,1,aruco:599,decoder_no_confirmation,decoder_did_not_confirm_all_images,aruco:599,assigned,aruco:599,confirmed,,in_domain,true
2026-06-22/bee-44,2026-06-22,44,aruco:703,aruco,703,assigned,1,1,aruco:703,decoder_conflict,decoder_competition_or_disagreement,aruco:703,assigned,aruco:703,confirmed,,in_domain,true
2026-06-22/bee-45,2026-06-22,45,aruco:629,aruco,629,assigned,2,1;2,aruco:629,decoder_conflict;decoder_no_confirmation,decoder_competition_or_disagreement;decoder_did_not_confirm_all_images,aruco:629,assigned,aruco:629,confirmed,,in_domain,true
2026-06-22/bee-46,2026-06-22,46,aruco:626,aruco,626,assigned,2,1;2,aruco:626,decoder_no_confirmation,decoder_did_not_confirm_all_images,aruco:626,assigned,aruco:626,confirmed,,in_domain,true
2026-06-22/bee-47,2026-06-22,47,aruco:686,aruco,686,assigned,1,1,aruco:686,decoder_confirmed_with_competing_ids,decoder_competition_or_disagreement,aruco:686,assigned,aruco:686,confirmed,,in_domain,true
2026-06-22/bee-48,2026-06-22,48,aruco:543,aruco,543,assigned,1,1,aruco:543,decoder_no_confirmation,decoder_did_not_confirm_all_images,aruco:543,assigned,aruco:543,confirmed,,in_domain,true
2026-06-22/bee-49,2026-06-22,49,aruco:633,aruco,633,assigned,1,1,aruco:633,decoder_conflict,decoder_competition_or_disagreement,aruco:633,assigned,aruco:633,confirmed,,in_domain,true
2026-06-22/bee-50,2026-06-22,50,aruco:494,aruco,494,assigned,2,1;2,aruco:494,decoder_no_confirmation,decoder_did_not_confirm_all_images,aruco:494,assigned,aruco:494,confirmed,,in_domain,true
2026-06-22/bee-51,2026-06-22,51,aruco:584,aruco,584,assigned,1,1,aruco:584,decoder_confirmed,,aruco:584,assigned,aruco:584,confirmed,,in_domain,true
2026-06-22/bee-52,2026-06-22,52,aruco:574,aruco,574,assigned,1,1,aruco:574,decoder_conflict,decoder_competition_or_disagreement,aruco:574,assigned,aruco:574,confirmed,,in_domain,true
2026-06-22/bee-53,2026-06-22,53,aruco:492,aruco,492,assigned,1,1,aruco:492,decoder_conflict,decoder_competition_or_disagreement,aruco:492,assigned,aruco:492,confirmed,,in_domain,true
2026-06-22/bee-54,2026-06-22,54,aruco:642,aruco,642,assigned,1,1,aruco:642,decoder_no_confirmation,decoder_did_not_confirm_all_images,aruco:642,assigned,aruco:642,confirmed,,in_domain,true
2026-06-22/bee-55,2026-06-22,55,aruco:655,aruco,655,assigned,1,1,aruco:655,decoder_conflict,decoder_competition_or_disagreement,aruco:655,assigned,aruco:655,confirmed,,in_domain,true
2026-06-22/bee-56,2026-06-22,56,aruco:273,aruco,273,assigned,1,1,aruco:273,decoder_conflict,decoder_competition_or_disagreement,aruco:273,assigned,aruco:273,confirmed,,in_domain,true
2026-06-22/bee-57,2026-06-22,57,aruco:700,aruco,700,assigned,2,1;2,aruco:700,decoder_conflict;image_read_failed,decoder_competition_or_disagreement;image_read_failed,aruco:700,assigned,,unreadable,corrupted image - not captured in the first place,in_domain,true
2026-06-23/bee-1,2026-06-23,1,aruco:612,aruco,612,assigned,1,1,aruco:612,decoder_confirmed,,aruco:612,assigned,aruco:612,confirmed,,in_domain,true
2026-06-23/bee-2,2026-06-23,2,aruco:731,aruco,731,assigned,2,1;2,aruco:731,decoder_confirmed;decoder_conflict,decoder_competition_or_disagreement,aruco:731,assigned,aruco:731,confirmed,,in_domain,true
2026-06-23/bee-3,2026-06-23,3,aruco:521,aruco,521,assigned,2,1;2,aruco:521,decoder_conflict;decoder_no_confirmation,decoder_competition_or_disagreement;decoder_did_not_confirm_all_images,aruco:521,assigned,aruco:521,confirmed,,in_domain,true
2026-06-23/bee-4,2026-06-23,4,aruco:610,aruco,610,assigned,1,1,aruco:610,decoder_confirmed,,aruco:610,assigned,aruco:610,confirmed,,in_domain,true
2026-06-23/bee-5,2026-06-23,5,aruco:485,aruco,485,assigned,1,1,aruco:485,decoder_confirmed_with_competing_ids,decoder_competition_or_disagreement,aruco:485,assigned,aruco:485,confirmed,,in_domain,true
2026-06-23/bee-6,2026-06-23,6,aruco:585,aruco,585,assigned,1,1,aruco:585,decoder_conflict,decoder_competition_or_disagreement,aruco:585,assigned,aruco:585,confirmed,,in_domain,true
2026-06-23/bee-7,2026-06-23,7,aruco:631,aruco,631,assigned,1,1,aruco:631,decoder_conflict,decoder_competition_or_disagreement,aruco:631,assigned,aruco:631,confirmed,,in_domain,true
2026-06-23/bee-8,2026-06-23,8,aruco:600,aruco,600,assigned,1,1,aruco:600,decoder_conflict,decoder_competition_or_disagreement,aruco:600,assigned,aruco:600,confirmed,,in_domain,true
2026-06-23/bee-9,2026-06-23,9,aruco:552,aruco,552,assigned,2,1;2,aruco:552,decoder_confirmed;decoder_no_confirmation,decoder_did_not_confirm_all_images,aruco:552,assigned,aruco:552,confirmed,,in_domain,true
2026-06-23/bee-10,2026-06-23,10,aruco:621,aruco,621,assigned,1,1,aruco:621,decoder_confirmed_with_competing_ids,decoder_competition_or_disagreement,aruco:621,assigned,aruco:621,confirmed,,in_domain,true
2026-06-23/bee-11,2026-06-23,11,aruco:505,aruco,505,assigned,1,1,aruco:505,decoder_confirmed,,aruco:505,assigned,aruco:505,confirmed,,in_domain,true
2026-06-23/bee-12,2026-06-23,12,aruco:526,aruco,526,assigned,1,1,aruco:526,decoder_conflict,decoder_competition_or_disagreement,aruco:526,assigned,aruco:526,confirmed,,in_domain,true
2026-06-23/bee-13,2026-06-23,13,aruco:501,aruco,501,assigned,2,1;2,aruco:501,decoder_conflict,decoder_competition_or_disagreement,aruco:501,assigned,aruco:501,confirmed,,in_domain,true
2026-06-23/bee-14,2026-06-23,14,aruco:498,aruco,498,assigned,1,1,aruco:498,decoder_conflict,decoder_competition_or_disagreement,aruco:498,assigned,aruco:498,confirmed,,in_domain,true
2026-06-23/bee-15,2026-06-23,15,aruco:508,aruco,508,assigned,1,1,aruco:508,decoder_conflict,decoder_competition_or_disagreement,aruco:508,assigned,aruco:508,confirmed,,in_domain,true
2026-06-23/bee-16,2026-06-23,16,aruco:709,aruco,709,assigned,1,1,aruco:709,decoder_conflict,decoder_competition_or_disagreement,aruco:709,assigned,aruco:709,confirmed,,in_domain,true
2026-06-23/bee-17,2026-06-23,17,aruco:554,aruco,554,assigned,1,1,aruco:554,decoder_conflict,decoder_competition_or_disagreement,aruco:554,assigned,aruco:554,confirmed,,in_domain,true
2026-06-23/bee-18,2026-06-23,18,aruco:577,aruco,577,assigned,2,1;2,aruco:577,decoder_conflict;decoder_no_confirmation,decoder_competition_or_disagreement;decoder_did_not_confirm_all_images,aruco:577,assigned,aruco:577,confirmed,,in_domain,true
2026-06-23/bee-19,2026-06-23,19,aruco:578,aruco,578,assigned,2,1;2,aruco:578,decoder_conflict,decoder_competition_or_disagreement,aruco:578,assigned,aruco:578,confirmed,,in_domain,true
2026-06-23/bee-20,2026-06-23,20,aruco:656,aruco,656,assigned,2,1;2,aruco:656,decoder_confirmed;decoder_confirmed_with_competing_ids,decoder_competition_or_disagreement,aruco:656,assigned,aruco:656,confirmed,,in_domain,true
2026-06-23/bee-21,2026-06-23,21,aruco:535,aruco,535,assigned,2,1;2,aruco:535,decoder_conflict;decoder_no_confirmation,decoder_competition_or_disagreement;decoder_did_not_confirm_all_images,aruco:535,assigned,aruco:535,confirmed,,in_domain,true
2026-06-23/bee-22,2026-06-23,22,aruco:188,aruco,188,assigned,2,1;2,aruco:188,decoder_conflict;decoder_no_confirmation,decoder_competition_or_disagreement;decoder_did_not_confirm_all_images,aruco:188,assigned,aruco:188,confirmed,,in_domain,true
2026-06-23/bee-23,2026-06-23,23,aruco:492,aruco,492,assigned,1,1,aruco:492,decoder_confirmed,,aruco:492,assigned,aruco:492,confirmed,,in_domain,true
2026-06-23/bee-24,2026-06-23,24,aruco:733,aruco,733,assigned,1,1,aruco:733,decoder_conflict,decoder_competition_or_disagreement,aruco:733,assigned,aruco:733,confirmed,,in_domain,true
2026-06-23/bee-25,2026-06-23,25,aruco:655,aruco,655,assigned,1,1,aruco:655,decoder_conflict,decoder_competition_or_disagreement,aruco:655,assigned,aruco:655,confirmed,,in_domain,true
2026-06-23/bee-26,2026-06-23,26,aruco:502,aruco,502,assigned,2,1;2,aruco:502,decoder_confirmed;decoder_no_confirmation,decoder_did_not_confirm_all_images,aruco:502,assigned,aruco:502,confirmed,,in_domain,true
2026-06-23/bee-27,2026-06-23,27,aruco:614,aruco,614,assigned,2,1;2,aruco:614,decoder_confirmed;decoder_no_confirmation,decoder_did_not_confirm_all_images;same_tag_used_by_multiple_bee_numbers_same_day,aruco:614,assigned,aruco:614,confirmed,,in_domain,true
2026-06-23/bee-28,2026-06-23,28,aruco:702,aruco,702,assigned,2,1;2,aruco:702,decoder_confirmed;decoder_conflict,decoder_competition_or_disagreement,aruco:702,assigned,aruco:702,confirmed,,in_domain,true
2026-06-23/bee-29,2026-06-23,29,aruco:650,aruco,650,assigned,2,1;2,aruco:650,decoder_confirmed;decoder_no_confirmation,decoder_did_not_confirm_all_images,aruco:650,assigned,aruco:650,confirmed,,in_domain,true
2026-06-23/bee-30,2026-06-23,30,aruco:580,aruco,580,assigned,2,1;2,aruco:580,decoder_conflict,decoder_competition_or_disagreement,aruco:580,assigned,aruco:580,confirmed,,in_domain,true
2026-06-23/bee-31,2026-06-23,31,aruco:732,aruco,732,assigned,1,1,aruco:732,decoder_conflict,decoder_competition_or_disagreement,aruco:732,assigned,aruco:732,confirmed,,in_domain,true
2026-06-23/bee-32,2026-06-23,32,aruco:707,aruco,707,assigned,1,1,aruco:707,decoder_confirmed_with_competing_ids,decoder_competition_or_disagreement,aruco:707,assigned,aruco:707,confirmed,,in_domain,true
2026-06-23/bee-33,2026-06-23,33,aruco:694,aruco,694,assigned,2,1;2,aruco:694,decoder_conflict;decoder_no_confirmation,decoder_competition_or_disagreement;decoder_did_not_confirm_all_images,aruco:694,assigned,aruco:694,confirmed,,in_domain,true
2026-06-23/bee-34,2026-06-23,34,aruco:712,aruco,712,assigned,2,1;2,aruco:712,decoder_conflict,decoder_competition_or_disagreement,aruco:712,assigned,aruco:712,confirmed,,in_domain,true
2026-06-23/bee-35,2026-06-23,35,aruco:590,aruco,590,assigned,1,1,aruco:590,decoder_conflict,decoder_competition_or_disagreement,aruco:590,assigned,aruco:590,confirmed,,in_domain,true
2026-06-23/bee-36,2026-06-23,36,aruco:558,aruco,558,assigned,1,1,aruco:987,decoder_conflict,decoder_competition_or_disagreement,aruco:987,assigned,aruco:558,confirmed,,in_domain,true
2026-06-23/bee-37,2026-06-23,37,aruco:667,aruco,667,assigned,2,1;2,aruco:667,decoder_conflict;decoder_no_confirmation,decoder_competition_or_disagreement;decoder_did_not_confirm_all_images,aruco:667,assigned,aruco:667,confirmed,,in_domain,true
2026-06-23/bee-38,2026-06-23,38,aruco:659,aruco,659,assigned,2,1;2,aruco:659,decoder_conflict,decoder_competition_or_disagreement,aruco:659,assigned,aruco:659,confirmed,,in_domain,true
2026-06-23/bee-39,2026-06-23,39,aruco:504,aruco,504,assigned,2,1;2,aruco:504,decoder_no_confirmation,decoder_did_not_confirm_all_images,aruco:504,assigned,aruco:504,confirmed,,in_domain,true
2026-06-23/bee-40,2026-06-23,40,aruco:597,aruco,597,assigned,2,1;2,aruco:597,decoder_conflict;decoder_no_confirmation,decoder_competition_or_disagreement;decoder_did_not_confirm_all_images,aruco:597,assigned,aruco:597,confirmed,,in_domain,true
2026-06-23/bee-41,2026-06-23,41,aruco:654,aruco,654,assigned,3,1;2;3,aruco:654,decoder_confirmed;decoder_conflict,decoder_competition_or_disagreement,aruco:654,assigned,aruco:654,confirmed,,in_domain,true
2026-06-23/bee-42,2026-06-23,42,aruco:696,aruco,696,assigned,1,1,aruco:696,decoder_no_confirmation,decoder_did_not_confirm_all_images,aruco:696,assigned,aruco:696,confirmed,,in_domain,true
2026-06-23/bee-43,2026-06-23,43,aruco:542,aruco,542,assigned,1,1,aruco:542,decoder_conflict,decoder_competition_or_disagreement,aruco:542,assigned,aruco:542,confirmed,,in_domain,true
2026-06-23/bee-44,2026-06-23,44,aruco:506,aruco,506,assigned,2,1;2,aruco:506,decoder_conflict,decoder_competition_or_disagreement,aruco:506,assigned,aruco:506,confirmed,,in_domain,true
2026-06-23/bee-45,2026-06-23,45,aruco:614,aruco,614,assigned,2,1;2,aruco:614,decoder_conflict,decoder_competition_or_disagreement;same_tag_used_by_multiple_bee_numbers_same_day,aruco:614,assigned,aruco:614,confirmed,,in_domain,true
2026-06-23/bee-46,2026-06-23,46,aruco:682,aruco,682,assigned,1,1,aruco:682,decoder_conflict,decoder_competition_or_disagreement,aruco:682,assigned,aruco:682,confirmed,,in_domain,true
2026-06-24/bee-1,2026-06-24,1,aruco:606,aruco,606,assigned,1,1,aruco:606,decoder_confirmed_with_competing_ids,decoder_competition_or_disagreement,aruco:606,assigned,aruco:606,confirmed,,in_domain,true
2026-06-24/bee-2,2026-06-24,2,aruco:441,aruco,441,assigned,1,1,aruco:441,decoder_conflict,decoder_competition_or_disagreement,aruco:441,assigned,aruco:441,confirmed,,in_domain,true
2026-06-24/bee-3,2026-06-24,3,aruco:547,aruco,547,assigned,1,1,aruco:547,decoder_no_confirmation,decoder_did_not_confirm_all_images,aruco:547,assigned,aruco:547,confirmed,,in_domain,true
2026-06-24/bee-4,2026-06-24,4,aruco:529,aruco,529,assigned,2,1;2,aruco:529,decoder_confirmed;decoder_no_confirmation,decoder_did_not_confirm_all_images,aruco:529,assigned,aruco:529,confirmed,,in_domain,true
2026-06-24/bee-5,2026-06-24,5,aruco:511,aruco,511,assigned,1,1,aruco:511,decoder_conflict,decoder_competition_or_disagreement,aruco:511,assigned,aruco:511,confirmed,,in_domain,true
2026-06-24/bee-6,2026-06-24,6,aruco:528,aruco,528,assigned,1,1,aruco:528,decoder_no_confirmation,decoder_did_not_confirm_all_images,aruco:528,assigned,aruco:528,confirmed,,in_domain,true
2026-06-24/bee-7,2026-06-24,7,aruco:550,aruco,550,assigned,1,1,aruco:550,decoder_no_confirmation,decoder_did_not_confirm_all_images,aruco:550,assigned,aruco:550,confirmed,,in_domain,true
2026-06-24/bee-8,2026-06-24,8,aruco:540,aruco,540,assigned,1,1,aruco:540,decoder_no_confirmation,decoder_did_not_confirm_all_images,aruco:540,assigned,aruco:540,confirmed,,in_domain,true
2026-06-24/bee-9,2026-06-24,9,aruco:713,aruco,713,assigned,1,1,aruco:713,decoder_no_confirmation,decoder_did_not_confirm_all_images,aruco:713,assigned,aruco:713,confirmed,,in_domain,true
2026-06-24/bee-10,2026-06-24,10,aruco:566,aruco,566,assigned,1,1,aruco:566,decoder_conflict,decoder_competition_or_disagreement,aruco:566,assigned,aruco:566,confirmed,,in_domain,true
2026-06-24/bee-11,2026-06-24,11,aruco:609,aruco,609,assigned,1,1,aruco:609,decoder_conflict,decoder_competition_or_disagreement,aruco:609,assigned,aruco:609,confirmed,,in_domain,true
2026-06-24/bee-12,2026-06-24,12,aruco:499,aruco,499,assigned,2,1;2,aruco:499,decoder_confirmed_with_competing_ids;decoder_no_confirmation,decoder_competition_or_disagreement;decoder_did_not_confirm_all_images,aruco:499,assigned,aruco:499,confirmed,,in_domain,true
2026-06-24/bee-13,2026-06-24,13,aruco:482,aruco,482,assigned,2,1;2,aruco:482,decoder_conflict,decoder_competition_or_disagreement,aruco:482,assigned,aruco:482,confirmed,,in_domain,true
2026-06-24/bee-14,2026-06-24,14,aruco:549,aruco,549,assigned,1,1,aruco:549,decoder_confirmed_with_competing_ids,decoder_competition_or_disagreement,aruco:549,assigned,aruco:549,confirmed,,in_domain,true
2026-06-24/bee-15,2026-06-24,15,aruco:648,aruco,648,assigned,1,1,aruco:648,decoder_conflict,decoder_competition_or_disagreement,aruco:648,assigned,aruco:648,confirmed,,in_domain,true
2026-06-24/bee-16,2026-06-24,16,aruco:561,aruco,561,assigned,1,1,aruco:561,decoder_confirmed,,aruco:561,assigned,aruco:561,confirmed,,in_domain,true
2026-06-24/bee-17,2026-06-24,17,aruco:635,aruco,635,assigned,1,1,aruco:635,decoder_conflict,decoder_competition_or_disagreement,aruco:635,assigned,aruco:635,confirmed,,in_domain,true
2026-06-24/bee-18,2026-06-24,18,aruco:626,aruco,626,assigned,1,1,aruco:626,decoder_conflict,decoder_competition_or_disagreement,aruco:626,assigned,aruco:626,confirmed,,in_domain,true
2026-06-24/bee-19,2026-06-24,19,aruco:629,aruco,629,assigned,1,1,aruco:629,decoder_no_confirmation,decoder_did_not_confirm_all_images,aruco:629,assigned,aruco:629,confirmed,,in_domain,true
2026-06-24/bee-20,2026-06-24,20,aruco:727,aruco,727,assigned,2,1;2,aruco:727,decoder_conflict,decoder_competition_or_disagreement,aruco:727,assigned,aruco:727,confirmed,,in_domain,true
2026-06-24/bee-21,2026-06-24,21,aruco:559,aruco,559,assigned,2,1;2,aruco:559,decoder_confirmed;decoder_no_confirmation,decoder_did_not_confirm_all_images,aruco:559,assigned,aruco:559,confirmed,,in_domain,true
2026-06-24/bee-22,2026-06-24,22,aruco:530,aruco,530,assigned,1,1,aruco:530,decoder_conflict,decoder_competition_or_disagreement,aruco:530,assigned,aruco:530,confirmed,,in_domain,true
2026-06-24/bee-23,2026-06-24,23,aruco:677,aruco,677,assigned,1,1,aruco:677,decoder_no_confirmation,decoder_did_not_confirm_all_images,aruco:677,assigned,aruco:677,confirmed,,in_domain,true
2026-06-24/bee-24,2026-06-24,24,aruco:731,aruco,731,assigned,1,1,aruco:731,decoder_conflict,decoder_competition_or_disagreement,aruco:731,assigned,aruco:731,confirmed,,in_domain,true
2026-06-24/bee-25,2026-06-24,25,aruco:647,aruco,647,assigned,1,1,aruco:647,decoder_confirmed_with_competing_ids,decoder_competition_or_disagreement,aruco:647,assigned,aruco:647,confirmed,,in_domain,true
2026-06-24/bee-26,2026-06-24,26,aruco:688,aruco,688,assigned,1,1,aruco:688,decoder_conflict,decoder_competition_or_disagreement,aruco:688,assigned,aruco:688,confirmed,,in_domain,true
2026-06-24/bee-27,2026-06-24,27,aruco:844,aruco,844,assigned,1,1,aruco:844,decoder_conflict,decoder_competition_or_disagreement,aruco:844,assigned,aruco:844,confirmed,,in_domain,true
2026-06-24/bee-28,2026-06-24,28,aruco:923,aruco,923,assigned,1,1,aruco:923,decoder_conflict,decoder_competition_or_disagreement,aruco:923,assigned,aruco:923,confirmed,,in_domain,true
2026-06-24/bee-29,2026-06-24,29,aruco:866,aruco,866,assigned,1,1,aruco:866,decoder_conflict,decoder_competition_or_disagreement,aruco:866,assigned,aruco:866,confirmed,,in_domain,true
2026-06-24/bee-30,2026-06-24,30,aruco:737,aruco,737,assigned,2,1;2,aruco:737,decoder_conflict;decoder_no_confirmation,decoder_competition_or_disagreement;decoder_did_not_confirm_all_images,aruco:737,assigned,aruco:737,confirmed,,in_domain,true
2026-06-24/bee-31,2026-06-24,31,aruco:848,aruco,848,assigned,1,1,aruco:848,decoder_conflict,decoder_competition_or_disagreement,aruco:848,assigned,aruco:848,confirmed,,in_domain,true
2026-06-24/bee-32,2026-06-24,32,aruco:843,aruco,843,assigned,2,1;2,aruco:843,decoder_confirmed;decoder_no_confirmation,decoder_did_not_confirm_all_images,aruco:843,assigned,aruco:843,confirmed,,in_domain,true
2026-06-24/bee-33,2026-06-24,33,aruco:812,aruco,812,assigned,1,1,aruco:812,decoder_confirmed_with_competing_ids,decoder_competition_or_disagreement,aruco:812,assigned,aruco:812,confirmed,,in_domain,true
2026-06-24/bee-34,2026-06-24,34,aruco:813,aruco,813,assigned,2,1;2,aruco:813,decoder_confirmed;decoder_no_confirmation,decoder_did_not_confirm_all_images,aruco:813,assigned,aruco:813,confirmed,,in_domain,true
2026-06-24/bee-35,2026-06-24,35,aruco:748,aruco,748,assigned,2,1;2,aruco:748,decoder_conflict;decoder_no_confirmation,decoder_competition_or_disagreement;decoder_did_not_confirm_all_images,aruco:748,assigned,aruco:748,confirmed,,in_domain,true
2026-06-24/bee-36,2026-06-24,36,aruco:919,aruco,919,assigned,2,1;2,aruco:919,decoder_conflict,decoder_competition_or_disagreement,aruco:919,assigned,aruco:919,confirmed,,in_domain,true
2026-06-24/bee-37,2026-06-24,37,aruco:774,aruco,774,assigned,1,1,aruco:774,decoder_conflict,decoder_competition_or_disagreement,aruco:774,assigned,aruco:774,confirmed,,in_domain,true
2026-06-24/bee-38,2026-06-24,38,aruco:492,aruco,492,assigned,1,1,aruco:492,decoder_conflict,decoder_competition_or_disagreement,aruco:492,assigned,aruco:492,confirmed,,in_domain,true
2026-06-24/bee-39,2026-06-24,39,aruco:777,aruco,777,assigned,1,1,aruco:777,decoder_confirmed,,aruco:777,assigned,aruco:777,confirmed,,in_domain,true
2026-06-24/bee-40,2026-06-24,40,aruco:586,aruco,586,assigned,1,1,aruco:692,decoder_conflict,decoder_competition_or_disagreement,aruco:692,assigned,aruco:586,confirmed,,in_domain,true
2026-06-24/bee-41,2026-06-24,41,aruco:689,aruco,689,assigned,1,1,aruco:689,decoder_no_confirmation,decoder_did_not_confirm_all_images,aruco:689,assigned,aruco:689,confirmed,,in_domain,true
2026-06-24/bee-42,2026-06-24,42,aruco:817,aruco,817,assigned,1,1,aruco:817,decoder_conflict,decoder_competition_or_disagreement,aruco:817,assigned,aruco:817,confirmed,,in_domain,true
2026-06-24/bee-43,2026-06-24,43,aruco:890,aruco,890,assigned,2,1;2,aruco:890,decoder_confirmed_with_competing_ids;decoder_conflict,decoder_competition_or_disagreement,aruco:890,assigned,aruco:890,confirmed,,in_domain,true
2026-06-24/bee-44,2026-06-24,44,aruco:757,aruco,757,assigned,1,1,aruco:757,decoder_conflict,decoder_competition_or_disagreement,aruco:757,assigned,aruco:757,confirmed,,in_domain,true
2026-06-30/bee-1,2026-06-30,1,aruco:828,aruco,828,assigned,2,1;2,aruco:828,decoder_conflict;decoder_no_confirmation,decoder_competition_or_disagreement;decoder_did_not_confirm_all_images,aruco:828,assigned,aruco:828,confirmed,,in_domain,true
2026-06-30/bee-2,2026-06-30,2,aruco:925,aruco,925,assigned,1,1,aruco:925,decoder_conflict,decoder_competition_or_disagreement,aruco:925,assigned,aruco:925,confirmed,,in_domain,true
2026-06-30/bee-3,2026-06-30,3,aruco:805,aruco,805,assigned,1,1,aruco:805,decoder_conflict,decoder_competition_or_disagreement,aruco:805,assigned,aruco:805,confirmed,,in_domain,true
2026-06-30/bee-4,2026-06-30,4,aruco:859,aruco,859,assigned,1,1,aruco:859,decoder_conflict,decoder_competition_or_disagreement,aruco:859,assigned,aruco:859,confirmed,,in_domain,true
2026-06-30/bee-5,2026-06-30,5,aruco:876,aruco,876,assigned,2,1;2,aruco:876,decoder_conflict;decoder_no_confirmation,decoder_competition_or_disagreement;decoder_did_not_confirm_all_images,aruco:876,assigned,aruco:876,confirmed,,in_domain,true
2026-06-30/bee-6,2026-06-30,6,aruco:929,aruco,929,assigned,2,1;2,aruco:929,decoder_conflict;decoder_no_confirmation,decoder_competition_or_disagreement;decoder_did_not_confirm_all_images,aruco:929,assigned,aruco:929,confirmed,,in_domain,true
2026-06-30/bee-7,2026-06-30,7,aruco:787,aruco,787,assigned,2,1;2,aruco:787,decoder_conflict,decoder_competition_or_disagreement,aruco:787,assigned,aruco:787,confirmed,,in_domain,true
2026-06-30/bee-8,2026-06-30,8,aruco:829,aruco,829,assigned,1,1,aruco:829,decoder_no_confirmation,decoder_did_not_confirm_all_images,aruco:829,assigned,aruco:829,confirmed,,in_domain,true
2026-06-30/bee-9,2026-06-30,9,aruco:770,aruco,770,assigned,1,1,aruco:770,decoder_conflict,decoder_competition_or_disagreement,aruco:770,assigned,aruco:770,confirmed,,in_domain,true
2026-07-01/bee-1,2026-07-01,1,aruco:904,aruco,904,assigned,1,1,aruco:904,decoder_no_confirmation,decoder_did_not_confirm_all_images,aruco:904,assigned,aruco:904,confirmed,,in_domain,true
2026-07-01/bee-2,2026-07-01,2,aruco:851,aruco,851,assigned,1,1,aruco:851,decoder_conflict,decoder_competition_or_disagreement,aruco:851,assigned,aruco:851,confirmed,,in_domain,true
2026-07-01/bee-3,2026-07-01,3,aruco:759,aruco,759,assigned,1,1,aruco:759,decoder_confirmed_with_competing_ids,decoder_competition_or_disagreement,aruco:759,assigned,aruco:759,confirmed,,in_domain,true
2026-07-01/bee-750,2026-07-01,750,aruco:750,aruco,750,assigned,1,1,aruco:750,decoder_confirmed,,aruco:750,assigned,aruco:750,confirmed,,in_domain,true
2026-07-01/bee-751,2026-07-01,751,aruco:778,aruco,778,assigned,1,1,aruco:778,decoder_conflict,decoder_competition_or_disagreement,aruco:778,assigned,aruco:778,confirmed,,in_domain,true
2026-07-01/bee-752,2026-07-01,752,aruco:835,aruco,835,assigned,1,1,aruco:835,decoder_conflict,decoder_competition_or_disagreement,aruco:835,assigned,aruco:835,confirmed,,in_domain,true
2026-07-01/bee-753,2026-07-01,753,aruco:875,aruco,875,assigned,1,1,aruco:875,decoder_conflict,decoder_competition_or_disagreement,aruco:875,assigned,aruco:875,confirmed,,in_domain,true
2026-07-01/bee-754,2026-07-01,754,aruco:804,aruco,804,assigned,1,1,aruco:804,decoder_no_confirmation,decoder_did_not_confirm_all_images,aruco:804,assigned,aruco:804,confirmed,,in_domain,true
2026-07-01/bee-755,2026-07-01,755,aruco:920,aruco,920,assigned,1,1,aruco:920,decoder_no_confirmation,decoder_did_not_confirm_all_images,aruco:920,assigned,aruco:920,confirmed,,in_domain,true
2026-07-01/bee-756,2026-07-01,756,aruco:833,aruco,833,assigned,1,1,aruco:833,decoder_conflict,decoder_competition_or_disagreement,aruco:833,assigned,aruco:833,confirmed,,in_domain,true
2026-07-01/bee-757,2026-07-01,757,aruco:889,aruco,889,assigned,2,1;2,aruco:889,decoder_no_confirmation,decoder_did_not_confirm_all_images,aruco:889,assigned,aruco:889,confirmed,,in_domain,true
2026-07-01/bee-758,2026-07-01,758,aruco:744,aruco,744,assigned,1,1,aruco:744,decoder_conflict,decoder_competition_or_disagreement,aruco:744,assigned,aruco:744,confirmed,,in_domain,true
2026-07-01/bee-759,2026-07-01,759,aruco:743,aruco,743,assigned,1,1,aruco:743,decoder_conflict,decoder_competition_or_disagreement,aruco:743,assigned,aruco:743,confirmed,,in_domain,true
2026-07-01/bee-760,2026-07-01,760,aruco:819,aruco,819,assigned,1,1,aruco:819,decoder_confirmed,,aruco:819,assigned,aruco:819,confirmed,,in_domain,true
2026-07-01/bee-761,2026-07-01,761,aruco:841,aruco,841,assigned,2,1;2,aruco:841,decoder_conflict;decoder_no_confirmation,decoder_competition_or_disagreement;decoder_did_not_confirm_all_images,aruco:841,assigned,aruco:841,confirmed,,in_domain,true
2026-07-01/bee-762,2026-07-01,762,aruco:840,aruco,840,assigned,1,1,aruco:840,decoder_no_confirmation,decoder_did_not_confirm_all_images,aruco:840,assigned,aruco:840,confirmed,,in_domain,true
2026-07-01/bee-763,2026-07-01,763,aruco:739,aruco,739,assigned,1,1,aruco:739,decoder_no_confirmation,decoder_did_not_confirm_all_images,aruco:739,assigned,aruco:739,confirmed,,in_domain,true
2026-07-01/bee-764,2026-07-01,764,aruco:807,aruco,807,assigned,2,1;2,aruco:807,decoder_no_confirmation,decoder_did_not_confirm_all_images,aruco:807,assigned,aruco:807,confirmed,,in_domain,true
2026-07-01/bee-765,2026-07-01,765,aruco:891,aruco,891,assigned,2,1;2,aruco:891,decoder_confirmed;decoder_no_confirmation,decoder_did_not_confirm_all_images,aruco:891,assigned,aruco:891,confirmed,,in_domain,true
2026-07-01/bee-766,2026-07-01,766,aruco:788,aruco,788,assigned,1,1,aruco:788,decoder_confirmed,,aruco:788,assigned,aruco:788,confirmed,,in_domain,true
2026-07-01/bee-767,2026-07-01,767,aruco:846,aruco,846,assigned,2,1;2,aruco:846,decoder_conflict,decoder_competition_or_disagreement,aruco:846,assigned,aruco:846,confirmed,,in_domain,true
2026-07-01/bee-768,2026-07-01,768,aruco:818,aruco,818,assigned,1,1,aruco:818,decoder_confirmed,,aruco:818,assigned,aruco:818,confirmed,,in_domain,true
2026-07-01/bee-769,2026-07-01,769,aruco:776,aruco,776,assigned,1,1,aruco:776,decoder_no_confirmation,decoder_did_not_confirm_all_images,aruco:776,assigned,aruco:776,confirmed,,in_domain,true
2026-07-01/bee-770,2026-07-01,770,aruco:768,aruco,768,assigned,2,1;2,aruco:768,decoder_no_confirmation,decoder_did_not_confirm_all_images,aruco:768,assigned,aruco:768,confirmed,,in_domain,true
2026-07-01/bee-771,2026-07-01,771,aruco:758,aruco,758,assigned,1,1,aruco:758,decoder_confirmed,,aruco:758,assigned,aruco:758,confirmed,,in_domain,true
2026-07-06/bee-1,2026-07-06,1,aruco:862,aruco,862,assigned,2,1;2,aruco:862,decoder_conflict,decoder_competition_or_disagreement,aruco:862,assigned,aruco:862,confirmed,,in_domain,true
2026-07-06/bee-2,2026-07-06,2,aruco:773,aruco,773,assigned,1,1,aruco:773,decoder_conflict,decoder_competition_or_disagreement,aruco:773,assigned,aruco:773,confirmed,,in_domain,true
2026-07-06/bee-3,2026-07-06,3,aruco:930,aruco,930,assigned,1,1,aruco:930,decoder_confirmed,,aruco:930,assigned,aruco:930,confirmed,,in_domain,true
2026-07-06/bee-4,2026-07-06,4,aruco:881,aruco,881,assigned,1,1,aruco:881,decoder_no_confirmation,decoder_did_not_confirm_all_images,aruco:881,assigned,aruco:881,confirmed,,in_domain,true
2026-07-06/bee-5,2026-07-06,5,aruco:906,aruco,906,assigned,1,1,aruco:906,decoder_conflict,decoder_competition_or_disagreement,aruco:906,assigned,aruco:906,confirmed,,in_domain,true
2026-07-06/bee-6,2026-07-06,6,aruco:823,aruco,823,assigned,1,1,aruco:823,decoder_conflict,decoder_competition_or_disagreement,aruco:823,assigned,aruco:823,confirmed,,in_domain,true
2026-07-06/bee-7,2026-07-06,7,aruco:885,aruco,885,assigned,1,1,aruco:885,decoder_conflict,decoder_competition_or_disagreement,aruco:885,assigned,aruco:885,confirmed,,in_domain,true
2026-07-06/bee-8,2026-07-06,8,aruco:809,aruco,809,assigned,1,1,aruco:809,decoder_conflict,decoder_competition_or_disagreement,aruco:809,assigned,aruco:809,confirmed,,in_domain,true
2026-07-06/bee-9,2026-07-06,9,aruco:825,aruco,825,assigned,2,1;2,aruco:190,decoder_conflict,decoder_competition_or_disagreement;same_tag_used_by_multiple_bee_numbers_same_day,aruco:190,assigned,aruco:825,confirmed,,in_domain,true
2026-07-06/bee-10,2026-07-06,10,aruco:928,aruco,928,assigned,2,1;2,aruco:928,decoder_conflict,decoder_competition_or_disagreement,aruco:928,assigned,aruco:928,confirmed,,in_domain,true
2026-07-06/bee-11,2026-07-06,11,aruco:837,aruco,837,assigned,2,1;2,aruco:837,decoder_confirmed_with_competing_ids;decoder_no_confirmation,decoder_competition_or_disagreement;decoder_did_not_confirm_all_images,aruco:837,assigned,aruco:837,confirmed,,in_domain,true
2026-07-06/bee-12,2026-07-06,12,aruco:931,aruco,931,assigned,1,1,aruco:931,decoder_no_confirmation,decoder_did_not_confirm_all_images,aruco:931,assigned,aruco:931,confirmed,,in_domain,true
2026-07-06/bee-13,2026-07-06,13,aruco:907,aruco,907,assigned,2,1;2,aruco:907,decoder_confirmed_with_competing_ids;decoder_conflict,decoder_competition_or_disagreement,aruco:907,assigned,aruco:907,confirmed,,in_domain,true
2026-07-06/bee-14,2026-07-06,14,aruco:895,aruco,895,assigned,1,1,aruco:895,decoder_conflict,decoder_competition_or_disagreement,aruco:895,assigned,aruco:895,confirmed,,in_domain,true
2026-07-07/bee-1,2026-07-07,1,aruco:647,aruco,647,assigned,1,1,aruco:647,decoder_conflict,decoder_competition_or_disagreement,aruco:647,assigned,aruco:647,confirmed,,in_domain,true
2026-07-07/bee-2,2026-07-07,2,aruco:836,aruco,836,assigned,1,1,aruco:836,decoder_no_confirmation,decoder_did_not_confirm_all_images,aruco:836,assigned,aruco:836,confirmed,,in_domain,true
2026-07-07/bee-3,2026-07-07,3,aruco:745,aruco,745,assigned,2,1;2,aruco:745,decoder_conflict,decoder_competition_or_disagreement,aruco:745,assigned,aruco:745,confirmed,,in_domain,true
2026-07-07/bee-4,2026-07-07,4,aruco:893,aruco,893,assigned,1,1,aruco:893,decoder_conflict,decoder_competition_or_disagreement,aruco:893,assigned,aruco:893,confirmed,,in_domain,true
2026-07-07/bee-5,2026-07-07,5,aruco:865,aruco,865,assigned,1,1,aruco:865,decoder_conflict,decoder_competition_or_disagreement,aruco:865,assigned,aruco:865,confirmed,,in_domain,true
2026-07-07/bee-6,2026-07-07,6,aruco:918,aruco,918,assigned,1,1,aruco:918,decoder_conflict,decoder_competition_or_disagreement,aruco:918,assigned,aruco:918,confirmed,,in_domain,true
2026-07-07/bee-7,2026-07-07,7,aruco:821,aruco,821,assigned,1,1,aruco:821,decoder_conflict,decoder_competition_or_disagreement,aruco:821,assigned,aruco:821,confirmed,,in_domain,true
2026-07-07/bee-8,2026-07-07,8,aruco:858,aruco,858,assigned,2,1;2,aruco:858,decoder_confirmed;decoder_conflict,decoder_competition_or_disagreement,aruco:858,assigned,aruco:858,confirmed,,in_domain,true
2026-07-07/bee-9,2026-07-07,9,aruco:848,aruco,848,assigned,2,1;2,aruco:848,decoder_conflict,decoder_competition_or_disagreement,aruco:848,assigned,aruco:848,confirmed,,in_domain,true
2026-07-07/bee-10,2026-07-07,10,aruco:869,aruco,869,assigned,1,1,aruco:869,decoder_confirmed,,aruco:869,assigned,aruco:869,confirmed,,in_domain,true
2026-07-07/bee-11,2026-07-07,11,aruco:806,aruco,806,assigned,2,1;2,aruco:806,decoder_conflict;decoder_no_confirmation,decoder_competition_or_disagreement;decoder_did_not_confirm_all_images,aruco:806,assigned,aruco:806,confirmed,,in_domain,true
2026-07-07/bee-12,2026-07-07,12,aruco:908,aruco,908,assigned,1,1,aruco:908,decoder_conflict,decoder_competition_or_disagreement,aruco:908,assigned,aruco:908,confirmed,,in_domain,true
2026-07-07/bee-13,2026-07-07,13,aruco:785,aruco,785,assigned,1,1,aruco:785,decoder_conflict,decoder_competition_or_disagreement,aruco:785,assigned,aruco:785,confirmed,,in_domain,true
2026-07-07/bee-14,2026-07-07,14,aruco:880,aruco,880,assigned,1,1,aruco:880,decoder_confirmed,,aruco:880,assigned,aruco:880,confirmed,,in_domain,true
2026-07-07/bee-15,2026-07-07,15,aruco:755,aruco,755,assigned,1,1,aruco:755,decoder_no_confirmation,decoder_did_not_confirm_all_images,aruco:755,assigned,aruco:755,confirmed,,in_domain,true
2026-07-07/bee-16,2026-07-07,16,aruco:860,aruco,860,assigned,1,1,aruco:860,decoder_no_confirmation,decoder_did_not_confirm_all_images,aruco:860,assigned,aruco:860,confirmed,,in_domain,true
2026-07-07/bee-17,2026-07-07,17,aruco:864,aruco,864,assigned,1,1,aruco:864,decoder_confirmed,,aruco:864,assigned,aruco:864,confirmed,,in_domain,true
2026-07-07/bee-18,2026-07-07,18,aruco:856,aruco,856,assigned,1,1,aruco:856,decoder_conflict,decoder_competition_or_disagreement,aruco:856,assigned,aruco:856,confirmed,,in_domain,true
2026-07-07/bee-19,2026-07-07,19,aruco:822,aruco,822,assigned,2,1;2,aruco:822,decoder_confirmed;decoder_conflict,decoder_competition_or_disagreement,aruco:822,assigned,aruco:822,confirmed,,in_domain,true
2026-07-07/bee-20,2026-07-07,20,aruco:907,aruco,907,assigned,1,1,aruco:907,decoder_confirmed,,aruco:907,assigned,aruco:907,confirmed,,in_domain,true
2026-07-07/bee-21,2026-07-07,21,aruco:928,aruco,928,assigned,1,1,,decoder_found_id,decoder_competition_or_disagreement,,missing_tag,aruco:928,confirmed,,in_domain,true
2026-07-07/bee-22,2026-07-07,22,aruco:927,aruco,927,assigned,2,1;2,aruco:927,decoder_conflict;decoder_no_confirmation,decoder_competition_or_disagreement;decoder_did_not_confirm_all_images,aruco:927,assigned,aruco:927,confirmed,,in_domain,true
2026-07-07/bee-23,2026-07-07,23,aruco:793,aruco,793,assigned,1,1,aruco:793,decoder_conflict,decoder_competition_or_disagreement,aruco:793,assigned,aruco:793,confirmed,,in_domain,true
2026-07-07/bee-24,2026-07-07,24,aruco:791,aruco,791,assigned,1,1,aruco:791,decoder_conflict,decoder_competition_or_disagreement,aruco:791,assigned,aruco:791,confirmed,,in_domain,true
2026-07-07/bee-25,2026-07-07,25,aruco:905,aruco,905,assigned,2,1;2,aruco:905,decoder_conflict,decoder_competition_or_disagreement,aruco:905,assigned,aruco:905,confirmed,,in_domain,true
2026-07-07/bee-26,2026-07-07,26,aruco:867,aruco,867,assigned,2,1;2,aruco:867,decoder_confirmed_with_competing_ids;decoder_no_confirmation,decoder_competition_or_disagreement;decoder_did_not_confirm_all_images,aruco:867,assigned,aruco:867,confirmed,,in_domain,true
2026-07-07/bee-27,2026-07-07,27,aruco:802,aruco,802,assigned,1,1,aruco:802,decoder_conflict,decoder_competition_or_disagreement,aruco:802,assigned,aruco:802,confirmed,,in_domain,true
2026-07-07/bee-28,2026-07-07,28,aruco:798,aruco,798,assigned,1,1,aruco:798,decoder_conflict,decoder_competition_or_disagreement,aruco:798,assigned,aruco:798,confirmed,,in_domain,true
2026-07-07/bee-29,2026-07-07,29,aruco:771,aruco,771,assigned,2,1;2,aruco:771,decoder_conflict;decoder_no_confirmation,decoder_competition_or_disagreement;decoder_did_not_confirm_all_images,aruco:771,assigned,aruco:771,confirmed,,in_domain,true
2026-07-07/bee-30,2026-07-07,30,aruco:888,aruco,888,assigned,2,1;2,aruco:888,decoder_confirmed;decoder_conflict,decoder_competition_or_disagreement,aruco:888,assigned,aruco:888,confirmed,,in_domain,true
2026-07-07/bee-31,2026-07-07,31,aruco:834,aruco,834,assigned,1,1,aruco:834,decoder_conflict,decoder_competition_or_disagreement,aruco:834,assigned,aruco:834,confirmed,,in_domain,true
2026-07-07/bee-32,2026-07-07,32,aruco:899,aruco,899,assigned,2,1;2,aruco:899,decoder_conflict,decoder_competition_or_disagreement,aruco:899,assigned,aruco:899,confirmed,,in_domain,true
2026-07-07/bee-33,2026-07-07,33,aruco:781,aruco,781,assigned,1,1,aruco:781,decoder_confirmed,,aruco:781,assigned,aruco:781,confirmed,,in_domain,true
2026-07-07/bee-34,2026-07-07,34,aruco:810,aruco,810,assigned,1,1,aruco:37,decoder_conflict,decoder_competition_or_disagreement,aruco:37,assigned,aruco:810,confirmed,,in_domain,true
2026-07-07/bee-35,2026-07-07,35,aruco:924,aruco,924,assigned,2,1;2,aruco:924,decoder_confirmed;decoder_no_confirmation,decoder_did_not_confirm_all_images,aruco:924,assigned,aruco:924,confirmed,,in_domain,true
2026-07-07/bee-36,2026-07-07,36,aruco:825,aruco,825,assigned,1,1,aruco:825,decoder_no_confirmation,decoder_did_not_confirm_all_images,aruco:825,assigned,aruco:825,confirmed,,in_domain,true
2026-07-07/bee-37,2026-07-07,37,aruco:775,aruco,775,assigned,2,1;2,aruco:775,decoder_no_confirmation,decoder_did_not_confirm_all_images,aruco:775,assigned,aruco:775,confirmed,,in_domain,true
2026-07-07/bee-38,2026-07-07,38,aruco:816,aruco,816,assigned,1,1,aruco:816,decoder_conflict,decoder_competition_or_disagreement,aruco:816,assigned,aruco:816,confirmed,,in_domain,true
2026-07-07/bee-39,2026-07-07,39,aruco:910,aruco,910,assigned,2,1;2,aruco:910,decoder_conflict;decoder_no_confirmation,decoder_competition_or_disagreement;decoder_did_not_confirm_all_images,aruco:910,assigned,aruco:910,confirmed,,in_domain,true
2026-07-07/bee-40,2026-07-07,40,aruco:884,aruco,884,assigned,2,1;2,aruco:884,decoder_conflict,decoder_competition_or_disagreement,aruco:884,assigned,aruco:884,confirmed,,in_domain,true
2026-07-07/bee-41,2026-07-07,41,aruco:769,aruco,769,assigned,1,1,aruco:769,decoder_confirmed,,aruco:769,assigned,aruco:769,confirmed,,in_domain,true
2026-07-07/bee-42,2026-07-07,42,aruco:753,aruco,753,assigned,2,1;2,aruco:753,decoder_conflict;decoder_no_confirmation,decoder_competition_or_disagreement;decoder_did_not_confirm_all_images,aruco:753,assigned,aruco:753,confirmed,,in_domain,true
2026-07-07/bee-43,2026-07-07,43,aruco:886,aruco,886,assigned,1,1,aruco:886,decoder_confirmed,,aruco:886,assigned,aruco:886,confirmed,,in_domain,true
2026-07-07/bee-44,2026-07-07,44,aruco:826,aruco,826,assigned,2,1;2,aruco:826,decoder_conflict,decoder_competition_or_disagreement,aruco:826,assigned,aruco:826,confirmed,,in_domain,true
2026-07-07/bee-45,2026-07-07,45,aruco:830,aruco,830,assigned,2,1;2,aruco:830,decoder_conflict,decoder_competition_or_disagreement,aruco:830,assigned,aruco:830,confirmed,,in_domain,true
2026-07-07/bee-46,2026-07-07,46,aruco:811,aruco,811,assigned,2,1;2,aruco:811,decoder_conflict,decoder_competition_or_disagreement,aruco:811,assigned,aruco:811,confirmed,,in_domain,true
2026-07-07/bee-47,2026-07-07,47,aruco:761,aruco,761,assigned,1,1,aruco:761,decoder_confirmed_with_competing_ids,decoder_competition_or_disagreement,aruco:761,assigned,aruco:761,confirmed,,in_domain,true
2026-07-07/bee-48,2026-07-07,48,aruco:808,aruco,808,assigned,2,1;2,aruco:808,decoder_conflict;decoder_no_confirmation,decoder_competition_or_disagreement;decoder_did_not_confirm_all_images,aruco:808,assigned,aruco:808,confirmed,,in_domain,true
2026-07-07/bee-49,2026-07-07,49,aruco:814,aruco,814,assigned,2,1;2,aruco:814,decoder_conflict;decoder_no_confirmation,decoder_competition_or_disagreement;decoder_did_not_confirm_all_images;same_tag_used_by_multiple_bee_numbers_same_day,aruco:814,assigned,aruco:814,confirmed,,in_domain,true
2026-07-07/bee-50,2026-07-07,50,aruco:901,aruco,901,assigned,2,1;2,aruco:901,decoder_conflict,decoder_competition_or_disagreement,aruco:901,assigned,aruco:901,confirmed,,in_domain,true
2026-07-07/bee-51,2026-07-07,51,aruco:765,aruco,765,assigned,2,1;2,aruco:765,decoder_conflict;decoder_no_confirmation,decoder_competition_or_disagreement;decoder_did_not_confirm_all_images,aruco:765,assigned,aruco:765,confirmed,,in_domain,true
2026-07-07/bee-52,2026-07-07,52,aruco:783,aruco,783,assigned,2,1;2,aruco:783,decoder_conflict,decoder_competition_or_disagreement,aruco:783,assigned,aruco:783,confirmed,,in_domain,true
2026-07-07/bee-53,2026-07-07,53,aruco:874,aruco,874,assigned,1,1,aruco:874,decoder_conflict,decoder_competition_or_disagreement,aruco:874,assigned,aruco:874,confirmed,,in_domain,true
2026-07-07/bee-54,2026-07-07,54,aruco:932,aruco,932,assigned,2,1;2,aruco:393,decoder_conflict,decoder_competition_or_disagreement,aruco:393,assigned,aruco:932,confirmed,,in_domain,true
2026-07-07/bee-55,2026-07-07,55,aruco:779,aruco,779,assigned,2,1;2,aruco:779,decoder_conflict,decoder_competition_or_disagreement,aruco:779,assigned,aruco:779,confirmed,,in_domain,true
2026-07-07/bee-56,2026-07-07,56,aruco:751,aruco,751,assigned,2,1;2,aruco:751,decoder_confirmed;decoder_conflict,decoder_competition_or_disagreement,aruco:751,assigned,aruco:751,confirmed,,in_domain,true
2026-07-07/bee-57,2026-07-07,57,aruco:877,aruco,877,assigned,2,1;2,aruco:877,decoder_no_confirmation,decoder_did_not_confirm_all_images,aruco:877,assigned,aruco:877,confirmed,,in_domain,true
2026-07-07/bee-58,2026-07-07,58,aruco:897,aruco,897,assigned,1,1,aruco:897,decoder_conflict,decoder_competition_or_disagreement,aruco:897,assigned,aruco:897,confirmed,,in_domain,true
2026-07-07/bee-59,2026-07-07,59,aruco:882,aruco,882,assigned,1,1,aruco:882,decoder_no_confirmation,decoder_did_not_confirm_all_images,aruco:882,assigned,aruco:882,confirmed,,in_domain,true
2026-07-07/bee-60,2026-07-07,60,aruco:900,aruco,900,assigned,2,1;2,aruco:900,decoder_conflict,decoder_competition_or_disagreement,aruco:900,assigned,aruco:900,confirmed,,in_domain,true
2026-07-07/bee-61,2026-07-07,61,aruco:917,aruco,917,assigned,1,1,aruco:917,decoder_confirmed,,aruco:917,assigned,aruco:917,confirmed,,in_domain,true
2026-07-07/bee-62,2026-07-07,62,aruco:903,aruco,903,assigned,2,1;2,aruco:903,decoder_conflict;decoder_no_confirmation,decoder_competition_or_disagreement;decoder_did_not_confirm_all_images,aruco:903,assigned,aruco:903,confirmed,,in_domain,true
2026-07-07/bee-63,2026-07-07,63,aruco:883,aruco,883,assigned,2,1;2,aruco:883,decoder_conflict,decoder_competition_or_disagreement,aruco:883,assigned,aruco:883,confirmed,,in_domain,true
2026-07-07/bee-64,2026-07-07,64,aruco:842,aruco,842,assigned,1,1,aruco:842,decoder_conflict,decoder_competition_or_disagreement,aruco:842,assigned,aruco:842,confirmed,,in_domain,true
2026-07-07/bee-65,2026-07-07,65,aruco:824,aruco,824,assigned,1,1,aruco:824,decoder_confirmed,,aruco:824,assigned,aruco:824,confirmed,,in_domain,true
2026-07-07/bee-66,2026-07-07,66,aruco:916,aruco,916,assigned,1,1,aruco:916,decoder_no_confirmation,decoder_did_not_confirm_all_images,aruco:916,assigned,aruco:916,confirmed,,in_domain,true
2026-07-07/bee-67,2026-07-07,67,aruco:747,aruco,747,assigned,1,1,aruco:747,decoder_confirmed,,aruco:747,assigned,aruco:747,confirmed,,in_domain,true
2026-07-07/bee-68,2026-07-07,68,aruco:852,aruco,852,assigned,2,1;2,aruco:852,decoder_conflict;decoder_no_confirmation,decoder_competition_or_disagreement;decoder_did_not_confirm_all_images,aruco:852,assigned,aruco:852,confirmed,,in_domain,true
2026-07-07/bee-69,2026-07-07,69,aruco:921,aruco,921,assigned,2,1;2,aruco:921,decoder_conflict,decoder_competition_or_disagreement,aruco:921,assigned,aruco:921,confirmed,,in_domain,true
2026-07-08/bee-1,2026-07-08,1,aruco:878,aruco,878,assigned,1,1,aruco:878,decoder_conflict,decoder_competition_or_disagreement,aruco:878,assigned,aruco:878,confirmed,,in_domain,true
2026-07-08/bee-2,2026-07-08,2,aruco:926,aruco,926,assigned,1,1,aruco:926,decoder_conflict,decoder_competition_or_disagreement,aruco:926,assigned,aruco:926,confirmed,,in_domain,true
2026-07-08/bee-3,2026-07-08,3,aruco:896,aruco,896,assigned,1,1,aruco:896,decoder_conflict,decoder_competition_or_disagreement,aruco:896,assigned,aruco:896,confirmed,,in_domain,true
2026-07-08/bee-4,2026-07-08,4,aruco:780,aruco,780,assigned,1,1,aruco:780,decoder_conflict,decoder_competition_or_disagreement,aruco:780,assigned,aruco:780,confirmed,,in_domain,true
2026-07-08/bee-5,2026-07-08,5,aruco:870,aruco,870,assigned,1,1,aruco:870,decoder_confirmed_with_competing_ids,decoder_competition_or_disagreement,aruco:870,assigned,aruco:870,confirmed,,in_domain,true
2026-07-08/bee-6,2026-07-08,6,aruco:911,aruco,911,assigned,1,1,aruco:911,decoder_conflict,decoder_competition_or_disagreement,aruco:911,assigned,aruco:911,confirmed,,in_domain,true
2026-07-08/bee-7,2026-07-08,7,aruco:738,aruco,738,assigned,1,1,aruco:738,decoder_conflict,decoder_competition_or_disagreement,aruco:738,assigned,aruco:738,confirmed,,in_domain,true
2026-07-08/bee-8,2026-07-08,8,aruco:756,aruco,756,assigned,2,1;2,aruco:756,decoder_conflict,decoder_competition_or_disagreement,aruco:756,assigned,aruco:756,confirmed,,in_domain,true
2026-07-08/bee-9,2026-07-08,9,aruco:752,aruco,752,assigned,1,1,aruco:752,decoder_conflict,decoder_competition_or_disagreement,aruco:752,assigned,aruco:752,confirmed,,in_domain,true
2026-07-08/bee-10,2026-07-08,10,aruco:767,aruco,767,assigned,1,1,aruco:767,decoder_conflict,decoder_competition_or_disagreement,aruco:767,assigned,aruco:767,confirmed,,in_domain,true
2026-07-08/bee-11,2026-07-08,11,aruco:800,aruco,800,assigned,1,1,aruco:800,decoder_conflict,decoder_competition_or_disagreement,aruco:800,assigned,aruco:800,confirmed,,in_domain,true
2026-07-08/bee-12,2026-07-08,12,aruco:847,aruco,847,assigned,1,1,aruco:847,decoder_no_confirmation,decoder_did_not_confirm_all_images,aruco:847,assigned,aruco:847,confirmed,,in_domain,true
2026-07-08/bee-13,2026-07-08,13,aruco:762,aruco,762,assigned,1,1,aruco:762,decoder_no_confirmation,decoder_did_not_confirm_all_images,aruco:762,assigned,aruco:762,confirmed,,in_domain,true
2026-07-08/bee-14,2026-07-08,14,aruco:872,aruco,872,assigned,1,1,aruco:872,decoder_conflict,decoder_competition_or_disagreement,aruco:872,assigned,aruco:872,confirmed,,in_domain,true
2026-07-08/bee-15,2026-07-08,15,aruco:742,aruco,742,assigned,1,1,aruco:742,decoder_conflict,decoder_competition_or_disagreement,aruco:742,assigned,aruco:742,confirmed,,in_domain,true
2026-07-08/bee-16,2026-07-08,16,aruco:928,aruco,928,assigned,2,1;2,aruco:928,decoder_conflict,decoder_competition_or_disagreement,aruco:928,assigned,aruco:928,confirmed,,in_domain,true
2026-07-08/bee-17,2026-07-08,17,aruco:892,aruco,892,assigned,2,1;2,aruco:892,decoder_conflict,decoder_competition_or_disagreement,aruco:892,assigned,aruco:892,confirmed,,in_domain,true
2026-07-08/bee-18,2026-07-08,18,aruco:853,aruco,853,assigned,1,1,aruco:17,decoder_conflict,decoder_competition_or_disagreement;same_tag_used_by_multiple_bee_numbers_same_day,aruco:17,assigned,aruco:853,confirmed,,in_domain,true
2026-07-08/bee-19,2026-07-08,19,aruco:820,aruco,820,assigned,2,1;1,aruco:820,decoder_confirmed_with_competing_ids;decoder_found_id,decoder_competition_or_disagreement,aruco:820,assigned_with_missing_angle,aruco:820,confirmed,,in_domain,true
2026-07-08/bee-20,2026-07-08,20,aruco:915,aruco,915,assigned,2,1;2,aruco:915,decoder_conflict,decoder_competition_or_disagreement,aruco:915,assigned,aruco:915,confirmed,,in_domain,true
2026-07-08/bee-21,2026-07-08,21,aruco:839,aruco,839,assigned,2,1;2,aruco:839,decoder_confirmed;decoder_conflict,decoder_competition_or_disagreement,aruco:839,assigned,aruco:839,confirmed,,in_domain,true
2026-07-08/bee-22,2026-07-08,22,aruco:879,aruco,879,assigned,2,1;2,aruco:879,decoder_no_confirmation,decoder_did_not_confirm_all_images,aruco:879,assigned,aruco:879,confirmed,,in_domain,true
2026-07-08/bee-23,2026-07-08,23,aruco:871,aruco,871,assigned,2,1;2,aruco:871,decoder_conflict,decoder_competition_or_disagreement,aruco:871,assigned,aruco:871,confirmed,,in_domain,true
2026-07-08/bee-24,2026-07-08,24,aruco:763,aruco,763,assigned,1,1,aruco:763,decoder_conflict,decoder_competition_or_disagreement,aruco:763,assigned,aruco:763,confirmed,,in_domain,true
2026-07-08/bee-25,2026-07-08,25,aruco:749,aruco,749,assigned,1,1,aruco:749,decoder_confirmed,,aruco:749,assigned,aruco:749,confirmed,,in_domain,true
2026-07-08/bee-26,2026-07-08,26,aruco:746,aruco,746,assigned,2,1;2,aruco:746,decoder_conflict,decoder_competition_or_disagreement,aruco:746,assigned,aruco:746,confirmed,,in_domain,true
2026-07-08/bee-27,2026-07-08,27,aruco:849,aruco,849,assigned,1,1,aruco:849,decoder_no_confirmation,decoder_did_not_confirm_all_images,aruco:849,assigned,aruco:849,confirmed,,in_domain,true
2026-07-08/bee-28,2026-07-08,28,aruco:902,aruco,902,assigned,2,1;2,aruco:902,decoder_conflict,decoder_competition_or_disagreement,aruco:902,assigned,aruco:902,confirmed,,in_domain,true
2026-07-08/bee-29,2026-07-08,29,aruco:754,aruco,754,assigned,1,1,aruco:754,decoder_confirmed_with_competing_ids,decoder_competition_or_disagreement,aruco:754,assigned,aruco:754,confirmed,,in_domain,true
2026-07-08/bee-30,2026-07-08,30,aruco:786,aruco,786,assigned,1,1,aruco:786,decoder_conflict,decoder_competition_or_disagreement,aruco:786,assigned,aruco:786,confirmed,,in_domain,true
2026-07-08/bee-31,2026-07-08,31,aruco:831,aruco,831,assigned,1,1,aruco:831,decoder_confirmed_with_competing_ids,decoder_competition_or_disagreement,aruco:831,assigned,aruco:831,confirmed,,in_domain,true
2026-07-08/bee-32,2026-07-08,32,aruco:909,aruco,909,assigned,2,1;2,aruco:909,decoder_conflict,decoder_competition_or_disagreement,aruco:909,assigned,aruco:909,confirmed,,in_domain,true
2026-07-08/bee-33,2026-07-08,33,aruco:913,aruco,913,assigned,1,1,aruco:913,decoder_conflict,decoder_competition_or_disagreement,aruco:913,assigned,aruco:913,confirmed,,in_domain,true
2026-07-08/bee-34,2026-07-08,34,aruco:922,aruco,922,assigned,2,1;2,aruco:922,decoder_no_confirmation,decoder_did_not_confirm_all_images,aruco:922,assigned,aruco:922,confirmed,,in_domain,true
2026-07-08/bee-35,2026-07-08,35,aruco:912,aruco,912,assigned,1,1,aruco:912,decoder_no_confirmation,decoder_did_not_confirm_all_images,aruco:912,assigned,aruco:912,confirmed,,in_domain,true
2026-07-08/bee-36,2026-07-08,36,aruco:799,aruco,799,assigned,1,1,aruco:799,decoder_confirmed_with_competing_ids,decoder_competition_or_disagreement,aruco:799,assigned,aruco:799,confirmed,,in_domain,true
2026-07-08/bee-37,2026-07-08,37,aruco:784,aruco,784,assigned,2,1;2,aruco:784,decoder_conflict,decoder_competition_or_disagreement,aruco:784,assigned,aruco:784,confirmed,,in_domain,true
2026-07-08/bee-38,2026-07-08,38,aruco:760,aruco,760,assigned,1,1,aruco:760,decoder_no_confirmation,decoder_did_not_confirm_all_images,aruco:760,assigned,aruco:760,confirmed,,in_domain,true
2026-07-08/bee-39,2026-07-08,39,aruco:854,aruco,854,assigned,1,1,aruco:854,decoder_conflict,decoder_competition_or_disagreement,aruco:854,assigned,aruco:854,confirmed,,in_domain,true
2026-07-08/bee-40,2026-07-08,40,aruco:914,aruco,914,assigned,1,1,aruco:814,decoder_no_confirmation,decoder_did_not_confirm_all_images;same_tag_used_by_multiple_bee_numbers_same_day,aruco:814,assigned,aruco:914,confirmed,,in_domain,true
2026-07-08/bee-41,2026-07-08,41,aruco:857,aruco,857,assigned,1,1,aruco:857,decoder_no_confirmation,decoder_did_not_confirm_all_images,aruco:857,assigned,aruco:857,confirmed,,in_domain,true
2026-07-08/bee-42,2026-07-08,42,aruco:881,aruco,881,assigned,1,1,aruco:881,decoder_conflict,decoder_competition_or_disagreement,aruco:881,assigned,aruco:881,confirmed,,in_domain,true
2026-07-08/bee-43,2026-07-08,43,aruco:897,aruco,897,assigned,1,1,aruco:897,decoder_conflict,decoder_competition_or_disagreement,aruco:897,assigned,aruco:897,confirmed,,in_domain,true
2026-07-08/bee-44,2026-07-08,44,aruco:814,aruco,814,assigned,2,1;1,aruco:814,decoder_conflict;decoder_no_confirmation,decoder_competition_or_disagreement;decoder_did_not_confirm_all_images;same_tag_used_by_multiple_bee_numbers_same_day,aruco:814,assigned,aruco:814,confirmed,,in_domain,true
2026-07-08/bee-45,2026-07-08,45,aruco:903,aruco,903,assigned,1,1,aruco:190,decoder_conflict,decoder_competition_or_disagreement;same_tag_used_by_multiple_bee_numbers_same_day,aruco:190,assigned,aruco:903,confirmed,,in_domain,true
2026-07-08/bee-46,2026-07-08,46,aruco:826,aruco,826,assigned,1,1,aruco:826,decoder_no_confirmation,decoder_did_not_confirm_all_images,aruco:826,assigned,aruco:826,confirmed,,in_domain,true
2026-07-13/bee-1,2026-07-13,1,aruco:740,aruco,740,assigned,2,1;2,aruco:740,decoder_conflict,decoder_competition_or_disagreement,aruco:740,assigned,aruco:740,confirmed,,in_domain,true
2026-07-13/bee-2,2026-07-13,2,aruco:832,aruco,832,assigned,1,1,aruco:832,decoder_confirmed_with_competing_ids,decoder_competition_or_disagreement,aruco:832,assigned,aruco:832,confirmed,,in_domain,true
2026-07-13/bee-3,2026-07-13,3,aruco:898,aruco,898,assigned,1,1,aruco:898,decoder_conflict,decoder_competition_or_disagreement,aruco:898,assigned,aruco:898,confirmed,,in_domain,true
2026-07-13/bee-4,2026-07-13,4,aruco:868,aruco,868,assigned,2,1;2,aruco:868,decoder_confirmed;decoder_conflict,decoder_competition_or_disagreement,aruco:868,assigned,aruco:868,confirmed,,in_domain,true
2026-07-13/bee-5,2026-07-13,5,aruco:766,aruco,766,assigned,2,1;2,aruco:766,decoder_conflict;decoder_no_confirmation,decoder_competition_or_disagreement;decoder_did_not_confirm_all_images,aruco:766,assigned,aruco:766,confirmed,,in_domain,true
2026-07-13/bee-6,2026-07-13,6,aruco:838,aruco,838,assigned,1,1,aruco:838,decoder_conflict,decoder_competition_or_disagreement,aruco:838,assigned,aruco:838,confirmed,,in_domain,true
2026-07-13/bee-7,2026-07-13,7,aruco:894,aruco,894,assigned,2,1;2,aruco:894,decoder_conflict,decoder_competition_or_disagreement,aruco:894,assigned,aruco:894,confirmed,,in_domain,true
2026-07-13/bee-8,2026-07-13,8,aruco:762,aruco,762,assigned,1,1,,no_tag_decoded,decoder_did_not_confirm_all_images,,missing_tag,aruco:762,confirmed,,in_domain,true
2026-07-13/bee-9,2026-07-13,9,aruco:814,aruco,814,assigned,1,1,aruco:814,decoder_conflict,decoder_competition_or_disagreement;same_tag_used_by_multiple_bee_numbers_same_day,aruco:814,assigned,aruco:814,confirmed,,in_domain,true
2026-07-13/bee-10,2026-07-13,10,aruco:826,aruco,826,assigned,1,1,aruco:826,decoder_conflict,decoder_competition_or_disagreement,aruco:826,assigned,aruco:826,confirmed,,in_domain,true
2026-07-13/bee-11,2026-07-13,11,aruco:850,aruco,850,assigned,1,1,aruco:850,decoder_no_confirmation,decoder_did_not_confirm_all_images,aruco:850,assigned,aruco:850,confirmed,,in_domain,true
2026-07-13/bee-12,2026-07-13,12,aruco:764,aruco,764,assigned,2,1;2,aruco:764,decoder_conflict;decoder_no_confirmation,decoder_competition_or_disagreement;decoder_did_not_confirm_all_images,aruco:764,assigned,aruco:764,confirmed,,in_domain,true
2026-07-13/bee-13,2026-07-13,13,aruco:855,aruco,855,assigned,1,1,aruco:855,decoder_confirmed_with_competing_ids,decoder_competition_or_disagreement,aruco:855,assigned,aruco:855,confirmed,,in_domain,true
2026-07-13/bee-14,2026-07-13,14,aruco:782,aruco,782,assigned,1,1,aruco:782,decoder_no_confirmation,decoder_did_not_confirm_all_images,aruco:782,assigned,aruco:782,confirmed,,in_domain,true
2026-07-13/bee-15,2026-07-13,15,aruco:772,aruco,772,assigned,2,1;2,aruco:772,decoder_conflict,decoder_competition_or_disagreement,aruco:772,assigned,aruco:772,confirmed,,in_domain,true
2026-07-13/bee-16,2026-07-13,16,aruco:887,aruco,887,assigned,2,1;2,aruco:887,decoder_conflict,decoder_competition_or_disagreement,aruco:887,assigned,aruco:887,confirmed,,in_domain,true
2026-07-13/bee-17,2026-07-13,17,aruco:790,aruco,790,assigned,2,1;2,aruco:790,decoder_confirmed_with_competing_ids;decoder_conflict,decoder_competition_or_disagreement,aruco:790,assigned,aruco:790,confirmed,,in_domain,true
2026-07-13/bee-18,2026-07-13,18,aruco:908,aruco,908,assigned,1,1,aruco:908,decoder_conflict,decoder_competition_or_disagreement,aruco:908,assigned,aruco:908,confirmed,,in_domain,true
2026-07-13/bee-19,2026-07-13,19,aruco:803,aruco,803,assigned,2,1;2,aruco:803,decoder_conflict;decoder_no_confirmation,decoder_competition_or_disagreement;decoder_did_not_confirm_all_images,aruco:803,assigned,aruco:803,confirmed,,in_domain,true
2026-07-13/bee-20,2026-07-13,20,aruco:873,aruco,873,assigned,1,1,aruco:873,decoder_conflict,decoder_competition_or_disagreement,aruco:873,assigned,aruco:873,confirmed,,in_domain,true
2026-07-13/bee-21,2026-07-13,21,aruco:845,aruco,845,assigned,1,1,aruco:845,decoder_conflict,decoder_competition_or_disagreement,aruco:845,assigned,aruco:845,confirmed,,in_domain,true
2026-07-14/bee-1,2026-07-14,1,aruco:979,aruco,979,assigned,1,1,aruco:979,decoder_confirmed,,aruco:979,assigned,aruco:979,confirmed,,in_domain,true
2026-07-14/bee-2,2026-07-14,2,aruco:1043,aruco,1043,assigned,1,1,aruco:1043,decoder_conflict,decoder_competition_or_disagreement,aruco:1043,assigned,aruco:1043,confirmed,,in_domain,true
2026-07-14/bee-3,2026-07-14,3,aruco:1045,aruco,1045,assigned,2,1;2,aruco:1045,decoder_conflict,decoder_competition_or_disagreement,aruco:1045,assigned,aruco:1045,confirmed,,in_domain,true
2026-07-14/bee-4,2026-07-14,4,aruco:1044,aruco,1044,assigned,1,1,aruco:1044,decoder_no_confirmation,decoder_did_not_confirm_all_images,aruco:1044,assigned,aruco:1044,confirmed,,in_domain,true
2026-07-14/bee-5,2026-07-14,5,aruco:962,aruco,962,assigned,1,1,aruco:962,decoder_confirmed,,aruco:962,assigned,aruco:962,confirmed,,in_domain,true
2026-07-14/bee-6,2026-07-14,6,aruco:971,aruco,971,assigned,1,1,aruco:971,decoder_conflict,decoder_competition_or_disagreement,aruco:971,assigned,aruco:971,confirmed,,in_domain,true
2026-07-14/bee-7,2026-07-14,7,aruco:1046,aruco,1046,assigned,1,1,aruco:1046,decoder_conflict,decoder_competition_or_disagreement,aruco:1046,assigned,aruco:1046,confirmed,,in_domain,true
2026-07-14/bee-8,2026-07-14,8,aruco:1065,aruco,1065,assigned,1,1,aruco:1065,decoder_confirmed_with_competing_ids,decoder_competition_or_disagreement,aruco:1065,assigned,aruco:1065,confirmed,,in_domain,true
2026-07-14/bee-9,2026-07-14,9,aruco:938,aruco,938,assigned,1,1,aruco:938,decoder_no_confirmation,decoder_did_not_confirm_all_images,aruco:938,assigned,aruco:938,confirmed,,in_domain,true
2026-07-14/bee-10,2026-07-14,10,aruco:754,aruco,754,assigned,2,1;2,aruco:754,decoder_conflict,decoder_competition_or_disagreement,aruco:754,assigned,aruco:754,confirmed,,in_domain,true
2026-07-14/bee-11,2026-07-14,11,aruco:820,aruco,820,assigned,1,1,aruco:820,decoder_no_confirmation,decoder_did_not_confirm_all_images,aruco:820,assigned,aruco:820,confirmed,,in_domain,true
2026-07-14/bee-12,2026-07-14,12,aruco:740,aruco,740,assigned,1,1,aruco:740,decoder_conflict,decoder_competition_or_disagreement,aruco:740,assigned,aruco:740,confirmed,,in_domain,true
2026-07-14/bee-13,2026-07-14,13,aruco:772,aruco,772,assigned,1,1,,decoder_found_id,decoder_competition_or_disagreement,,missing_tag,aruco:772,confirmed,,in_domain,true
2026-07-14/bee-14,2026-07-14,14,aruco:742,aruco,742,assigned,1,1,aruco:742,decoder_conflict,decoder_competition_or_disagreement,aruco:742,assigned,aruco:742,confirmed,,in_domain,true
2026-07-14/bee-15,2026-07-14,15,aruco:838,aruco,838,assigned,1,1,aruco:379,decoder_conflict,decoder_competition_or_disagreement,aruco:379,assigned,aruco:838,confirmed,,in_domain,true
2026-07-14/bee-16,2026-07-14,16,aruco:903,aruco,903,assigned,1,1,aruco:903,decoder_conflict,decoder_competition_or_disagreement,aruco:903,assigned,aruco:903,confirmed,,in_domain,true
2026-07-14/bee-17,2026-07-14,17,aruco:808,aruco,808,assigned,1,1,aruco:808,decoder_conflict,decoder_competition_or_disagreement,aruco:808,assigned,aruco:808,confirmed,,in_domain,true
2026-07-14/bee-18,2026-07-14,18,aruco:871,aruco,871,assigned,1,1,aruco:470,decoder_conflict,decoder_competition_or_disagreement,aruco:470,assigned,aruco:871,confirmed,,in_domain,true
2026-07-14/bee-19,2026-07-14,19,aruco:1057,aruco,1057,assigned,1,1,aruco:1057,decoder_conflict,decoder_competition_or_disagreement,aruco:1057,assigned,aruco:1057,confirmed,,in_domain,true
2026-07-14/bee-20,2026-07-14,20,aruco:986,aruco,986,assigned,1,1,aruco:986,decoder_conflict,decoder_competition_or_disagreement,aruco:986,assigned,aruco:986,confirmed,,in_domain,true
2026-07-14/bee-21,2026-07-14,21,aruco:1013,aruco,1013,assigned,1,1,aruco:1013,decoder_confirmed,,aruco:1013,assigned,aruco:1013,confirmed,,in_domain,true
2026-07-14/bee-22,2026-07-14,22,aruco:1068,aruco,1068,assigned,2,1;2,aruco:1068,decoder_confirmed_with_competing_ids;decoder_no_confirmation,decoder_competition_or_disagreement;decoder_did_not_confirm_all_images,aruco:1068,assigned,aruco:1068,confirmed,,in_domain,true
2026-07-14/bee-23,2026-07-14,23,aruco:1022,aruco,1022,assigned,1,1,aruco:1022,decoder_no_confirmation,decoder_did_not_confirm_all_images,aruco:1022,assigned,aruco:1022,confirmed,,in_domain,true
2026-07-14/bee-24,2026-07-14,24,aruco:1047,aruco,1047,assigned,2,1;2,aruco:1047,decoder_confirmed_with_competing_ids;decoder_no_confirmation,decoder_competition_or_disagreement;decoder_did_not_confirm_all_images,aruco:1047,assigned,aruco:1047,confirmed,,in_domain,true
2026-07-14/bee-25,2026-07-14,25,aruco:949,aruco,949,assigned,2,1;2,aruco:190;aruco:949,decoder_conflict;decoder_no_confirmation,decoder_competition_or_disagreement;decoder_did_not_confirm_all_images,,conflicting_tag_ids,aruco:949,confirmed,,in_domain,true
2026-07-14/bee-26,2026-07-14,26,aruco:998,aruco,998,assigned,1,1,aruco:998,decoder_no_confirmation,decoder_did_not_confirm_all_images,aruco:998,assigned,aruco:998,confirmed,,in_domain,true
2026-07-14/bee-27,2026-07-14,27,aruco:972,aruco,972,assigned,1,1,aruco:972,decoder_conflict,decoder_competition_or_disagreement,aruco:972,assigned,aruco:972,confirmed,,in_domain,true
2026-07-14/bee-28,2026-07-14,28,aruco:1039,aruco,1039,assigned,2,1;2,aruco:1039,decoder_conflict;decoder_no_confirmation,decoder_competition_or_disagreement;decoder_did_not_confirm_all_images,aruco:1039,assigned,aruco:1039,confirmed,,in_domain,true
2026-07-14/bee-29,2026-07-14,29,aruco:944,aruco,944,assigned,1,1,aruco:944,decoder_conflict,decoder_competition_or_disagreement,aruco:944,assigned,aruco:944,confirmed,,in_domain,true
2026-07-14/bee-30,2026-07-14,30,aruco:1029,aruco,1029,assigned,1,1,aruco:1029,decoder_conflict,decoder_competition_or_disagreement,aruco:1029,assigned,aruco:1029,confirmed,,in_domain,true
2026-07-14/bee-31,2026-07-14,31,aruco:1063,aruco,1063,assigned,2,1;2,,decoder_found_id,decoder_competition_or_disagreement,,missing_tag,aruco:1063,confirmed,,in_domain,true
2026-07-14/bee-32,2026-07-14,32,aruco:1053,aruco,1053,assigned,2,1;2,aruco:1053,decoder_conflict,decoder_competition_or_disagreement,aruco:1053,assigned,aruco:1053,confirmed,,in_domain,true
2026-07-14/bee-33,2026-07-14,33,aruco:1052,aruco,1052,assigned,2,1;2,aruco:1052,decoder_conflict;decoder_no_confirmation,decoder_competition_or_disagreement;decoder_did_not_confirm_all_images,aruco:1052,assigned,aruco:1052,confirmed,,in_domain,true
2026-07-14/bee-34,2026-07-14,34,aruco:1060,aruco,1060,assigned,1,1,aruco:1060,decoder_no_confirmation,decoder_did_not_confirm_all_images,aruco:1060,assigned,aruco:1060,confirmed,,in_domain,true
2026-07-14/bee-35,2026-07-14,35,aruco:1016,aruco,1016,assigned,1,1,,no_tag_decoded,decoder_did_not_confirm_all_images,,missing_tag,aruco:1016,confirmed,,in_domain,true
2026-07-14/bee-36,2026-07-14,36,aruco:1023,aruco,1023,assigned,1,1,aruco:1023,decoder_conflict,decoder_competition_or_disagreement,aruco:1023,assigned,aruco:1023,confirmed,,in_domain,true
2026-07-14/bee-37,2026-07-14,37,aruco:1020,aruco,1020,assigned,2,1;2,aruco:1020,decoder_conflict;decoder_no_confirmation,decoder_competition_or_disagreement;decoder_did_not_confirm_all_images,aruco:1020,assigned,aruco:1020,confirmed,,in_domain,true
2026-07-14/bee-38,2026-07-14,38,aruco:968,aruco,968,assigned,1,1,aruco:968,decoder_no_confirmation,decoder_did_not_confirm_all_images,aruco:968,assigned,aruco:968,confirmed,,in_domain,true
2026-07-14/bee-39,2026-07-14,39,aruco:1021,aruco,1021,assigned,1,1,aruco:1021,decoder_no_confirmation,decoder_did_not_confirm_all_images,aruco:1021,assigned,aruco:1021,confirmed,,in_domain,true
2026-07-14/bee-40,2026-07-14,40,aruco:974,aruco,974,assigned,1,1,aruco:974,decoder_conflict,decoder_competition_or_disagreement,aruco:974,assigned,aruco:974,confirmed,,in_domain,true
2026-07-14/bee-41,2026-07-14,41,aruco:960,aruco,960,assigned,1,1,aruco:960,decoder_confirmed_with_competing_ids,decoder_competition_or_disagreement,aruco:960,assigned,aruco:960,confirmed,,in_domain,true
2026-07-14/bee-42,2026-07-14,42,aruco:1048,aruco,1048,assigned,1,1,aruco:1048,decoder_no_confirmation,decoder_did_not_confirm_all_images,aruco:1048,assigned,aruco:1048,confirmed,,in_domain,true
2026-07-14/bee-43,2026-07-14,43,aruco:1004,aruco,1004,assigned,1,1,aruco:1004,decoder_no_confirmation,decoder_did_not_confirm_all_images,aruco:1004,assigned,aruco:1004,confirmed,,in_domain,true
2026-07-14/bee-44,2026-07-14,44,aruco:955,aruco,955,assigned,1,1,aruco:955,decoder_conflict,decoder_competition_or_disagreement,aruco:955,assigned,aruco:955,confirmed,,in_domain,true
2026-07-14/bee-45,2026-07-14,45,aruco:961,aruco,961,assigned,1,1,aruco:961,decoder_confirmed,,aruco:961,assigned,aruco:961,confirmed,,in_domain,true
2026-07-14/bee-46,2026-07-14,46,aruco:994,aruco,994,assigned,2,1;2,aruco:994,decoder_no_confirmation,decoder_did_not_confirm_all_images,aruco:994,assigned,aruco:994,confirmed,,in_domain,true
2026-07-14/bee-47,2026-07-14,47,aruco:1015,aruco,1015,assigned,1,1,aruco:1015,decoder_conflict,decoder_competition_or_disagreement,aruco:1015,assigned,aruco:1015,confirmed,,in_domain,true
2026-07-14/bee-48,2026-07-14,48,aruco:993,aruco,993,assigned,1,1,aruco:993,decoder_no_confirmation,decoder_did_not_confirm_all_images,aruco:993,assigned,,unreadable,no tag or bee,in_domain,true
2026-07-14/bee-49,2026-07-14,49,aruco:956,aruco,956,assigned,2,1;2,aruco:956,decoder_conflict;decoder_no_confirmation,decoder_competition_or_disagreement;decoder_did_not_confirm_all_images,aruco:956,assigned,aruco:956,confirmed,,in_domain,true
2026-07-14/bee-50,2026-07-14,50,aruco:1050,aruco,1050,assigned,2,1;2,aruco:1050,decoder_conflict,decoder_competition_or_disagreement,aruco:1050,assigned,aruco:1050,confirmed,,in_domain,true
2026-07-14/bee-51,2026-07-14,51,aruco:989,aruco,989,assigned,1,1,aruco:989,decoder_no_confirmation,decoder_did_not_confirm_all_images,aruco:989,assigned,aruco:989,confirmed,,in_domain,true
2026-07-14/bee-52,2026-07-14,52,aruco:976,aruco,976,assigned,1,1,aruco:976,decoder_conflict,decoder_competition_or_disagreement,aruco:976,assigned,aruco:976,confirmed,,in_domain,true
2026-07-14/bee-53,2026-07-14,53,aruco:988,aruco,988,assigned,2,1;2,aruco:988,decoder_conflict,decoder_competition_or_disagreement,aruco:988,assigned,aruco:988,confirmed,,in_domain,true
2026-07-15/bee-1,2026-07-15,1,aruco:1064,aruco,1064,assigned,1,1,aruco:1064,decoder_conflict,decoder_competition_or_disagreement,aruco:1064,assigned,aruco:1064,confirmed,,in_domain,true
2026-07-15/bee-2,2026-07-15,2,aruco:1051,aruco,1051,assigned,1,1,aruco:1051,decoder_conflict,decoder_competition_or_disagreement,aruco:1051,assigned,aruco:1051,confirmed,,in_domain,true
2026-07-15/bee-3,2026-07-15,3,aruco:1012,aruco,1012,assigned,2,1;2,aruco:1012,decoder_conflict,decoder_competition_or_disagreement,aruco:1012,assigned,aruco:1012,confirmed,,in_domain,true
2026-07-15/bee-4,2026-07-15,4,aruco:959,aruco,959,assigned,2,1;2,aruco:959,decoder_conflict,decoder_competition_or_disagreement,aruco:959,assigned,aruco:959,confirmed,,in_domain,true
2026-07-15/bee-5,2026-07-15,5,aruco:1067,aruco,1067,assigned,2,1;2,aruco:1067,decoder_confirmed_with_competing_ids;decoder_conflict,decoder_competition_or_disagreement,aruco:1067,assigned,aruco:1067,confirmed,,in_domain,true
2026-07-15/bee-6,2026-07-15,6,aruco:1033,aruco,1033,assigned,2,1;2,aruco:1033,decoder_conflict;decoder_no_confirmation,decoder_competition_or_disagreement;decoder_did_not_confirm_all_images,aruco:1033,assigned,aruco:1033,confirmed,,in_domain,true
2026-07-15/bee-7,2026-07-15,7,aruco:1006,aruco,1006,assigned,2,1;2,aruco:1006,decoder_confirmed;decoder_conflict,decoder_competition_or_disagreement,aruco:1006,assigned,aruco:1006,confirmed,,in_domain,true
2026-07-15/bee-8,2026-07-15,8,aruco:1009,aruco,1009,assigned,2,1;2,aruco:1009,decoder_conflict,decoder_competition_or_disagreement,aruco:1009,assigned,aruco:1009,confirmed,,in_domain,true
2026-07-15/bee-9,2026-07-15,9,aruco:1066,aruco,1066,assigned,1,1,aruco:1066,decoder_conflict,decoder_competition_or_disagreement,aruco:1066,assigned,aruco:1066,confirmed,,in_domain,true
2026-07-15/bee-10,2026-07-15,10,aruco:975,aruco,975,assigned,2,1;2,aruco:975,decoder_confirmed;decoder_conflict,decoder_competition_or_disagreement,aruco:975,assigned,aruco:975,confirmed,,in_domain,true
2026-07-15/bee-11,2026-07-15,11,aruco:1071,aruco,1071,assigned,1,1,aruco:1071,decoder_conflict,decoder_competition_or_disagreement,aruco:1071,assigned,aruco:1071,confirmed,,in_domain,true
2026-07-15/bee-12,2026-07-15,12,aruco:1056,aruco,1056,assigned,2,1;2,aruco:1056,decoder_found_id;decoder_no_confirmation,decoder_competition_or_disagreement;decoder_did_not_confirm_all_images,aruco:1056,assigned_with_missing_angle,aruco:1056,confirmed,,in_domain,true
2026-07-15/bee-13,2026-07-15,13,aruco:941,aruco,941,assigned,1,1,aruco:941,decoder_conflict,decoder_competition_or_disagreement,aruco:941,assigned,aruco:941,confirmed,,in_domain,true
2026-07-15/bee-14,2026-07-15,14,aruco:1062,aruco,1062,assigned,2,1;2,aruco:1062,decoder_no_confirmation,decoder_did_not_confirm_all_images,aruco:1062,assigned,aruco:1062,confirmed,,in_domain,true
2026-07-15/bee-15,2026-07-15,15,aruco:987,aruco,987,assigned,2,1;2,aruco:987,decoder_no_confirmation,decoder_did_not_confirm_all_images,aruco:987,assigned,aruco:987,confirmed,,in_domain,true
2026-07-15/bee-16,2026-07-15,16,aruco:1027,aruco,1027,assigned,2,1;2,aruco:1027,decoder_conflict,decoder_competition_or_disagreement,aruco:1027,assigned,aruco:1027,confirmed,,in_domain,true
2026-07-15/bee-17,2026-07-15,17,aruco:1034,aruco,1034,assigned,1,1,aruco:1034,decoder_no_confirmation,decoder_did_not_confirm_all_images,aruco:1034,assigned,aruco:1034,confirmed,,in_domain,true
2026-07-15/bee-18,2026-07-15,18,aruco:884,aruco,884,assigned,1,1,aruco:884,decoder_no_confirmation,decoder_did_not_confirm_all_images,aruco:884,assigned,aruco:884,confirmed,,in_domain,true
2026-07-15/bee-19,2026-07-15,19,aruco:766,aruco,766,assigned,1,1,aruco:766,decoder_confirmed_with_competing_ids,decoder_competition_or_disagreement,aruco:766,assigned,aruco:766,confirmed,,in_domain,true
2026-07-15/bee-20,2026-07-15,20,aruco:1039,aruco,1039,assigned,1,1,,decoder_found_id,decoder_competition_or_disagreement,,missing_tag,aruco:1039,confirmed,,in_domain,true
2026-07-15/bee-21,2026-07-15,21,aruco:1052,aruco,1052,assigned,1,1,,decoder_found_id,decoder_competition_or_disagreement,,missing_tag,aruco:1052,confirmed,,in_domain,true
2026-07-15/bee-22,2026-07-15,22,aruco:740,aruco,740,assigned,1,1,,no_tag_decoded,decoder_did_not_confirm_all_images,,missing_tag,aruco:740,confirmed,,in_domain,true
2026-07-15/bee-23,2026-07-15,23,aruco:894,aruco,894,assigned,1,1,aruco:894,decoder_no_confirmation,decoder_did_not_confirm_all_images,aruco:894,assigned,aruco:894,confirmed,,in_domain,true
2026-07-15/bee-24,2026-07-15,24,aruco:1015,aruco,1015,assigned,1,1,,decoder_found_id,decoder_competition_or_disagreement,,missing_tag,aruco:1015,confirmed,,in_domain,true
2026-07-15/bee-25,2026-07-15,25,aruco:877,aruco,877,assigned,1,1,aruco:877,decoder_conflict,decoder_competition_or_disagreement,aruco:877,assigned,aruco:877,confirmed,,in_domain,true
2026-07-15/bee-26,2026-07-15,26,aruco:1013,aruco,1013,assigned,1,1,,no_tag_decoded,decoder_did_not_confirm_all_images,,missing_tag,aruco:1013,confirmed,,in_domain,true
2026-07-15/bee-27,2026-07-15,27,aruco:994,aruco,994,assigned,1,1,aruco:994,decoder_conflict,decoder_competition_or_disagreement,aruco:994,assigned,aruco:994,confirmed,,in_domain,true
2026-07-15/bee-28,2026-07-15,28,aruco:1000,aruco,1000,assigned,2,1;2,aruco:1000,decoder_conflict,decoder_competition_or_disagreement,aruco:1000,assigned,aruco:1000,confirmed,,in_domain,true
2026-07-15/bee-29,2026-07-15,29,aruco:832,aruco,832,assigned,1,1,aruco:832,decoder_confirmed,,aruco:832,assigned,aruco:832,confirmed,,in_domain,true
2026-07-15/bee-30,2026-07-15,30,aruco:947,aruco,947,assigned,2,1;2,aruco:947,decoder_conflict,decoder_competition_or_disagreement,aruco:947,assigned,aruco:947,confirmed,,in_domain,true
2026-07-21/bee-1,2026-07-21,1,aruco:1041,aruco,1041,assigned,1,1,,decoder_found_id,decoder_competition_or_disagreement,,missing_tag,aruco:1041,confirmed,,in_domain,true
2026-07-21/bee-2,2026-07-21,2,aruco:1059,aruco,1059,assigned,2,1;2,aruco:1059,decoder_confirmed;decoder_no_confirmation,decoder_did_not_confirm_all_images,aruco:1059,assigned,aruco:1059,confirmed,,in_domain,true
2026-07-21/bee-3,2026-07-21,3,aruco:1015,aruco,1015,assigned,1,1,,decoder_found_id,decoder_competition_or_disagreement,,missing_tag,aruco:1015,confirmed,,in_domain,true
2026-07-21/bee-4,2026-07-21,4,aruco:988,aruco,988,assigned,1,1,aruco:988,decoder_conflict,decoder_competition_or_disagreement,aruco:988,assigned,aruco:988,confirmed,,in_domain,true
2026-07-21/bee-5,2026-07-21,5,aruco:1024,aruco,1024,assigned,1,1,,decoder_found_id,decoder_competition_or_disagreement,,missing_tag,aruco:1024,confirmed,,in_domain,true
2026-07-21/bee-6,2026-07-21,6,aruco:1046,aruco,1046,assigned,1,1,,decoder_found_id,decoder_competition_or_disagreement,,missing_tag,aruco:1046,confirmed,,in_domain,true
2026-07-21/bee-7,2026-07-21,7,aruco:966,aruco,966,assigned,2,1;2,aruco:542,decoder_conflict,decoder_competition_or_disagreement,aruco:542,assigned,aruco:966,confirmed,,in_domain,true
2026-07-21/bee-8,2026-07-21,8,aruco:1036,aruco,1036,assigned,2,1;2,aruco:1036,decoder_conflict;decoder_no_confirmation,decoder_competition_or_disagreement;decoder_did_not_confirm_all_images,aruco:1036,assigned,aruco:1036,confirmed,,in_domain,true
2026-07-21/bee-9,2026-07-21,9,aruco:973,aruco,973,assigned,1,1,aruco:973,decoder_conflict,decoder_competition_or_disagreement,aruco:973,assigned,aruco:973,confirmed,,in_domain,true
2026-07-21/bee-10,2026-07-21,10,aruco:1069,aruco,1069,assigned,2,1;2,aruco:1069,decoder_confirmed;decoder_no_confirmation,decoder_did_not_confirm_all_images,aruco:1069,assigned,aruco:1069,confirmed,,in_domain,true
2026-07-21/bee-11,2026-07-21,11,aruco:1035,aruco,1035,assigned,3,1;2;3,aruco:1035,decoder_conflict;decoder_no_confirmation,decoder_competition_or_disagreement;decoder_did_not_confirm_all_images,aruco:1035,assigned,aruco:1035,confirmed,,in_domain,true
2026-07-21/bee-12,2026-07-21,12,aruco:948,aruco,948,assigned,2,1;2,aruco:948,decoder_confirmed_with_competing_ids;decoder_conflict,decoder_competition_or_disagreement,aruco:948,assigned,aruco:948,confirmed,,in_domain,true
2026-07-21/bee-13,2026-07-21,13,aruco:977,aruco,977,assigned,2,1;2,aruco:977,decoder_conflict;decoder_no_confirmation,decoder_competition_or_disagreement;decoder_did_not_confirm_all_images,aruco:977,assigned,aruco:977,confirmed,,in_domain,true
2026-07-21/bee-14,2026-07-21,14,aruco:1005,aruco,1005,assigned,2,1;2,aruco:1005,decoder_conflict;decoder_no_confirmation,decoder_competition_or_disagreement;decoder_did_not_confirm_all_images,aruco:1005,assigned,aruco:1005,confirmed,,in_domain,true
2026-07-21/bee-15,2026-07-21,15,aruco:950,aruco,950,assigned,2,1;2,aruco:950,decoder_confirmed;decoder_no_confirmation,decoder_did_not_confirm_all_images,aruco:950,assigned,aruco:950,confirmed,,in_domain,true
2026-07-21/bee-16,2026-07-21,16,aruco:982,aruco,982,assigned,2,1;2,aruco:441;aruco:982,decoder_conflict,decoder_competition_or_disagreement,,conflicting_tag_ids,aruco:982,confirmed,,in_domain,true
2026-07-21/bee-17,2026-07-21,17,aruco:958,aruco,958,assigned,1,1,aruco:958,decoder_conflict,decoder_competition_or_disagreement,aruco:958,assigned,aruco:958,confirmed,,in_domain,true
2026-07-21/bee-18,2026-07-21,18,aruco:984,aruco,984,assigned,1,1,aruco:984,decoder_confirmed_with_competing_ids,decoder_competition_or_disagreement,aruco:984,assigned,aruco:984,confirmed,,in_domain,true
2026-07-21/bee-19,2026-07-21,19,aruco:1042,aruco,1042,assigned,2,1;2,aruco:1042,decoder_conflict,decoder_competition_or_disagreement,aruco:1042,assigned,aruco:1042,confirmed,,in_domain,true
2026-07-21/bee-20,2026-07-21,20,aruco:981,aruco,981,assigned,2,1;2,aruco:981,decoder_no_confirmation,decoder_did_not_confirm_all_images,aruco:981,assigned,aruco:981,confirmed,,in_domain,true
2026-07-21/bee-21,2026-07-21,21,aruco:940,aruco,940,assigned,2,1;2,aruco:940,decoder_confirmed_with_competing_ids;decoder_conflict,decoder_competition_or_disagreement,aruco:940,assigned,aruco:940,confirmed,,in_domain,true
2026-07-21/bee-22,2026-07-21,22,aruco:964,aruco,964,assigned,1,1,aruco:964,decoder_conflict,decoder_competition_or_disagreement,aruco:964,assigned,aruco:964,confirmed,,in_domain,true
2026-07-21/bee-23,2026-07-21,23,aruco:1018,aruco,1018,assigned,1,1,aruco:1018,decoder_no_confirmation,decoder_did_not_confirm_all_images,aruco:1018,assigned,aruco:1018,confirmed,,in_domain,true
2026-07-21/bee-24,2026-07-21,24,aruco:957,aruco,957,assigned,2,1;2,aruco:957,decoder_no_confirmation,decoder_did_not_confirm_all_images,aruco:957,assigned,aruco:957,confirmed,,in_domain,true
2026-07-21/bee-25,2026-07-21,25,aruco:963,aruco,963,assigned,2,1;2,aruco:963,decoder_conflict,decoder_competition_or_disagreement,aruco:963,assigned,aruco:963,confirmed,,in_domain,true
2026-07-21/bee-26,2026-07-21,26,aruco:978,aruco,978,assigned,2,1;2,aruco:978,decoder_confirmed;decoder_conflict,decoder_competition_or_disagreement,aruco:978,assigned,aruco:978,confirmed,,in_domain,true
2026-07-21/bee-27,2026-07-21,27,aruco:983,aruco,983,assigned,2,1;2,aruco:983,decoder_conflict,decoder_competition_or_disagreement,aruco:983,assigned,aruco:983,confirmed,,in_domain,true
2026-07-21/bee-28,2026-07-21,28,aruco:1061,aruco,1061,assigned,2,1;2,aruco:1061,decoder_confirmed;decoder_conflict,decoder_competition_or_disagreement,aruco:1061,assigned,aruco:1061,confirmed,,in_domain,true
2026-07-21/bee-29,2026-07-21,29,aruco:954,aruco,954,assigned,2,1;2,aruco:954,decoder_conflict,decoder_competition_or_disagreement,aruco:954,assigned,aruco:954,confirmed,,in_domain,true
2026-07-21/bee-30,2026-07-21,30,aruco:995,aruco,995,assigned,2,1;2,aruco:995,decoder_confirmed;decoder_no_confirmation,decoder_did_not_confirm_all_images,aruco:995,assigned,aruco:995,confirmed,,in_domain,true
2026-07-21/bee-31,2026-07-21,31,aruco:1037,aruco,1037,assigned,1,1,aruco:1037,decoder_no_confirmation,decoder_did_not_confirm_all_images,aruco:1037,assigned,aruco:1037,confirmed,,in_domain,true
2026-07-22/bee-1,2026-07-22,1,aruco:1043,aruco,1043,assigned,1,1,,decoder_found_id,decoder_competition_or_disagreement,,missing_tag,aruco:1043,confirmed,,in_domain,true
2026-07-22/bee-2,2026-07-22,2,aruco:940,aruco,940,assigned,1,1,aruco:940,decoder_confirmed_with_competing_ids,decoder_competition_or_disagreement,aruco:940,assigned,aruco:940,confirmed,,in_domain,true
2026-07-22/bee-3,2026-07-22,3,aruco:943,aruco,943,assigned,1,1,aruco:37,decoder_conflict,decoder_competition_or_disagreement,aruco:37,assigned,aruco:943,confirmed,,in_domain,true
2026-07-22/bee-4,2026-07-22,4,aruco:939,aruco,939,assigned,2,1;2,aruco:939,decoder_conflict,decoder_competition_or_disagreement,aruco:939,assigned,aruco:939,confirmed,,in_domain,true
2026-07-22/bee-5,2026-07-22,5,aruco:1008,aruco,1008,assigned,1,1,aruco:1008,decoder_conflict,decoder_competition_or_disagreement,aruco:1008,assigned,aruco:1008,confirmed,,in_domain,true
2026-07-22/bee-6,2026-07-22,6,aruco:1038,aruco,1038,assigned,2,1;2,aruco:1038,decoder_conflict,decoder_competition_or_disagreement,aruco:1038,assigned,aruco:1038,confirmed,,in_domain,true
2026-07-22/bee-7,2026-07-22,7,aruco:951,aruco,951,assigned,1,1,aruco:951,decoder_conflict,decoder_competition_or_disagreement,aruco:951,assigned,aruco:951,confirmed,,in_domain,true
2026-07-22/bee-8,2026-07-22,8,aruco:995,aruco,995,assigned,1,1,aruco:995,decoder_conflict,decoder_competition_or_disagreement,aruco:995,assigned,aruco:995,confirmed,,in_domain,true
2026-07-22/bee-9,2026-07-22,9,aruco:969,aruco,969,assigned,1,1,aruco:969,decoder_conflict,decoder_competition_or_disagreement,aruco:969,assigned,aruco:969,confirmed,,in_domain,true
2026-07-22/bee-10,2026-07-22,10,aruco:1054,aruco,1054,assigned,1,1,aruco:1054,decoder_conflict,decoder_competition_or_disagreement,aruco:1054,assigned,aruco:1054,confirmed,,in_domain,true
2026-07-22/bee-11,2026-07-22,11,aruco:1049,aruco,1049,assigned,1,1,aruco:1049,decoder_confirmed_with_competing_ids,decoder_competition_or_disagreement,aruco:1049,assigned,aruco:1049,confirmed,,in_domain,true
2026-07-22/bee-12,2026-07-22,12,aruco:1007,aruco,1007,assigned,2,1;2,aruco:1007,decoder_conflict;decoder_no_confirmation,decoder_competition_or_disagreement;decoder_did_not_confirm_all_images,aruco:1007,assigned,aruco:1007,confirmed,,in_domain,true
2026-07-22/bee-13,2026-07-22,13,aruco:1036,aruco,1036,assigned,1,1,,decoder_found_id,decoder_competition_or_disagreement,,missing_tag,aruco:1036,confirmed,,in_domain,true
2026-07-22/bee-14,2026-07-22,14,aruco:948,aruco,948,assigned,1,1,aruco:948,decoder_conflict,decoder_competition_or_disagreement,aruco:948,assigned,aruco:948,confirmed,,in_domain,true
2026-07-22/bee-15,2026-07-22,15,aruco:988,aruco,988,assigned,1,1,aruco:988,decoder_confirmed,,aruco:988,assigned,aruco:988,confirmed,,in_domain,true
2026-07-22/bee-16,2026-07-22,16,aruco:1069,aruco,1069,assigned,2,1;2,aruco:190,decoder_conflict;decoder_found_id,decoder_competition_or_disagreement;same_tag_used_by_multiple_bee_numbers_same_day,aruco:190,assigned_with_missing_angle,aruco:1069,confirmed,,in_domain,true
2026-07-22/bee-17,2026-07-22,17,aruco:1040,aruco,1040,assigned,2,1;2,aruco:1040,decoder_conflict;decoder_no_confirmation,decoder_competition_or_disagreement;decoder_did_not_confirm_all_images,aruco:1040,assigned,aruco:1040,confirmed,,in_domain,true
2026-07-22/bee-18,2026-07-22,18,aruco:980,aruco,980,assigned,1,1,aruco:980,decoder_conflict,decoder_competition_or_disagreement,aruco:980,assigned,aruco:980,confirmed,,in_domain,true
2026-07-22/bee-19,2026-07-22,19,aruco:1011,aruco,1011,assigned,1,1,aruco:1011,decoder_conflict,decoder_competition_or_disagreement,aruco:1011,assigned,aruco:1011,confirmed,,in_domain,true
2026-07-22/bee-20,2026-07-22,20,aruco:1030,aruco,1030,assigned,2,1;2,aruco:1030,decoder_conflict,decoder_competition_or_disagreement,aruco:1030,assigned,aruco:1030,confirmed,,in_domain,true
2026-07-22/bee-21,2026-07-22,21,aruco:1025,aruco,1025,assigned,1,1,aruco:1025,decoder_conflict,decoder_competition_or_disagreement,aruco:1025,assigned,aruco:1025,confirmed,,in_domain,true
2026-07-22/bee-22,2026-07-22,22,aruco:1003,aruco,1003,assigned,1,1,aruco:190,decoder_conflict,decoder_competition_or_disagreement;same_tag_used_by_multiple_bee_numbers_same_day,aruco:190,assigned,aruco:1003,confirmed,,in_domain,true
2026-07-22/bee-23,2026-07-22,23,aruco:992,aruco,992,assigned,1,1,aruco:992,decoder_conflict,decoder_competition_or_disagreement,aruco:992,assigned,aruco:992,confirmed,,in_domain,true
2026-07-22/bee-24,2026-07-22,24,aruco:985,aruco,985,assigned,1,1,aruco:985,decoder_conflict,decoder_competition_or_disagreement,aruco:985,assigned,aruco:985,confirmed,,in_domain,true
2026-07-22/bee-25,2026-07-22,25,aruco:967,aruco,967,assigned,2,1;2,aruco:967,decoder_conflict;decoder_no_confirmation,decoder_competition_or_disagreement;decoder_did_not_confirm_all_images,aruco:967,assigned,aruco:967,confirmed,,in_domain,true
2026-07-22/bee-26,2026-07-22,26,aruco:946,aruco,946,assigned,1,1,aruco:946,decoder_conflict,decoder_competition_or_disagreement,aruco:946,assigned,aruco:946,confirmed,,in_domain,true
2026-07-22/bee-27,2026-07-22,27,aruco:1019,aruco,1019,assigned,1,1,aruco:1019,decoder_conflict,decoder_competition_or_disagreement,aruco:1019,assigned,aruco:1019,confirmed,,in_domain,true
2026-07-22/bee-28,2026-07-22,28,aruco:990,aruco,990,assigned,2,1;2,aruco:990,decoder_no_confirmation,decoder_did_not_confirm_all_images,aruco:990,assigned,aruco:990,confirmed,,in_domain,true
2026-07-22/bee-29,2026-07-22,29,aruco:942,aruco,942,assigned,1,1,aruco:942,decoder_conflict,decoder_competition_or_disagreement,aruco:942,assigned,aruco:942,confirmed,,in_domain,true
2026-07-22/bee-30,2026-07-22,30,aruco:1028,aruco,1028,assigned,1,1,aruco:1028,decoder_conflict,decoder_competition_or_disagreement,aruco:1028,assigned,aruco:1028,confirmed,,in_domain,true
2026-07-22/bee-31,2026-07-22,31,aruco:962,aruco,962,assigned,1,1,,no_tag_decoded,decoder_did_not_confirm_all_images,,missing_tag,aruco:962,confirmed,,in_domain,true
2026-07-27/bee-1,2026-07-27,1,aruco:958,aruco,958,assigned,1,1,aruco:958,decoder_conflict,decoder_competition_or_disagreement,aruco:958,assigned,aruco:958,confirmed,,in_domain,true
2026-07-27/bee-2,2026-07-27,2,n8tag:36,n8tag,36,assigned,1,1,n8tag:36,decoder_no_confirmation,decoder_did_not_confirm_all_images,n8tag:36,assigned,n8tag:36,,,in_domain,true
2026-07-27/bee-3,2026-07-27,3,n8tag:20,n8tag,20,assigned,2,1;2,n8tag:20,decoder_no_confirmation,decoder_did_not_confirm_all_images,n8tag:20,assigned,n8tag:20,,,in_domain,true
2026-07-27/bee-4,2026-07-27,4,aruco:939,aruco,939,assigned,1,1,aruco:939,decoder_conflict,decoder_competition_or_disagreement,aruco:939,assigned,aruco:939,confirmed,,in_domain,true
2026-07-27/bee-5,2026-07-27,5,aruco:1018,aruco,1018,assigned,1,1,aruco:1018,decoder_conflict,decoder_competition_or_disagreement,aruco:1018,assigned,aruco:1018,confirmed,,in_domain,true
2026-07-27/bee-6,2026-07-27,6,n8tag:23,n8tag,23,assigned,2,1;2,n8tag:23,decoder_no_confirmation,decoder_did_not_confirm_all_images,n8tag:23,assigned,n8tag:23,,,in_domain,true
2026-07-27/bee-7,2026-07-27,7,aruco:1008,aruco,1008,assigned,1,1,,decoder_found_id,decoder_competition_or_disagreement,,missing_tag,aruco:1008,confirmed,,in_domain,true
2026-07-27/bee-8,2026-07-27,8,n8tag:35,n8tag,35,assigned,2,1;2,n8tag:35,decoder_conflict,decoder_competition_or_disagreement,n8tag:35,assigned,n8tag:35,,,in_domain,true
2026-07-27/bee-9,2026-07-27,9,n8tag:39,n8tag,39,assigned,2,1;2,n8tag:39,decoder_confirmed;decoder_no_confirmation,decoder_did_not_confirm_all_images,n8tag:39,assigned,n8tag:39,,,in_domain,true
2026-07-27/bee-10,2026-07-27,10,n8tag:10,n8tag,10,assigned,2,1;2,n8tag:29,decoder_confirmed;decoder_no_confirmation,decoder_did_not_confirm_all_images,n8tag:29,assigned,n8tag:10,,,in_domain,true
2026-07-27/bee-11,2026-07-27,11,n8tag:1,n8tag,1,assigned,1,1,n8tag:1,decoder_confirmed,,n8tag:1,assigned,n8tag:1,,,in_domain,true
2026-07-27/bee-12,2026-07-27,12,aruco:966,aruco,966,assigned,1,1,aruco:966,decoder_confirmed,,aruco:966,assigned,aruco:966,confirmed,,in_domain,true
2026-07-27/bee-13,2026-07-27,13,n8tag:32,n8tag,32,assigned,1,1,n8tag:32,decoder_no_confirmation,decoder_did_not_confirm_all_images,n8tag:32,assigned,n8tag:32,,,in_domain,true
2026-07-27/bee-14,2026-07-27,14,n8tag:37,n8tag,37,assigned,1,1,n8tag:37,decoder_no_confirmation,decoder_did_not_confirm_all_images,n8tag:37,assigned,n8tag:37,,,in_domain,true
2026-07-27/bee-15,2026-07-27,15,aruco:1025,aruco,1025,assigned,1,1,aruco:1025,decoder_conflict,decoder_competition_or_disagreement,aruco:1025,assigned,aruco:1025,confirmed,,in_domain,true
2026-07-27/bee-16,2026-07-27,16,aruco:992,aruco,992,assigned,1,1,aruco:992,decoder_conflict,decoder_competition_or_disagreement,aruco:992,assigned,aruco:992,confirmed,,in_domain,true
2026-07-27/bee-17,2026-07-27,17,aruco:995,aruco,995,assigned,1,1,aruco:995,decoder_confirmed,,aruco:995,assigned,aruco:995,confirmed,,in_domain,true
2026-07-27/bee-18,2026-07-27,18,aruco:1040,aruco,1040,assigned,1,1,aruco:1040,decoder_conflict,decoder_competition_or_disagreement,aruco:1040,assigned,aruco:1040,confirmed,,in_domain,true
2026-07-28/bee-1,2026-07-28,1,n8tag:30,n8tag,30,assigned,2,1;2,n8tag:30,decoder_confirmed;decoder_conflict,decoder_competition_or_disagreement,n8tag:30,assigned,n8tag:30,,,in_domain,true
2026-07-28/bee-2,2026-07-28,2,n8tag:38,n8tag,38,assigned,2,1;2,n8tag:38,decoder_no_confirmation,decoder_did_not_confirm_all_images,n8tag:38,assigned,n8tag:38,,,in_domain,true
2026-07-28/bee-3,2026-07-28,3,n8tag:11,n8tag,11,assigned,2,1;2,n8tag:11,decoder_confirmed;decoder_no_confirmation,decoder_did_not_confirm_all_images,n8tag:11,assigned,n8tag:11,,,in_domain,true
2026-07-28/bee-4,2026-07-28,4,n8tag:14,n8tag,14,assigned,1,1,n8tag:14,decoder_confirmed_with_competing_ids,decoder_competition_or_disagreement,n8tag:14,assigned,n8tag:14,,,in_domain,true
2026-07-28/bee-5,2026-07-28,5,n8tag:33,n8tag,33,assigned,2,1;2,n8tag:33,decoder_no_confirmation,decoder_did_not_confirm_all_images,n8tag:33,assigned,n8tag:33,,,in_domain,true
2026-07-28/bee-6,2026-07-28,6,n8tag:8,n8tag,8,assigned,1,1,n8tag:8,decoder_confirmed,,n8tag:8,assigned,n8tag:8,,,in_domain,true
2026-07-28/bee-7,2026-07-28,7,n8tag:24,n8tag,24,assigned,1,1,n8tag:24,decoder_confirmed,,n8tag:24,assigned,n8tag:24,,,in_domain,true
2026-07-28/bee-8,2026-07-28,8,n8tag:6,n8tag,6,assigned,1,1,n8tag:6,decoder_confirmed,,n8tag:6,assigned,n8tag:6,,,in_domain,true
2026-07-28/bee-9,2026-07-28,9,n8tag:4,n8tag,4,assigned,1,1,n8tag:4,decoder_confirmed,,n8tag:4,assigned,n8tag:4,,,in_domain,true
2026-07-28/bee-10,2026-07-28,10,n8tag:5,n8tag,5,assigned,1,1,n8tag:5,decoder_confirmed,,n8tag:5,assigned,n8tag:5,,,in_domain,true
2026-07-28/bee-11,2026-07-28,11,n8tag:31,n8tag,31,assigned,1,1,n8tag:31,decoder_confirmed,,n8tag:31,assigned,n8tag:31,,,in_domain,true
2026-07-28/bee-12,2026-07-28,12,n8tag:22,n8tag,22,assigned,1,1,n8tag:22,decoder_no_confirmation,decoder_did_not_confirm_all_images,n8tag:22,assigned,n8tag:22,,,in_domain,true
2026-07-28/bee-13,2026-07-28,13,aruco:958,aruco,958,assigned,1,1,aruco:958,decoder_conflict,decoder_competition_or_disagreement,aruco:958,assigned,aruco:958,confirmed,,in_domain,true
2026-07-28/bee-14,2026-07-28,14,aruco:954,aruco,954,assigned,1,1,aruco:954,decoder_conflict,decoder_competition_or_disagreement,aruco:954,assigned,aruco:954,confirmed,,in_domain,true
2026-07-28/bee-15,2026-07-28,15,aruco:983,aruco,983,assigned,1,1,aruco:983,decoder_no_confirmation,decoder_did_not_confirm_all_images,aruco:983,assigned,n8tag:983,,,in_domain,true
2026-07-28/bee-16,2026-07-28,16,aruco:957,aruco,957,assigned,1,1,aruco:957,decoder_conflict,decoder_competition_or_disagreement,aruco:957,assigned,aruco:957,confirmed,,in_domain,true
2026-07-28/bee-17,2026-07-28,17,n8tag:25,n8tag,25,assigned,1,1,n8tag:25,decoder_confirmed,,n8tag:25,assigned,n8tag:25,,,in_domain,true
2026-07-28/bee-18,2026-07-28,18,n8tag:17,n8tag,17,assigned,2,1;2,n8tag:17,decoder_no_confirmation,decoder_did_not_confirm_all_images,n8tag:17,assigned,n8tag:17,,,in_domain,true
2026-07-28/bee-19,2026-07-28,19,n8tag:26,n8tag,26,assigned,1,1,n8tag:26,decoder_confirmed,,n8tag:26,assigned,n8tag:26,,,in_domain,true
2026-07-28/bee-20,2026-07-28,20,n8tag:28,n8tag,28,assigned,1,1,n8tag:28,decoder_no_confirmation,decoder_did_not_confirm_all_images,n8tag:28,assigned,n8tag:28,,,in_domain,true
2026-07-28/bee-21,2026-07-28,21,n8tag:9,n8tag,9,assigned,1,1,n8tag:9,decoder_no_confirmation,decoder_did_not_confirm_all_images,n8tag:9,assigned,n8tag:9,,,in_domain,true
2026-07-28/bee-22,2026-07-28,22,n8tag:3,n8tag,3,assigned,1,1,n8tag:3,decoder_confirmed,,n8tag:3,assigned,n8tag:3,,,in_domain,true
2026-07-28/bee-23,2026-07-28,23,n8tag:16,n8tag,16,assigned,2,1;1,n8tag:16,decoder_found_id;decoder_no_confirmation,decoder_competition_or_disagreement;decoder_did_not_confirm_all_images,n8tag:16,assigned_with_missing_angle,n8tag:16,confirmed,,in_domain,true
