bee_id,tag_type,tag_id,first_appearance,last_appearance,appearance_count,appearance_dates,timeline,image_count,verification,review_statuses,review_flags
aruco:0,aruco,0,2026-05-28,2026-05-28,1,2026-05-28,2026-05-28[bee-32],1,manual_confirmed,confirmed,decoder_competition_or_disagreement
aruco:1,aruco,1,2026-05-29,2026-05-29,1,2026-05-29,2026-05-29[bee-39],1,manual_confirmed,confirmed,decoder_competition_or_disagreement
aruco:10,aruco,10,2026-05-28,2026-05-28,1,2026-05-28,2026-05-28[bee-33],1,manual_confirmed,confirmed,decoder_did_not_confirm_all_images
aruco:100,aruco,100,2026-05-21,2026-05-21,2,2026-05-21,2026-05-21[bee-9];2026-05-21[bee-10],3,manual_confirmed,confirmed,decoder_competition_or_disagreement
aruco:1000,aruco,1000,2026-07-15,2026-07-15,1,2026-07-15,2026-07-15[bee-28],2,manual_confirmed,confirmed,decoder_competition_or_disagreement
aruco:1003,aruco,1003,2026-07-22,2026-07-22,1,2026-07-22,2026-07-22[bee-22],1,needs_review,confirmed,decoder_competition_or_disagreement;same_tag_used_by_multiple_bee_numbers_same_day
aruco:1004,aruco,1004,2026-07-14,2026-07-14,1,2026-07-14,2026-07-14[bee-43],1,manual_confirmed,confirmed,decoder_did_not_confirm_all_images
aruco:1005,aruco,1005,2026-07-21,2026-07-21,1,2026-07-21,2026-07-21[bee-14],2,manual_confirmed,confirmed,decoder_competition_or_disagreement;decoder_did_not_confirm_all_images
aruco:1006,aruco,1006,2026-07-15,2026-07-15,1,2026-07-15,2026-07-15[bee-7],2,manual_confirmed,confirmed,decoder_competition_or_disagreement
aruco:1007,aruco,1007,2026-07-22,2026-07-22,1,2026-07-22,2026-07-22[bee-12],2,manual_confirmed,confirmed,decoder_competition_or_disagreement;decoder_did_not_confirm_all_images
aruco:1008,aruco,1008,2026-07-22,2026-07-27,2,2026-07-22;2026-07-27,2026-07-22[bee-5];2026-07-27[bee-7],2,manual_confirmed,confirmed,decoder_competition_or_disagreement
aruco:1009,aruco,1009,2026-07-15,2026-07-15,1,2026-07-15,2026-07-15[bee-8],2,manual_confirmed,confirmed,decoder_competition_or_disagreement
aruco:101,aruco,101,2026-05-28,2026-05-28,1,2026-05-28,2026-05-28[bee-16],1,manual_confirmed,confirmed,decoder_did_not_confirm_all_images
aruco:1011,aruco,1011,2026-07-22,2026-07-22,1,2026-07-22,2026-07-22[bee-19],1,manual_confirmed,confirmed,decoder_competition_or_disagreement
aruco:1012,aruco,1012,2026-07-15,2026-07-15,1,2026-07-15,2026-07-15[bee-3],2,manual_confirmed,confirmed,decoder_competition_or_disagreement
aruco:1013,aruco,1013,2026-07-14,2026-07-15,2,2026-07-14;2026-07-15,2026-07-14[bee-21];2026-07-15[bee-26],2,manual_confirmed,confirmed,decoder_did_not_confirm_all_images
aruco:1015,aruco,1015,2026-07-14,2026-07-21,3,2026-07-14;2026-07-15;2026-07-21,2026-07-14[bee-47];2026-07-15[bee-24];2026-07-21[bee-3],3,manual_confirmed,confirmed,decoder_competition_or_disagreement
aruco:1016,aruco,1016,2026-07-14,2026-07-14,1,2026-07-14,2026-07-14[bee-35],1,manual_confirmed,confirmed,decoder_did_not_confirm_all_images
aruco:1018,aruco,1018,2026-07-21,2026-07-27,2,2026-07-21;2026-07-27,2026-07-21[bee-23];2026-07-27[bee-5],2,manual_confirmed,confirmed,decoder_competition_or_disagreement;decoder_did_not_confirm_all_images
aruco:1019,aruco,1019,2026-07-22,2026-07-22,1,2026-07-22,2026-07-22[bee-27],1,manual_confirmed,confirmed,decoder_competition_or_disagreement
aruco:102,aruco,102,2026-05-28,2026-05-28,1,2026-05-28,2026-05-28[bee-8],1,manual_confirmed,confirmed,decoder_competition_or_disagreement
aruco:1020,aruco,1020,2026-07-14,2026-07-14,1,2026-07-14,2026-07-14[bee-37],2,manual_confirmed,confirmed,decoder_competition_or_disagreement;decoder_did_not_confirm_all_images
aruco:1021,aruco,1021,2026-07-14,2026-07-14,1,2026-07-14,2026-07-14[bee-39],1,manual_confirmed,confirmed,decoder_did_not_confirm_all_images
aruco:1022,aruco,1022,2026-07-14,2026-07-14,1,2026-07-14,2026-07-14[bee-23],1,manual_confirmed,confirmed,decoder_did_not_confirm_all_images
aruco:1023,aruco,1023,2026-07-14,2026-07-14,1,2026-07-14,2026-07-14[bee-36],1,manual_confirmed,confirmed,decoder_competition_or_disagreement
aruco:1024,aruco,1024,2026-07-21,2026-07-21,1,2026-07-21,2026-07-21[bee-5],1,manual_confirmed,confirmed,decoder_competition_or_disagreement
aruco:1025,aruco,1025,2026-07-22,2026-07-27,2,2026-07-22;2026-07-27,2026-07-22[bee-21];2026-07-27[bee-15],2,manual_confirmed,confirmed,decoder_competition_or_disagreement
aruco:1027,aruco,1027,2026-07-15,2026-07-15,1,2026-07-15,2026-07-15[bee-16],2,manual_confirmed,confirmed,decoder_competition_or_disagreement
aruco:1028,aruco,1028,2026-07-22,2026-07-22,1,2026-07-22,2026-07-22[bee-30],1,manual_confirmed,confirmed,decoder_competition_or_disagreement
aruco:1029,aruco,1029,2026-07-14,2026-07-14,1,2026-07-14,2026-07-14[bee-30],1,manual_confirmed,confirmed,decoder_competition_or_disagreement
aruco:103,aruco,103,2026-05-21,2026-05-21,1,2026-05-21,2026-05-21[bee-12],1,manual_confirmed,confirmed,decoder_competition_or_disagreement
aruco:1030,aruco,1030,2026-07-22,2026-07-22,1,2026-07-22,2026-07-22[bee-20],2,manual_confirmed,confirmed,decoder_competition_or_disagreement
aruco:1033,aruco,1033,2026-07-15,2026-07-15,1,2026-07-15,2026-07-15[bee-6],2,manual_confirmed,confirmed,decoder_competition_or_disagreement;decoder_did_not_confirm_all_images
aruco:1034,aruco,1034,2026-07-15,2026-07-15,1,2026-07-15,2026-07-15[bee-17],1,manual_confirmed,confirmed,decoder_did_not_confirm_all_images
aruco:1035,aruco,1035,2026-07-21,2026-07-21,1,2026-07-21,2026-07-21[bee-11],3,manual_confirmed,confirmed,decoder_competition_or_disagreement;decoder_did_not_confirm_all_images
aruco:1036,aruco,1036,2026-07-21,2026-07-22,2,2026-07-21;2026-07-22,2026-07-21[bee-8];2026-07-22[bee-13],3,manual_confirmed,confirmed,decoder_competition_or_disagreement;decoder_did_not_confirm_all_images
aruco:1037,aruco,1037,2026-07-21,2026-07-21,1,2026-07-21,2026-07-21[bee-31],1,manual_confirmed,confirmed,decoder_did_not_confirm_all_images
aruco:1038,aruco,1038,2026-07-22,2026-07-22,1,2026-07-22,2026-07-22[bee-6],2,manual_confirmed,confirmed,decoder_competition_or_disagreement
aruco:1039,aruco,1039,2026-07-14,2026-07-15,2,2026-07-14;2026-07-15,2026-07-14[bee-28];2026-07-15[bee-20],3,manual_confirmed,confirmed,decoder_competition_or_disagreement;decoder_did_not_confirm_all_images
aruco:104,aruco,104,2026-05-21,2026-05-21,1,2026-05-21,2026-05-21[bee-1],2,manual_confirmed,confirmed,decoder_competition_or_disagreement
aruco:1040,aruco,1040,2026-07-22,2026-07-27,2,2026-07-22;2026-07-27,2026-07-22[bee-17];2026-07-27[bee-18],3,manual_confirmed,confirmed,decoder_competition_or_disagreement;decoder_did_not_confirm_all_images
aruco:1041,aruco,1041,2026-07-21,2026-07-21,1,2026-07-21,2026-07-21[bee-1],1,manual_confirmed,confirmed,decoder_competition_or_disagreement
aruco:1042,aruco,1042,2026-07-21,2026-07-21,1,2026-07-21,2026-07-21[bee-19],2,manual_confirmed,confirmed,decoder_competition_or_disagreement
aruco:1043,aruco,1043,2026-07-14,2026-07-22,2,2026-07-14;2026-07-22,2026-07-14[bee-2];2026-07-22[bee-1],2,manual_confirmed,confirmed,decoder_competition_or_disagreement
aruco:1044,aruco,1044,2026-07-14,2026-07-14,1,2026-07-14,2026-07-14[bee-4],1,manual_confirmed,confirmed,decoder_did_not_confirm_all_images
aruco:1045,aruco,1045,2026-07-14,2026-07-14,1,2026-07-14,2026-07-14[bee-3],2,manual_confirmed,confirmed,decoder_competition_or_disagreement
aruco:1046,aruco,1046,2026-07-14,2026-07-21,2,2026-07-14;2026-07-21,2026-07-14[bee-7];2026-07-21[bee-6],2,manual_confirmed,confirmed,decoder_competition_or_disagreement
aruco:1047,aruco,1047,2026-07-14,2026-07-14,1,2026-07-14,2026-07-14[bee-24],2,manual_confirmed,confirmed,decoder_competition_or_disagreement;decoder_did_not_confirm_all_images
aruco:1048,aruco,1048,2026-07-14,2026-07-14,1,2026-07-14,2026-07-14[bee-42],1,manual_confirmed,confirmed,decoder_did_not_confirm_all_images
aruco:1049,aruco,1049,2026-07-22,2026-07-22,1,2026-07-22,2026-07-22[bee-11],1,manual_confirmed,confirmed,decoder_competition_or_disagreement
aruco:105,aruco,105,2026-05-21,2026-05-21,1,2026-05-21,2026-05-21[bee-13],1,manual_confirmed,confirmed,decoder_competition_or_disagreement
aruco:1050,aruco,1050,2026-07-14,2026-07-14,1,2026-07-14,2026-07-14[bee-50],2,manual_confirmed,confirmed,decoder_competition_or_disagreement
aruco:1051,aruco,1051,2026-07-15,2026-07-15,1,2026-07-15,2026-07-15[bee-2],1,manual_confirmed,confirmed,decoder_competition_or_disagreement
aruco:1052,aruco,1052,2026-07-14,2026-07-15,2,2026-07-14;2026-07-15,2026-07-14[bee-33];2026-07-15[bee-21],3,manual_confirmed,confirmed,decoder_competition_or_disagreement;decoder_did_not_confirm_all_images
aruco:1053,aruco,1053,2026-07-14,2026-07-14,1,2026-07-14,2026-07-14[bee-32],2,manual_confirmed,confirmed,decoder_competition_or_disagreement
aruco:1054,aruco,1054,2026-07-22,2026-07-22,1,2026-07-22,2026-07-22[bee-10],1,manual_confirmed,confirmed,decoder_competition_or_disagreement
aruco:1056,aruco,1056,2026-07-15,2026-07-15,1,2026-07-15,2026-07-15[bee-12],2,manual_confirmed,confirmed,decoder_competition_or_disagreement;decoder_did_not_confirm_all_images
aruco:1057,aruco,1057,2026-07-14,2026-07-14,1,2026-07-14,2026-07-14[bee-19],1,manual_confirmed,confirmed,decoder_competition_or_disagreement
aruco:1059,aruco,1059,2026-07-21,2026-07-21,1,2026-07-21,2026-07-21[bee-2],2,manual_confirmed,confirmed,decoder_did_not_confirm_all_images
aruco:1060,aruco,1060,2026-07-14,2026-07-14,1,2026-07-14,2026-07-14[bee-34],1,manual_confirmed,confirmed,decoder_did_not_confirm_all_images
aruco:1061,aruco,1061,2026-07-21,2026-07-21,1,2026-07-21,2026-07-21[bee-28],2,manual_confirmed,confirmed,decoder_competition_or_disagreement
aruco:1062,aruco,1062,2026-07-15,2026-07-15,1,2026-07-15,2026-07-15[bee-14],2,manual_confirmed,confirmed,decoder_did_not_confirm_all_images
aruco:1063,aruco,1063,2026-07-14,2026-07-14,1,2026-07-14,2026-07-14[bee-31],2,manual_confirmed,confirmed,decoder_competition_or_disagreement
aruco:1064,aruco,1064,2026-07-15,2026-07-15,1,2026-07-15,2026-07-15[bee-1],1,manual_confirmed,confirmed,decoder_competition_or_disagreement
aruco:1065,aruco,1065,2026-07-14,2026-07-14,1,2026-07-14,2026-07-14[bee-8],1,manual_confirmed,confirmed,decoder_competition_or_disagreement
aruco:1066,aruco,1066,2026-07-15,2026-07-15,1,2026-07-15,2026-07-15[bee-9],1,manual_confirmed,confirmed,decoder_competition_or_disagreement
aruco:1067,aruco,1067,2026-07-15,2026-07-15,1,2026-07-15,2026-07-15[bee-5],2,manual_confirmed,confirmed,decoder_competition_or_disagreement
aruco:1068,aruco,1068,2026-07-14,2026-07-14,1,2026-07-14,2026-07-14[bee-22],2,manual_confirmed,confirmed,decoder_competition_or_disagreement;decoder_did_not_confirm_all_images
aruco:1069,aruco,1069,2026-07-21,2026-07-22,2,2026-07-21;2026-07-22,2026-07-21[bee-10];2026-07-22[bee-16],4,needs_review,confirmed,decoder_competition_or_disagreement;decoder_did_not_confirm_all_images;same_tag_used_by_multiple_bee_numbers_same_day
aruco:107,aruco,107,2026-05-28,2026-05-28,1,2026-05-28,2026-05-28[bee-2],1,manual_confirmed,confirmed,decoder_competition_or_disagreement
aruco:1071,aruco,1071,2026-07-15,2026-07-15,1,2026-07-15,2026-07-15[bee-11],1,manual_confirmed,confirmed,decoder_competition_or_disagreement
aruco:108,aruco,108,2026-05-28,2026-05-28,1,2026-05-28,2026-05-28[bee-18],1,manual_confirmed,confirmed,decoder_competition_or_disagreement
aruco:109,aruco,109,2026-05-21,2026-05-21,1,2026-05-21,2026-05-21[bee-30],2,manual_confirmed,confirmed,decoder_did_not_confirm_all_images
aruco:11,aruco,11,2026-05-29,2026-05-29,1,2026-05-29,2026-05-29[bee-14],1,manual_confirmed,confirmed,decoder_competition_or_disagreement
aruco:110,aruco,110,2026-05-21,2026-05-21,1,2026-05-21,2026-05-21[bee-18],2,manual_confirmed,confirmed,decoder_competition_or_disagreement;decoder_did_not_confirm_all_images
aruco:111,aruco,111,2026-05-28,2026-05-28,1,2026-05-28,2026-05-28[bee-24],1,manual_confirmed,confirmed,decoder_competition_or_disagreement
aruco:112,aruco,112,2026-05-21,2026-05-21,1,2026-05-21,2026-05-21[bee-34],1,needs_review,confirmed,decoder_competition_or_disagreement;same_tag_used_by_multiple_bee_numbers_same_day
aruco:113,aruco,113,2026-05-21,2026-05-21,1,2026-05-21,2026-05-21[bee-15],1,manual_confirmed,confirmed,decoder_competition_or_disagreement
aruco:114,aruco,114,2026-05-28,2026-05-28,1,2026-05-28,2026-05-28[bee-17],1,manual_confirmed,confirmed,decoder_competition_or_disagreement
aruco:115,aruco,115,2026-05-21,2026-05-21,1,2026-05-21,2026-05-21[bee-14],1,manual_confirmed,confirmed,decoder_competition_or_disagreement
aruco:116,aruco,116,2026-05-21,2026-05-21,1,2026-05-21,2026-05-21[bee-17],2,manual_confirmed,confirmed,
aruco:117,aruco,117,2026-05-28,2026-06-02,2,2026-05-28;2026-06-02,2026-05-28[bee-9];2026-06-02[bee-13],2,manual_confirmed,confirmed,decoder_competition_or_disagreement
aruco:118,aruco,118,2026-05-28,2026-05-28,1,2026-05-28,2026-05-28[bee-23],1,manual_confirmed,confirmed,
aruco:119,aruco,119,2026-05-21,2026-05-21,1,2026-05-21,2026-05-21[bee-16],2,manual_confirmed,confirmed,decoder_competition_or_disagreement;decoder_did_not_confirm_all_images
aruco:12,aruco,12,2026-05-29,2026-05-29,1,2026-05-29,2026-05-29[bee-9],1,manual_confirmed,confirmed,decoder_competition_or_disagreement
aruco:120,aruco,120,2026-05-21,2026-05-29,2,2026-05-21;2026-05-29,2026-05-21[bee-22];2026-05-29[bee-32],3,manual_confirmed,confirmed,decoder_competition_or_disagreement;decoder_did_not_confirm_all_images
aruco:121,aruco,121,2026-05-21,2026-05-21,1,2026-05-21,2026-05-21[bee-3],2,manual_confirmed,confirmed,decoder_competition_or_disagreement;decoder_did_not_confirm_all_images
aruco:122,aruco,122,2026-05-21,2026-05-21,1,2026-05-21,2026-05-21[bee-28],1,manual_confirmed,confirmed,decoder_competition_or_disagreement
aruco:123,aruco,123,2026-05-28,2026-05-28,1,2026-05-28,2026-05-28[bee-13],1,manual_confirmed,confirmed,
aruco:124,aruco,124,2026-05-28,2026-05-28,1,2026-05-28,2026-05-28[bee-31],2,manual_confirmed,confirmed,decoder_competition_or_disagreement
aruco:125,aruco,125,2026-05-28,2026-05-28,1,2026-05-28,2026-05-28[bee-5],1,manual_confirmed,confirmed,
aruco:127,aruco,127,2026-05-21,2026-05-21,1,2026-05-21,2026-05-21[bee-27],1,manual_confirmed,confirmed,decoder_competition_or_disagreement
aruco:128,aruco,128,2026-05-28,2026-05-28,1,2026-05-28,2026-05-28[bee-27],1,manual_confirmed,confirmed,decoder_did_not_confirm_all_images
aruco:129,aruco,129,2026-05-21,2026-05-21,1,2026-05-21,2026-05-21[bee-6],2,needs_review,confirmed,decoder_did_not_confirm_all_images;same_tag_used_by_multiple_bee_numbers_same_day
aruco:13,aruco,13,2026-05-29,2026-05-29,1,2026-05-29,2026-05-29[bee-34],1,manual_confirmed,confirmed,decoder_competition_or_disagreement
aruco:130,aruco,130,2026-05-21,2026-05-21,1,2026-05-21,2026-05-21[bee-24],1,manual_confirmed,confirmed,decoder_competition_or_disagreement
aruco:131,aruco,131,2026-05-21,2026-05-21,1,2026-05-21,2026-05-21[bee-23],2,manual_confirmed,confirmed,decoder_competition_or_disagreement
aruco:132,aruco,132,2026-05-28,2026-05-28,1,2026-05-28,2026-05-28[bee-10],1,manual_confirmed,confirmed,decoder_did_not_confirm_all_images
aruco:133,aruco,133,2026-05-21,2026-05-21,1,2026-05-21,2026-05-21[bee-19],1,manual_confirmed,confirmed,decoder_competition_or_disagreement
aruco:134,aruco,134,2026-06-01,2026-06-01,1,2026-06-01,2026-06-01[bee-1],1,manual_confirmed,confirmed,decoder_competition_or_disagreement
aruco:135,aruco,135,2026-06-01,2026-06-01,1,2026-06-01,2026-06-01[bee-21],1,manual_confirmed,confirmed,decoder_competition_or_disagreement
aruco:136,aruco,136,2026-06-01,2026-06-01,1,2026-06-01,2026-06-01[bee-12],1,manual_confirmed,confirmed,
aruco:137,aruco,137,2026-06-01,2026-06-01,1,2026-06-01,2026-06-01[bee-10],1,manual_confirmed,confirmed,decoder_competition_or_disagreement
aruco:138,aruco,138,2026-06-01,2026-06-01,1,2026-06-01,2026-06-01[bee-24],1,manual_confirmed,confirmed,decoder_did_not_confirm_all_images
aruco:139,aruco,139,2026-05-02,2026-05-02,1,2026-05-02,2026-05-02[bee-33],1,manual_confirmed,confirmed,decoder_competition_or_disagreement
aruco:14,aruco,14,2026-05-28,2026-05-28,1,2026-05-28,2026-05-28[bee-36],1,manual_confirmed,confirmed,decoder_did_not_confirm_all_images
aruco:140,aruco,140,2026-06-01,2026-06-01,1,2026-06-01,2026-06-01[bee-2],1,manual_confirmed,confirmed,decoder_did_not_confirm_all_images
aruco:141,aruco,141,2026-06-01,2026-06-17,2,2026-06-01;2026-06-17,2026-06-01[bee-22];2026-06-17[bee-27],2,manual_confirmed,confirmed,
aruco:143,aruco,143,2026-06-01,2026-06-01,1,2026-06-01,2026-06-01[bee-23],1,manual_confirmed,confirmed,decoder_did_not_confirm_all_images
aruco:144,aruco,144,2026-05-02,2026-05-02,1,2026-05-02,2026-05-02[bee-25],1,manual_confirmed,confirmed,decoder_did_not_confirm_all_images
aruco:145,aruco,145,2026-05-02,2026-05-02,1,2026-05-02,2026-05-02[bee-8],1,manual_confirmed,confirmed,
aruco:146,aruco,146,2026-06-01,2026-06-01,1,2026-06-01,2026-06-01[bee-20],1,manual_confirmed,confirmed,decoder_competition_or_disagreement
aruco:147,aruco,147,2026-06-01,2026-06-01,1,2026-06-01,2026-06-01[bee-3],1,manual_confirmed,confirmed,decoder_competition_or_disagreement
aruco:148,aruco,148,2026-06-01,2026-06-02,2,2026-06-01;2026-06-02,2026-06-01[bee-18];2026-06-02[bee-11],2,manual_confirmed,confirmed,decoder_competition_or_disagreement
aruco:149,aruco,149,2026-06-01,2026-06-01,1,2026-06-01,2026-06-01[bee-8],1,manual_confirmed,confirmed,decoder_competition_or_disagreement
aruco:15,aruco,15,2026-05-29,2026-05-29,1,2026-05-29,2026-05-29[bee-18],1,manual_confirmed,confirmed,decoder_competition_or_disagreement
aruco:150,aruco,150,2026-06-01,2026-06-01,1,2026-06-01,2026-06-01[bee-4],1,manual_confirmed,confirmed,decoder_competition_or_disagreement
aruco:151,aruco,151,2026-06-01,2026-06-01,1,2026-06-01,2026-06-01[bee-16],1,manual_confirmed,confirmed,
aruco:152,aruco,152,2026-06-02,2026-06-02,1,2026-06-02,2026-06-02[bee-14],1,manual_confirmed,confirmed,decoder_competition_or_disagreement
aruco:153,aruco,153,2026-06-02,2026-06-02,1,2026-06-02,2026-06-02[bee-2],2,manual_confirmed,confirmed,decoder_competition_or_disagreement
aruco:154,aruco,154,2026-06-01,2026-06-01,1,2026-06-01,2026-06-01[bee-15],1,manual_confirmed,confirmed,
aruco:155,aruco,155,2026-06-01,2026-06-01,1,2026-06-01,2026-06-01[bee-9],1,manual_confirmed,confirmed,decoder_did_not_confirm_all_images
aruco:156,aruco,156,2026-06-01,2026-06-01,1,2026-06-01,2026-06-01[bee-17],3,manual_confirmed,confirmed,decoder_competition_or_disagreement;decoder_did_not_confirm_all_images
aruco:158,aruco,158,2026-05-02,2026-05-02,1,2026-05-02,2026-05-02[bee-9],1,manual_confirmed,confirmed,decoder_competition_or_disagreement
aruco:159,aruco,159,2026-06-10,2026-06-10,1,2026-06-10,2026-06-10[bee-20],1,manual_confirmed,confirmed,decoder_competition_or_disagreement
aruco:16,aruco,16,2026-05-29,2026-05-29,1,2026-05-29,2026-05-29[bee-24],1,manual_confirmed,confirmed,decoder_competition_or_disagreement
aruco:161,aruco,161,2026-06-10,2026-06-10,1,2026-06-10,2026-06-10[bee-9],2,manual_confirmed,confirmed,decoder_did_not_confirm_all_images
aruco:162,aruco,162,2026-06-01,2026-06-01,1,2026-06-01,2026-06-01[bee-30],1,manual_confirmed,confirmed,decoder_competition_or_disagreement
aruco:163,aruco,163,2026-06-01,2026-06-01,1,2026-06-01,2026-06-01[bee-6],1,manual_confirmed,confirmed,decoder_competition_or_disagreement
aruco:164,aruco,164,2026-06-01,2026-06-01,1,2026-06-01,2026-06-01[bee-26],2,manual_confirmed,confirmed,decoder_competition_or_disagreement;decoder_did_not_confirm_all_images
aruco:165,aruco,165,2026-06-01,2026-06-01,1,2026-06-01,2026-06-01[bee-11],1,manual_confirmed,confirmed,decoder_competition_or_disagreement
aruco:166,aruco,166,2026-05-29,2026-05-29,1,2026-05-29,2026-05-29[bee-48],2,manual_confirmed,confirmed,decoder_competition_or_disagreement
aruco:167,aruco,167,2026-05-29,2026-05-29,1,2026-05-29,2026-05-29[bee-53],1,manual_confirmed,confirmed,decoder_competition_or_disagreement
aruco:168,aruco,168,2026-05-29,2026-05-29,1,2026-05-29,2026-05-29[bee-52],1,manual_confirmed,confirmed,decoder_competition_or_disagreement
aruco:169,aruco,169,2026-05-29,2026-05-29,1,2026-05-29,2026-05-29[bee-50],1,manual_confirmed,confirmed,
aruco:17,aruco,17,2026-05-29,2026-05-29,1,2026-05-29,2026-05-29[bee-33],1,needs_review,confirmed,decoder_did_not_confirm_all_images;same_tag_used_by_multiple_bee_numbers_same_day
aruco:170,aruco,170,2026-05-29,2026-05-29,1,2026-05-29,2026-05-29[bee-56],1,manual_confirmed,confirmed,decoder_competition_or_disagreement
aruco:172,aruco,172,2026-05-29,2026-05-29,1,2026-05-29,2026-05-29[bee-51],1,manual_confirmed,confirmed,decoder_did_not_confirm_all_images
aruco:173,aruco,173,2026-06-01,2026-06-01,1,2026-06-01,2026-06-01[bee-29],1,manual_confirmed,confirmed,decoder_competition_or_disagreement
aruco:174,aruco,174,2026-05-29,2026-05-29,1,2026-05-29,2026-05-29[bee-57],1,manual_confirmed,confirmed,decoder_competition_or_disagreement
aruco:175,aruco,175,2026-05-29,2026-05-29,1,2026-05-29,2026-05-29[bee-54],1,manual_confirmed,confirmed,decoder_competition_or_disagreement
aruco:176,aruco,176,2026-06-01,2026-06-01,1,2026-06-01,2026-06-01[bee-28],1,manual_confirmed,confirmed,decoder_competition_or_disagreement
aruco:177,aruco,177,2026-06-01,2026-06-01,1,2026-06-01,2026-06-01[bee-19],1,manual_confirmed,confirmed,decoder_competition_or_disagreement
aruco:179,aruco,179,2026-05-29,2026-05-29,1,2026-05-29,2026-05-29[bee-44],1,manual_confirmed,confirmed,decoder_competition_or_disagreement
aruco:18,aruco,18,2026-05-29,2026-05-29,1,2026-05-29,2026-05-29[bee-19],1,manual_confirmed,confirmed,
aruco:180,aruco,180,2026-05-02,2026-05-02,1,2026-05-02,2026-05-02[bee-10],1,manual_confirmed,confirmed,decoder_did_not_confirm_all_images
aruco:181,aruco,181,2026-05-29,2026-05-29,1,2026-05-29,2026-05-29[bee-60],1,manual_confirmed,confirmed,decoder_did_not_confirm_all_images
aruco:182,aruco,182,2026-06-02,2026-06-02,1,2026-06-02,2026-06-02[bee-1],1,manual_confirmed,confirmed,decoder_competition_or_disagreement
aruco:183,aruco,183,2026-06-01,2026-06-01,1,2026-06-01,2026-06-01[bee-7],1,manual_confirmed,confirmed,decoder_competition_or_disagreement
aruco:184,aruco,184,2026-06-01,2026-06-01,1,2026-06-01,2026-06-01[bee-5],1,manual_confirmed,confirmed,decoder_competition_or_disagreement
aruco:185,aruco,185,2026-06-01,2026-06-01,1,2026-06-01,2026-06-01[bee-27],1,manual_confirmed,confirmed,decoder_competition_or_disagreement
aruco:187,aruco,187,2026-05-29,2026-05-29,1,2026-05-29,2026-05-29[bee-46],2,manual_confirmed,confirmed,decoder_competition_or_disagreement
aruco:188,aruco,188,2026-05-29,2026-06-23,3,2026-05-29;2026-06-22;2026-06-23,2026-05-29[bee-61];2026-06-22[bee-1];2026-06-23[bee-22],4,needs_review,confirmed,decoder_competition_or_disagreement;decoder_did_not_confirm_all_images;same_tag_used_by_multiple_bee_numbers_same_day
aruco:189,aruco,189,2026-05-29,2026-05-29,1,2026-05-29,2026-05-29[bee-47],1,manual_confirmed,confirmed,decoder_did_not_confirm_all_images
aruco:19,aruco,19,2026-05-29,2026-05-29,1,2026-05-29,2026-05-29[bee-2],1,manual_confirmed,confirmed,decoder_competition_or_disagreement
aruco:190,aruco,190,2026-05-29,2026-05-29,1,2026-05-29,2026-05-29[bee-49],1,manual_confirmed,confirmed,decoder_competition_or_disagreement
aruco:191,aruco,191,2026-05-29,2026-05-29,1,2026-05-29,2026-05-29[bee-40],1,manual_confirmed,confirmed,decoder_did_not_confirm_all_images
aruco:192,aruco,192,2026-05-29,2026-05-29,1,2026-05-29,2026-05-29[bee-58],1,manual_confirmed,confirmed,decoder_competition_or_disagreement
aruco:193,aruco,193,2026-06-01,2026-06-01,1,2026-06-01,2026-06-01[bee-13],2,manual_confirmed,confirmed,decoder_competition_or_disagreement
aruco:195,aruco,195,2026-05-29,2026-05-29,1,2026-05-29,2026-05-29[bee-42],1,manual_confirmed,confirmed,
aruco:196,aruco,196,2026-06-01,2026-06-01,1,2026-06-01,2026-06-01[bee-25],1,manual_confirmed,confirmed,decoder_competition_or_disagreement
aruco:197,aruco,197,2026-05-29,2026-05-29,1,2026-05-29,2026-05-29[bee-43],1,manual_confirmed,confirmed,decoder_competition_or_disagreement
aruco:2,aruco,2,2026-05-29,2026-06-16,2,2026-05-29;2026-06-16,2026-05-29[bee-5];2026-06-16[bee-723],4,manual_confirmed,confirmed,decoder_competition_or_disagreement
aruco:20,aruco,20,2026-05-29,2026-05-29,1,2026-05-29,2026-05-29[bee-13],1,manual_confirmed,confirmed,decoder_competition_or_disagreement
aruco:200,aruco,200,2026-05-29,2026-05-29,1,2026-05-29,2026-05-29[bee-59],1,manual_confirmed,confirmed,decoder_competition_or_disagreement
aruco:201,aruco,201,2026-06-10,2026-06-10,1,2026-06-10,2026-06-10[bee-5],1,manual_confirmed,confirmed,
aruco:204,aruco,204,2026-06-10,2026-06-10,1,2026-06-10,2026-06-10[bee-10],1,manual_confirmed,confirmed,decoder_competition_or_disagreement
aruco:205,aruco,205,2026-05-02,2026-06-16,3,2026-05-02;2026-06-10;2026-06-16,2026-05-02[bee-6];2026-06-10[bee-25];2026-06-16[bee-22],4,needs_review,confirmed,decoder_competition_or_disagreement;same_tag_used_by_multiple_bee_numbers_same_day
aruco:206,aruco,206,2026-05-02,2026-06-02,2,2026-05-02;2026-06-02,2026-05-02[bee-3];2026-06-02[bee-6],2,manual_confirmed,confirmed,decoder_competition_or_disagreement
aruco:207,aruco,207,2026-05-02,2026-05-02,1,2026-05-02,2026-05-02[bee-21],2,manual_confirmed,confirmed,decoder_competition_or_disagreement;decoder_did_not_confirm_all_images
aruco:208,aruco,208,2026-06-10,2026-06-10,1,2026-06-10,2026-06-10[bee-19],2,manual_confirmed,confirmed,decoder_competition_or_disagreement;decoder_did_not_confirm_all_images
aruco:209,aruco,209,2026-06-10,2026-06-10,1,2026-06-10,2026-06-10[bee-12],1,manual_confirmed,confirmed,decoder_competition_or_disagreement
aruco:21,aruco,21,2026-05-28,2026-05-28,1,2026-05-28,2026-05-28[bee-37],1,manual_confirmed,confirmed,decoder_did_not_confirm_all_images
aruco:210,aruco,210,2026-05-02,2026-05-02,1,2026-05-02,2026-05-02[bee-23],1,manual_confirmed,confirmed,
aruco:211,aruco,211,2026-05-02,2026-05-02,1,2026-05-02,2026-05-02[bee-27],1,manual_confirmed,confirmed,decoder_competition_or_disagreement
aruco:212,aruco,212,2026-06-10,2026-06-10,1,2026-06-10,2026-06-10[bee-1],2,manual_confirmed,confirmed,decoder_did_not_confirm_all_images
aruco:213,aruco,213,2026-05-02,2026-05-02,1,2026-05-02,2026-05-02[bee-4],1,manual_confirmed,confirmed,decoder_competition_or_disagreement
aruco:214,aruco,214,2026-06-10,2026-06-10,1,2026-06-10,2026-06-10[bee-26],2,manual_confirmed,confirmed,decoder_competition_or_disagreement
aruco:215,aruco,215,2026-06-10,2026-06-10,1,2026-06-10,2026-06-10[bee-27],1,manual_confirmed,confirmed,decoder_competition_or_disagreement
aruco:216,aruco,216,2026-06-10,2026-06-10,1,2026-06-10,2026-06-10[bee-31],2,manual_confirmed,confirmed,decoder_did_not_confirm_all_images
aruco:217,aruco,217,2026-06-10,2026-06-10,1,2026-06-10,2026-06-10[bee-6],2,manual_confirmed,confirmed,decoder_competition_or_disagreement
aruco:218,aruco,218,2026-06-10,2026-06-10,1,2026-06-10,2026-06-10[bee-13],1,manual_confirmed,confirmed,decoder_did_not_confirm_all_images
aruco:219,aruco,219,2026-06-10,2026-06-10,1,2026-06-10,2026-06-10[bee-2],1,manual_confirmed,confirmed,decoder_competition_or_disagreement
aruco:22,aruco,22,2026-05-29,2026-05-29,1,2026-05-29,2026-05-29[bee-8],1,manual_confirmed,confirmed,
aruco:220,aruco,220,2026-05-02,2026-05-02,1,2026-05-02,2026-05-02[bee-20],1,manual_confirmed,confirmed,decoder_competition_or_disagreement
aruco:221,aruco,221,2026-06-02,2026-06-02,1,2026-06-02,2026-06-02[bee-4],1,manual_confirmed,confirmed,
aruco:222,aruco,222,2026-06-10,2026-06-11,2,2026-06-10;2026-06-11,2026-06-10[bee-24];2026-06-11[bee-27],2,manual_confirmed,confirmed,decoder_competition_or_disagreement
aruco:223,aruco,223,2026-06-10,2026-06-10,1,2026-06-10,2026-06-10[bee-30],2,manual_confirmed,confirmed,decoder_did_not_confirm_all_images
aruco:224,aruco,224,2026-05-02,2026-05-02,1,2026-05-02,2026-05-02[bee-17],2,manual_confirmed,confirmed,decoder_competition_or_disagreement;decoder_did_not_confirm_all_images
aruco:225,aruco,225,2026-05-02,2026-05-02,1,2026-05-02,2026-05-02[bee-26],1,manual_confirmed,confirmed,decoder_competition_or_disagreement
aruco:226,aruco,226,2026-05-02,2026-05-02,1,2026-05-02,2026-05-02[bee-19],1,manual_confirmed,confirmed,decoder_did_not_confirm_all_images
aruco:227,aruco,227,2026-05-02,2026-05-02,1,2026-05-02,2026-05-02[bee-29],1,manual_confirmed,confirmed,decoder_competition_or_disagreement
aruco:228,aruco,228,2026-05-02,2026-05-02,1,2026-05-02,2026-05-02[bee-16],1,manual_confirmed,confirmed,decoder_did_not_confirm_all_images
aruco:229,aruco,229,2026-06-10,2026-06-10,1,2026-06-10,2026-06-10[bee-11],1,manual_confirmed,confirmed,
aruco:23,aruco,23,2026-05-29,2026-05-29,1,2026-05-29,2026-05-29[bee-23],1,manual_confirmed,confirmed,decoder_competition_or_disagreement
aruco:230,aruco,230,2026-06-02,2026-06-02,1,2026-06-02,2026-06-02[bee-3],1,manual_confirmed,confirmed,decoder_competition_or_disagreement
aruco:231,aruco,231,2026-05-02,2026-05-02,1,2026-05-02,2026-05-02[bee-22],1,manual_confirmed,confirmed,
aruco:232,aruco,232,2026-06-10,2026-06-10,1,2026-06-10,2026-06-10[bee-32],2,manual_confirmed,confirmed,decoder_competition_or_disagreement;decoder_did_not_confirm_all_images
aruco:233,aruco,233,2026-06-10,2026-06-17,3,2026-06-10;2026-06-16;2026-06-17,2026-06-10[bee-17];2026-06-16[bee-19];2026-06-17[bee-45],5,manual_confirmed,confirmed,decoder_competition_or_disagreement;decoder_did_not_confirm_all_images
aruco:234,aruco,234,2026-06-10,2026-06-10,1,2026-06-10,2026-06-10[bee-23],1,manual_confirmed,confirmed,decoder_competition_or_disagreement
aruco:235,aruco,235,2026-06-02,2026-06-02,1,2026-06-02,2026-06-02[bee-8],1,manual_confirmed,confirmed,decoder_competition_or_disagreement
aruco:237,aruco,237,2026-06-10,2026-06-10,1,2026-06-10,2026-06-10[bee-22],1,manual_confirmed,confirmed,decoder_competition_or_disagreement
aruco:238,aruco,238,2026-06-10,2026-06-10,1,2026-06-10,2026-06-10[bee-3],1,manual_confirmed,confirmed,decoder_competition_or_disagreement
aruco:239,aruco,239,2026-06-10,2026-06-10,1,2026-06-10,2026-06-10[bee-16],1,manual_confirmed,confirmed,decoder_competition_or_disagreement
aruco:24,aruco,24,2026-05-29,2026-05-29,1,2026-05-29,2026-05-29[bee-11],1,manual_confirmed,confirmed,
aruco:240,aruco,240,2026-05-02,2026-06-10,2,2026-05-02;2026-06-10,2026-05-02[bee-5];2026-06-10[bee-7],2,manual_confirmed,confirmed,decoder_competition_or_disagreement
aruco:241,aruco,241,2026-06-02,2026-06-02,1,2026-06-02,2026-06-02[bee-5],1,manual_confirmed,confirmed,decoder_competition_or_disagreement
aruco:242,aruco,242,2026-06-10,2026-06-10,1,2026-06-10,2026-06-10[bee-21],1,manual_confirmed,confirmed,decoder_competition_or_disagreement
aruco:243,aruco,243,2026-06-10,2026-06-10,1,2026-06-10,2026-06-10[bee-29],1,manual_confirmed,confirmed,
aruco:244,aruco,244,2026-05-02,2026-05-02,1,2026-05-02,2026-05-02[bee-12],1,manual_confirmed,confirmed,decoder_competition_or_disagreement
aruco:245,aruco,245,2026-05-02,2026-05-02,1,2026-05-02,2026-05-02[bee-18],2,manual_confirmed,confirmed,decoder_competition_or_disagreement;decoder_did_not_confirm_all_images
aruco:246,aruco,246,2026-06-10,2026-06-10,1,2026-06-10,2026-06-10[bee-4],2,manual_confirmed,confirmed,decoder_competition_or_disagreement;decoder_did_not_confirm_all_images
aruco:247,aruco,247,2026-05-02,2026-05-02,1,2026-05-02,2026-05-02[bee-24],1,manual_confirmed,confirmed,
aruco:248,aruco,248,2026-05-02,2026-06-11,2,2026-05-02;2026-06-11,2026-05-02[bee-14];2026-06-11[bee-26],2,manual_confirmed,confirmed,decoder_competition_or_disagreement;decoder_did_not_confirm_all_images
aruco:25,aruco,25,2026-05-29,2026-05-29,1,2026-05-29,2026-05-29[bee-27],1,manual_confirmed,confirmed,decoder_did_not_confirm_all_images
aruco:250,aruco,250,2026-06-10,2026-06-10,1,2026-06-10,2026-06-10[bee-8],1,manual_confirmed,confirmed,decoder_competition_or_disagreement
aruco:251,aruco,251,2026-05-02,2026-05-02,1,2026-05-02,2026-05-02[bee-7],1,manual_confirmed,confirmed,decoder_competition_or_disagreement
aruco:252,aruco,252,2026-05-02,2026-05-02,1,2026-05-02,2026-05-02[bee-31],1,manual_confirmed,confirmed,decoder_competition_or_disagreement
aruco:253,aruco,253,2026-05-02,2026-05-02,1,2026-05-02,2026-05-02[bee-32],1,manual_confirmed,confirmed,decoder_competition_or_disagreement
aruco:254,aruco,254,2026-06-10,2026-06-10,1,2026-06-10,2026-06-10[bee-15],1,manual_confirmed,confirmed,decoder_competition_or_disagreement
aruco:255,aruco,255,2026-06-10,2026-06-10,1,2026-06-10,2026-06-10[bee-28],1,manual_confirmed,confirmed,decoder_competition_or_disagreement
aruco:256,aruco,256,2026-06-02,2026-06-02,1,2026-06-02,2026-06-02[bee-7],1,manual_confirmed,confirmed,decoder_competition_or_disagreement
aruco:257,aruco,257,2026-05-02,2026-05-02,1,2026-05-02,2026-05-02[bee-11],1,manual_confirmed,confirmed,decoder_competition_or_disagreement
aruco:258,aruco,258,2026-05-02,2026-06-11,2,2026-05-02;2026-06-11,2026-05-02[bee-2];2026-06-11[bee-89],4,manual_confirmed,confirmed,decoder_competition_or_disagreement;decoder_did_not_confirm_all_images
aruco:259,aruco,259,2026-06-10,2026-06-10,1,2026-06-10,2026-06-10[bee-18],1,manual_confirmed,confirmed,decoder_did_not_confirm_all_images
aruco:26,aruco,26,2026-05-28,2026-05-28,1,2026-05-28,2026-05-28[bee-39],2,manual_confirmed,confirmed,decoder_did_not_confirm_all_images
aruco:260,aruco,260,2026-06-10,2026-06-10,1,2026-06-10,2026-06-10[bee-14],1,manual_confirmed,confirmed,decoder_competition_or_disagreement
aruco:261,aruco,261,2026-06-02,2026-06-02,1,2026-06-02,2026-06-02[bee-12],1,manual_confirmed,confirmed,decoder_competition_or_disagreement
aruco:263,aruco,263,2026-05-02,2026-05-02,1,2026-05-02,2026-05-02[bee-13],2,manual_confirmed,confirmed,decoder_did_not_confirm_all_images
aruco:264,aruco,264,2026-06-02,2026-06-02,1,2026-06-02,2026-06-02[bee-10],1,manual_confirmed,confirmed,decoder_competition_or_disagreement
aruco:268,aruco,268,2026-06-11,2026-06-11,1,2026-06-11,2026-06-11[bee-106],2,manual_confirmed,confirmed,decoder_competition_or_disagreement
aruco:269,aruco,269,2026-06-10,2026-06-10,1,2026-06-10,2026-06-10[bee-108],1,manual_confirmed,confirmed,
aruco:27,aruco,27,2026-05-29,2026-05-29,1,2026-05-29,2026-05-29[bee-3],3,manual_confirmed,confirmed,decoder_competition_or_disagreement;decoder_did_not_confirm_all_images
aruco:270,aruco,270,2026-06-10,2026-06-10,1,2026-06-10,2026-06-10[bee-57],1,manual_confirmed,confirmed,decoder_competition_or_disagreement
aruco:271,aruco,271,2026-06-10,2026-06-10,1,2026-06-10,2026-06-10[bee-87],2,manual_confirmed,confirmed,decoder_did_not_confirm_all_images
aruco:272,aruco,272,2026-06-10,2026-06-10,1,2026-06-10,2026-06-10[bee-99],1,manual_confirmed,confirmed,decoder_competition_or_disagreement
aruco:273,aruco,273,2026-06-11,2026-06-22,3,2026-06-11;2026-06-16;2026-06-22,2026-06-11[bee-18];2026-06-16[bee-40];2026-06-22[bee-56],4,needs_review,confirmed,decoder_competition_or_disagreement;decoder_did_not_confirm_all_images;same_tag_used_by_multiple_bee_numbers_same_day
aruco:274,aruco,274,2026-06-11,2026-06-11,1,2026-06-11,2026-06-11[bee-113],2,manual_confirmed,confirmed,decoder_competition_or_disagreement;decoder_did_not_confirm_all_images
aruco:275,aruco,275,2026-06-10,2026-06-10,1,2026-06-10,2026-06-10[bee-91],1,manual_confirmed,confirmed,decoder_competition_or_disagreement
aruco:276,aruco,276,2026-06-11,2026-06-11,1,2026-06-11,2026-06-11[bee-107],2,manual_confirmed,confirmed,decoder_competition_or_disagreement;decoder_did_not_confirm_all_images
aruco:277,aruco,277,2026-06-11,2026-06-11,1,2026-06-11,2026-06-11[bee-35],2,manual_confirmed,confirmed,decoder_competition_or_disagreement;decoder_did_not_confirm_all_images
aruco:278,aruco,278,2026-06-10,2026-06-10,1,2026-06-10,2026-06-10[bee-83],1,manual_confirmed,confirmed,decoder_competition_or_disagreement
aruco:279,aruco,279,2026-06-11,2026-06-11,1,2026-06-11,2026-06-11[bee-45],1,manual_confirmed,confirmed,decoder_competition_or_disagreement
aruco:28,aruco,28,2026-05-29,2026-05-29,1,2026-05-29,2026-05-29[bee-45],1,manual_confirmed,confirmed,decoder_competition_or_disagreement
aruco:280,aruco,280,2026-06-10,2026-06-10,1,2026-06-10,2026-06-10[bee-61],1,manual_confirmed,confirmed,decoder_competition_or_disagreement
aruco:281,aruco,281,2026-06-11,2026-06-11,1,2026-06-11,2026-06-11[bee-117],2,manual_confirmed,confirmed,decoder_did_not_confirm_all_images
aruco:282,aruco,282,2026-06-10,2026-06-10,1,2026-06-10,2026-06-10[bee-113],3,manual_confirmed,confirmed,decoder_did_not_confirm_all_images
aruco:283,aruco,283,2026-06-10,2026-06-10,1,2026-06-10,2026-06-10[bee-56],1,manual_confirmed,confirmed,
aruco:284,aruco,284,2026-06-11,2026-06-11,1,2026-06-11,2026-06-11[bee-38],2,manual_confirmed,confirmed,decoder_competition_or_disagreement
aruco:285,aruco,285,2026-06-11,2026-06-16,2,2026-06-11;2026-06-16,2026-06-11[bee-85];2026-06-16[bee-751],2,manual_confirmed,confirmed,decoder_competition_or_disagreement
aruco:287,aruco,287,2026-06-10,2026-06-10,1,2026-06-10,2026-06-10[bee-110],1,manual_confirmed,confirmed,decoder_competition_or_disagreement
aruco:288,aruco,288,2026-06-10,2026-06-10,1,2026-06-10,2026-06-10[bee-69],1,manual_confirmed,confirmed,decoder_competition_or_disagreement
aruco:289,aruco,289,2026-06-10,2026-06-10,1,2026-06-10,2026-06-10[bee-97],1,manual_confirmed,confirmed,decoder_did_not_confirm_all_images
aruco:29,aruco,29,2026-05-29,2026-05-29,1,2026-05-29,2026-05-29[bee-7],1,manual_confirmed,confirmed,decoder_competition_or_disagreement
aruco:290,aruco,290,2026-06-11,2026-06-11,1,2026-06-11,2026-06-11[bee-67],1,manual_confirmed,confirmed,decoder_competition_or_disagreement
aruco:291,aruco,291,2026-06-11,2026-06-11,1,2026-06-11,2026-06-11[bee-42],1,manual_confirmed,confirmed,decoder_competition_or_disagreement
aruco:292,aruco,292,2026-06-10,2026-06-10,1,2026-06-10,2026-06-10[bee-107],1,manual_confirmed,confirmed,decoder_did_not_confirm_all_images
aruco:293,aruco,293,2026-06-11,2026-06-11,1,2026-06-11,2026-06-11[bee-57],2,manual_confirmed,confirmed,decoder_competition_or_disagreement
aruco:294,aruco,294,2026-06-11,2026-06-11,1,2026-06-11,2026-06-11[bee-48],1,manual_confirmed,confirmed,decoder_competition_or_disagreement
aruco:295,aruco,295,2026-06-11,2026-06-11,1,2026-06-11,2026-06-11[bee-62],1,manual_confirmed,confirmed,decoder_competition_or_disagreement
aruco:296,aruco,296,2026-06-10,2026-06-10,1,2026-06-10,2026-06-10[bee-85],1,manual_confirmed,confirmed,
aruco:297,aruco,297,2026-06-10,2026-06-10,1,2026-06-10,2026-06-10[bee-104],1,manual_confirmed,confirmed,decoder_competition_or_disagreement
aruco:298,aruco,298,2026-06-11,2026-06-11,1,2026-06-11,2026-06-11[bee-7],2,manual_confirmed,confirmed,decoder_competition_or_disagreement;decoder_did_not_confirm_all_images
aruco:299,aruco,299,2026-06-10,2026-06-10,1,2026-06-10,2026-06-10[bee-90],1,manual_confirmed,confirmed,decoder_competition_or_disagreement
aruco:30,aruco,30,2026-05-29,2026-05-29,1,2026-05-29,2026-05-29[bee-29],1,manual_confirmed,confirmed,decoder_did_not_confirm_all_images
aruco:300,aruco,300,2026-06-10,2026-06-10,1,2026-06-10,2026-06-10[bee-96],1,manual_confirmed,confirmed,decoder_competition_or_disagreement
aruco:301,aruco,301,2026-06-11,2026-06-11,1,2026-06-11,2026-06-11[bee-50],1,manual_confirmed,confirmed,decoder_competition_or_disagreement
aruco:302,aruco,302,2026-06-10,2026-06-10,1,2026-06-10,2026-06-10[bee-89],1,manual_confirmed,confirmed,decoder_competition_or_disagreement
aruco:303,aruco,303,2026-06-10,2026-06-10,1,2026-06-10,2026-06-10[bee-58],1,manual_confirmed,confirmed,decoder_competition_or_disagreement
aruco:304,aruco,304,2026-06-11,2026-06-11,1,2026-06-11,2026-06-11[bee-25],1,manual_confirmed,confirmed,decoder_competition_or_disagreement
aruco:305,aruco,305,2026-06-10,2026-06-10,1,2026-06-10,2026-06-10[bee-70],3,manual_confirmed,confirmed,decoder_competition_or_disagreement;decoder_did_not_confirm_all_images
aruco:306,aruco,306,2026-06-11,2026-06-16,2,2026-06-11;2026-06-16,2026-06-11[bee-4];2026-06-16[bee-731],2,manual_confirmed,confirmed,decoder_competition_or_disagreement
aruco:307,aruco,307,2026-06-11,2026-06-11,1,2026-06-11,2026-06-11[bee-72],2,manual_confirmed,confirmed,decoder_competition_or_disagreement;decoder_did_not_confirm_all_images
aruco:308,aruco,308,2026-06-10,2026-06-10,1,2026-06-10,2026-06-10[bee-116],1,manual_confirmed,confirmed,decoder_competition_or_disagreement
aruco:309,aruco,309,2026-06-11,2026-06-11,1,2026-06-11,2026-06-11[bee-58],1,manual_confirmed,confirmed,
aruco:31,aruco,31,2026-05-29,2026-05-29,1,2026-05-29,2026-05-29[bee-17],1,manual_confirmed,confirmed,decoder_competition_or_disagreement
aruco:310,aruco,310,2026-06-10,2026-06-10,1,2026-06-10,2026-06-10[bee-98],2,manual_confirmed,confirmed,decoder_competition_or_disagreement
aruco:311,aruco,311,2026-06-11,2026-06-11,1,2026-06-11,2026-06-11[bee-76],1,manual_confirmed,confirmed,decoder_did_not_confirm_all_images
aruco:313,aruco,313,2026-06-10,2026-06-10,2,2026-06-10,2026-06-10[bee-54];2026-06-10[bee-55],2,manual_confirmed,confirmed,decoder_competition_or_disagreement
aruco:314,aruco,314,2026-06-10,2026-06-10,1,2026-06-10,2026-06-10[bee-81],2,manual_confirmed,confirmed,decoder_competition_or_disagreement
aruco:315,aruco,315,2026-06-11,2026-06-11,1,2026-06-11,2026-06-11[bee-101],1,manual_confirmed,confirmed,decoder_competition_or_disagreement
aruco:316,aruco,316,2026-06-11,2026-06-11,1,2026-06-11,2026-06-11[bee-71],2,manual_confirmed,confirmed,decoder_competition_or_disagreement;decoder_did_not_confirm_all_images
aruco:317,aruco,317,2026-06-10,2026-06-10,1,2026-06-10,2026-06-10[bee-79],1,manual_confirmed,confirmed,decoder_competition_or_disagreement
aruco:319,aruco,319,2026-06-11,2026-06-11,1,2026-06-11,2026-06-11[bee-54],1,needs_review,confirmed,decoder_did_not_confirm_all_images;same_tag_used_by_multiple_bee_numbers_same_day
aruco:32,aruco,32,2026-05-29,2026-05-29,1,2026-05-29,2026-05-29[bee-16],1,manual_confirmed,confirmed,decoder_competition_or_disagreement
aruco:320,aruco,320,2026-06-11,2026-06-11,1,2026-06-11,2026-06-11[bee-59],1,manual_confirmed,confirmed,decoder_competition_or_disagreement
aruco:321,aruco,321,2026-06-10,2026-06-22,4,2026-06-10;2026-06-11;2026-06-17;2026-06-22,2026-06-10[bee-74];2026-06-11[bee-126];2026-06-17[bee-50];2026-06-22[bee-22],5,manual_confirmed,confirmed,decoder_competition_or_disagreement;decoder_did_not_confirm_all_images
aruco:322,aruco,322,2026-06-11,2026-06-16,2,2026-06-11;2026-06-16,2026-06-11[bee-23];2026-06-16[bee-28],4,manual_confirmed,confirmed,decoder_competition_or_disagreement;decoder_did_not_confirm_all_images
aruco:323,aruco,323,2026-06-11,2026-06-11,1,2026-06-11,2026-06-11[bee-102],2,manual_confirmed,confirmed,decoder_competition_or_disagreement
aruco:324,aruco,324,2026-06-11,2026-06-16,2,2026-06-11;2026-06-16,2026-06-11[bee-90];2026-06-16[bee-758],2,manual_confirmed,confirmed,decoder_competition_or_disagreement
aruco:325,aruco,325,2026-06-11,2026-06-11,1,2026-06-11,2026-06-11[bee-112],1,manual_confirmed,confirmed,decoder_competition_or_disagreement
aruco:326,aruco,326,2026-06-11,2026-06-11,1,2026-06-11,2026-06-11[bee-51],3,manual_confirmed,confirmed,decoder_competition_or_disagreement;decoder_did_not_confirm_all_images
aruco:327,aruco,327,2026-06-10,2026-06-10,1,2026-06-10,2026-06-10[bee-72],1,manual_confirmed,confirmed,decoder_competition_or_disagreement
aruco:328,aruco,328,2026-06-11,2026-06-16,2,2026-06-11;2026-06-16,2026-06-11[bee-109];2026-06-16[bee-14],3,manual_confirmed,confirmed,decoder_competition_or_disagreement
aruco:329,aruco,329,2026-06-11,2026-06-11,1,2026-06-11,2026-06-11[bee-74],2,manual_confirmed,confirmed,decoder_competition_or_disagreement;decoder_did_not_confirm_all_images
aruco:33,aruco,33,2026-05-29,2026-05-29,1,2026-05-29,2026-05-29[bee-12],1,manual_confirmed,confirmed,
aruco:330,aruco,330,2026-06-10,2026-06-10,1,2026-06-10,2026-06-10[bee-66],1,manual_confirmed,confirmed,decoder_competition_or_disagreement
aruco:331,aruco,331,2026-06-10,2026-06-10,1,2026-06-10,2026-06-10[bee-92],1,manual_confirmed,confirmed,decoder_competition_or_disagreement
aruco:332,aruco,332,2026-06-11,2026-06-11,1,2026-06-11,2026-06-11[bee-2],1,manual_confirmed,confirmed,decoder_competition_or_disagreement
aruco:333,aruco,333,2026-06-10,2026-06-10,1,2026-06-10,2026-06-10[bee-75],1,manual_confirmed,confirmed,
aruco:334,aruco,334,2026-06-11,2026-06-11,1,2026-06-11,2026-06-11[bee-17],1,manual_confirmed,confirmed,decoder_competition_or_disagreement
aruco:336,aruco,336,2026-06-10,2026-06-10,1,2026-06-10,2026-06-10[bee-106],2,manual_confirmed,confirmed,decoder_competition_or_disagreement;decoder_did_not_confirm_all_images
aruco:337,aruco,337,2026-06-11,2026-06-11,1,2026-06-11,2026-06-11[bee-33],1,manual_confirmed,confirmed,decoder_competition_or_disagreement
aruco:338,aruco,338,2026-06-11,2026-06-11,1,2026-06-11,2026-06-11[bee-55],2,manual_confirmed,confirmed,decoder_competition_or_disagreement
aruco:339,aruco,339,2026-06-11,2026-06-11,1,2026-06-11,2026-06-11[bee-13],2,manual_confirmed,confirmed,decoder_competition_or_disagreement
aruco:34,aruco,34,2026-05-29,2026-05-29,1,2026-05-29,2026-05-29[bee-25],1,manual_confirmed,confirmed,decoder_competition_or_disagreement
aruco:340,aruco,340,2026-06-10,2026-06-10,1,2026-06-10,2026-06-10[bee-64],1,manual_confirmed,confirmed,decoder_competition_or_disagreement
aruco:341,aruco,341,2026-06-10,2026-06-10,1,2026-06-10,2026-06-10[bee-39],1,manual_confirmed,confirmed,decoder_competition_or_disagreement
aruco:342,aruco,342,2026-06-11,2026-06-11,1,2026-06-11,2026-06-11[bee-61],1,manual_confirmed,confirmed,decoder_competition_or_disagreement
aruco:343,aruco,343,2026-06-11,2026-06-11,1,2026-06-11,2026-06-11[bee-84],2,needs_review,confirmed,decoder_competition_or_disagreement;same_tag_used_by_multiple_bee_numbers_same_day
aruco:344,aruco,344,2026-06-10,2026-06-10,1,2026-06-10,2026-06-10[bee-47],1,manual_confirmed,confirmed,decoder_competition_or_disagreement
aruco:345,aruco,345,2026-06-11,2026-06-11,1,2026-06-11,2026-06-11[bee-70],2,manual_confirmed,confirmed,decoder_competition_or_disagreement;decoder_did_not_confirm_all_images
aruco:346,aruco,346,2026-06-10,2026-06-10,1,2026-06-10,2026-06-10[bee-86],1,manual_confirmed,confirmed,decoder_did_not_confirm_all_images
aruco:347,aruco,347,2026-06-11,2026-06-11,1,2026-06-11,2026-06-11[bee-22],1,manual_confirmed,confirmed,decoder_competition_or_disagreement
aruco:348,aruco,348,2026-06-11,2026-06-11,1,2026-06-11,2026-06-11[bee-9],1,manual_confirmed,confirmed,decoder_competition_or_disagreement
aruco:349,aruco,349,2026-06-10,2026-06-10,1,2026-06-10,2026-06-10[bee-112],1,manual_confirmed,confirmed,
aruco:35,aruco,35,2026-05-29,2026-05-29,1,2026-05-29,2026-05-29[bee-21],1,manual_confirmed,confirmed,decoder_competition_or_disagreement
aruco:350,aruco,350,2026-06-10,2026-06-10,1,2026-06-10,2026-06-10[bee-68],1,manual_confirmed,confirmed,decoder_competition_or_disagreement
aruco:351,aruco,351,2026-06-11,2026-06-11,1,2026-06-11,2026-06-11[bee-97],2,manual_confirmed,confirmed,decoder_competition_or_disagreement
aruco:352,aruco,352,2026-06-11,2026-06-11,1,2026-06-11,2026-06-11[bee-11],1,manual_confirmed,confirmed,decoder_competition_or_disagreement
aruco:354,aruco,354,2026-06-10,2026-06-10,1,2026-06-10,2026-06-10[bee-114],1,manual_confirmed,confirmed,decoder_did_not_confirm_all_images
aruco:355,aruco,355,2026-06-11,2026-06-17,2,2026-06-11;2026-06-17,2026-06-11[bee-6];2026-06-17[bee-51],2,manual_confirmed,confirmed,decoder_competition_or_disagreement;decoder_did_not_confirm_all_images
aruco:356,aruco,356,2026-06-11,2026-06-11,1,2026-06-11,2026-06-11[bee-5],1,manual_confirmed,confirmed,decoder_competition_or_disagreement
aruco:357,aruco,357,2026-06-11,2026-06-11,1,2026-06-11,2026-06-11[bee-104],1,manual_confirmed,confirmed,decoder_competition_or_disagreement
aruco:358,aruco,358,2026-06-11,2026-06-16,2,2026-06-11;2026-06-16,2026-06-11[bee-93];2026-06-16[bee-752],2,manual_confirmed,confirmed,decoder_competition_or_disagreement
aruco:359,aruco,359,2026-06-10,2026-06-11,2,2026-06-10;2026-06-11,2026-06-10[bee-59];2026-06-11[bee-63],3,manual_confirmed,confirmed,decoder_competition_or_disagreement;decoder_did_not_confirm_all_images
aruco:36,aruco,36,2026-05-28,2026-05-28,1,2026-05-28,2026-05-28[bee-42],1,manual_confirmed,confirmed,decoder_competition_or_disagreement
aruco:360,aruco,360,2026-06-10,2026-06-10,1,2026-06-10,2026-06-10[bee-109],1,manual_confirmed,confirmed,decoder_competition_or_disagreement
aruco:361,aruco,361,2026-06-11,2026-06-11,1,2026-06-11,2026-06-11[bee-30],1,manual_confirmed,confirmed,decoder_competition_or_disagreement
aruco:362,aruco,362,2026-06-11,2026-06-11,1,2026-06-11,2026-06-11[bee-44],2,manual_confirmed,confirmed,decoder_competition_or_disagreement;decoder_did_not_confirm_all_images
aruco:363,aruco,363,2026-06-10,2026-06-10,1,2026-06-10,2026-06-10[bee-76],1,manual_confirmed,confirmed,decoder_competition_or_disagreement
aruco:364,aruco,364,2026-06-10,2026-06-11,2,2026-06-10;2026-06-11,2026-06-10[bee-42];2026-06-11[bee-92],2,manual_confirmed,confirmed,decoder_competition_or_disagreement
aruco:365,aruco,365,2026-06-10,2026-06-10,1,2026-06-10,2026-06-10[bee-41],1,manual_confirmed,confirmed,decoder_competition_or_disagreement
aruco:366,aruco,366,2026-06-11,2026-06-11,1,2026-06-11,2026-06-11[bee-75],1,manual_confirmed,confirmed,decoder_competition_or_disagreement
aruco:369,aruco,369,2026-06-10,2026-06-10,1,2026-06-10,2026-06-10[bee-111],1,manual_confirmed,confirmed,
aruco:37,aruco,37,2026-05-02,2026-06-01,3,2026-05-02;2026-05-29;2026-06-01,2026-05-02[bee-30];2026-05-29[bee-4];2026-06-01[bee-14],3,manual_confirmed,confirmed,decoder_competition_or_disagreement
aruco:370,aruco,370,2026-06-11,2026-06-11,1,2026-06-11,2026-06-11[bee-34],1,manual_confirmed,confirmed,decoder_did_not_confirm_all_images
aruco:371,aruco,371,2026-06-10,2026-06-10,1,2026-06-10,2026-06-10[bee-77],1,manual_confirmed,confirmed,decoder_competition_or_disagreement
aruco:372,aruco,372,2026-06-11,2026-06-11,1,2026-06-11,2026-06-11[bee-32],2,manual_confirmed,confirmed,decoder_competition_or_disagreement
aruco:373,aruco,373,2026-06-10,2026-06-10,1,2026-06-10,2026-06-10[bee-50],1,manual_confirmed,confirmed,decoder_competition_or_disagreement
aruco:374,aruco,374,2026-06-10,2026-06-10,1,2026-06-10,2026-06-10[bee-101],1,manual_confirmed,confirmed,decoder_did_not_confirm_all_images
aruco:375,aruco,375,2026-06-11,2026-06-11,1,2026-06-11,2026-06-11[bee-111],3,manual_confirmed,confirmed,decoder_competition_or_disagreement;decoder_did_not_confirm_all_images
aruco:376,aruco,376,2026-06-11,2026-06-11,1,2026-06-11,2026-06-11[bee-87],1,manual_confirmed,confirmed,decoder_did_not_confirm_all_images
aruco:377,aruco,377,2026-06-10,2026-06-10,1,2026-06-10,2026-06-10[bee-94],1,manual_confirmed,confirmed,decoder_competition_or_disagreement
aruco:378,aruco,378,2026-06-11,2026-06-11,1,2026-06-11,2026-06-11[bee-47],1,manual_confirmed,confirmed,decoder_competition_or_disagreement
aruco:379,aruco,379,2026-06-10,2026-06-10,1,2026-06-10,2026-06-10[bee-117],2,manual_confirmed,confirmed,decoder_competition_or_disagreement;decoder_did_not_confirm_all_images
aruco:38,aruco,38,2026-05-28,2026-05-28,1,2026-05-28,2026-05-28[bee-38],1,manual_confirmed,confirmed,decoder_competition_or_disagreement
aruco:380,aruco,380,2026-06-11,2026-06-11,1,2026-06-11,2026-06-11[bee-105],2,manual_confirmed,confirmed,decoder_competition_or_disagreement;decoder_did_not_confirm_all_images
aruco:381,aruco,381,2026-06-11,2026-06-11,1,2026-06-11,2026-06-11[bee-56],2,manual_confirmed,confirmed,decoder_competition_or_disagreement;decoder_did_not_confirm_all_images
aruco:382,aruco,382,2026-06-10,2026-06-10,1,2026-06-10,2026-06-10[bee-37],2,manual_confirmed,confirmed,decoder_competition_or_disagreement
aruco:383,aruco,383,2026-06-10,2026-06-10,1,2026-06-10,2026-06-10[bee-52],1,manual_confirmed,confirmed,decoder_competition_or_disagreement
aruco:384,aruco,384,2026-06-11,2026-06-11,1,2026-06-11,2026-06-11[bee-12],1,manual_confirmed,confirmed,decoder_competition_or_disagreement
aruco:385,aruco,385,2026-06-11,2026-06-16,2,2026-06-11;2026-06-16,2026-06-11[bee-108];2026-06-16[bee-6],2,manual_confirmed,confirmed,decoder_competition_or_disagreement
aruco:386,aruco,386,2026-06-10,2026-06-10,1,2026-06-10,2026-06-10[bee-100],1,manual_confirmed,confirmed,decoder_competition_or_disagreement
aruco:387,aruco,387,2026-06-11,2026-06-11,1,2026-06-11,2026-06-11[bee-41],2,needs_review,confirmed,decoder_competition_or_disagreement;decoder_did_not_confirm_all_images;same_tag_used_by_multiple_bee_numbers_same_day
aruco:388,aruco,388,2026-06-11,2026-06-11,1,2026-06-11,2026-06-11[bee-64],1,manual_confirmed,confirmed,decoder_competition_or_disagreement
aruco:389,aruco,389,2026-06-10,2026-06-10,1,2026-06-10,2026-06-10[bee-53],2,manual_confirmed,confirmed,decoder_competition_or_disagreement;decoder_did_not_confirm_all_images
aruco:39,aruco,39,2026-05-29,2026-05-29,1,2026-05-29,2026-05-29[bee-38],2,manual_confirmed,confirmed,decoder_competition_or_disagreement
aruco:390,aruco,390,2026-06-11,2026-06-17,2,2026-06-11;2026-06-17,2026-06-11[bee-94];2026-06-17[bee-11],2,needs_review,confirmed,decoder_competition_or_disagreement;decoder_did_not_confirm_all_images;same_tag_used_by_multiple_bee_numbers_same_day
aruco:391,aruco,391,2026-06-11,2026-06-11,1,2026-06-11,2026-06-11[bee-91],2,manual_confirmed,confirmed,decoder_competition_or_disagreement
aruco:392,aruco,392,2026-06-10,2026-06-10,1,2026-06-10,2026-06-10[bee-78],1,manual_confirmed,confirmed,decoder_competition_or_disagreement
aruco:393,aruco,393,2026-06-10,2026-06-10,1,2026-06-10,2026-06-10[bee-67],1,manual_confirmed,confirmed,decoder_competition_or_disagreement
aruco:394,aruco,394,2026-06-11,2026-06-11,1,2026-06-11,2026-06-11[bee-3],1,needs_review,confirmed,decoder_competition_or_disagreement;same_tag_used_by_multiple_bee_numbers_same_day
aruco:395,aruco,395,2026-06-11,2026-06-11,1,2026-06-11,2026-06-11[bee-114],2,manual_confirmed,confirmed,decoder_competition_or_disagreement
aruco:396,aruco,396,2026-06-10,2026-06-10,1,2026-06-10,2026-06-10[bee-73],1,manual_confirmed,confirmed,decoder_competition_or_disagreement
aruco:397,aruco,397,2026-06-11,2026-06-17,2,2026-06-11;2026-06-17,2026-06-11[bee-36];2026-06-17[bee-30],3,manual_confirmed,confirmed,decoder_competition_or_disagreement;decoder_did_not_confirm_all_images
aruco:398,aruco,398,2026-06-10,2026-06-10,1,2026-06-10,2026-06-10[bee-60],1,manual_confirmed,confirmed,decoder_competition_or_disagreement
aruco:399,aruco,399,2026-06-11,2026-06-11,1,2026-06-11,2026-06-11[bee-96],2,manual_confirmed,confirmed,decoder_competition_or_disagreement;decoder_did_not_confirm_all_images
aruco:4,aruco,4,2026-05-02,2026-05-02,1,2026-05-02,2026-05-02[bee-28],1,manual_confirmed,confirmed,decoder_competition_or_disagreement
aruco:40,aruco,40,2026-05-29,2026-05-29,1,2026-05-29,2026-05-29[bee-36],1,manual_confirmed,confirmed,decoder_competition_or_disagreement
aruco:402,aruco,402,2026-06-11,2026-06-11,1,2026-06-11,2026-06-11[bee-66],2,needs_review,confirmed,decoder_competition_or_disagreement;same_tag_used_by_multiple_bee_numbers_same_day
aruco:403,aruco,403,2026-06-11,2026-06-11,1,2026-06-11,2026-06-11[bee-46],1,manual_confirmed,confirmed,
aruco:404,aruco,404,2026-06-11,2026-06-11,1,2026-06-11,2026-06-11[bee-29],3,manual_confirmed,confirmed,decoder_competition_or_disagreement
aruco:406,aruco,406,2026-06-11,2026-06-11,1,2026-06-11,2026-06-11[bee-8],1,manual_confirmed,confirmed,
aruco:407,aruco,407,2026-06-11,2026-06-11,1,2026-06-11,2026-06-11[bee-69],1,manual_confirmed,confirmed,decoder_did_not_confirm_all_images
aruco:408,aruco,408,2026-06-10,2026-06-10,1,2026-06-10,2026-06-10[bee-82],1,manual_confirmed,confirmed,decoder_competition_or_disagreement
aruco:409,aruco,409,2026-06-11,2026-06-11,2,2026-06-11,2026-06-11[bee-78];2026-06-11[bee-79],3,needs_review,confirmed,decoder_competition_or_disagreement;decoder_did_not_confirm_all_images;same_tag_used_by_multiple_bee_numbers_same_day
aruco:41,aruco,41,2026-05-29,2026-05-29,1,2026-05-29,2026-05-29[bee-37],1,manual_confirmed,confirmed,decoder_competition_or_disagreement
aruco:410,aruco,410,2026-06-11,2026-06-11,1,2026-06-11,2026-06-11[bee-60],1,manual_confirmed,confirmed,decoder_competition_or_disagreement
aruco:411,aruco,411,2026-06-11,2026-06-11,1,2026-06-11,2026-06-11[bee-14],1,needs_review,confirmed,decoder_competition_or_disagreement;same_tag_used_by_multiple_bee_numbers_same_day
aruco:412,aruco,412,2026-06-11,2026-06-11,1,2026-06-11,2026-06-11[bee-81],1,manual_confirmed,confirmed,decoder_competition_or_disagreement
aruco:413,aruco,413,2026-06-10,2026-06-10,1,2026-06-10,2026-06-10[bee-45],1,manual_confirmed,confirmed,decoder_did_not_confirm_all_images
aruco:414,aruco,414,2026-06-11,2026-06-11,1,2026-06-11,2026-06-11[bee-52],2,manual_confirmed,confirmed,decoder_did_not_confirm_all_images
aruco:415,aruco,415,2026-06-11,2026-06-11,1,2026-06-11,2026-06-11[bee-77],1,manual_confirmed,confirmed,decoder_did_not_confirm_all_images
aruco:416,aruco,416,2026-06-11,2026-06-17,3,2026-06-11;2026-06-16;2026-06-17,2026-06-11[bee-31];2026-06-16[bee-48];2026-06-17[bee-44],5,manual_confirmed,confirmed,decoder_competition_or_disagreement
aruco:417,aruco,417,2026-06-10,2026-06-16,3,2026-06-10;2026-06-16,2026-06-10[bee-102];2026-06-10[bee-103];2026-06-16[bee-7],5,manual_confirmed,confirmed,decoder_competition_or_disagreement;decoder_did_not_confirm_all_images
aruco:419,aruco,419,2026-06-11,2026-06-11,1,2026-06-11,2026-06-11[bee-10],1,manual_confirmed,confirmed,decoder_competition_or_disagreement
aruco:42,aruco,42,2026-05-29,2026-05-29,1,2026-05-29,2026-05-29[bee-22],1,manual_confirmed,confirmed,decoder_competition_or_disagreement
aruco:420,aruco,420,2026-06-10,2026-06-10,1,2026-06-10,2026-06-10[bee-44],1,manual_confirmed,confirmed,
aruco:421,aruco,421,2026-06-11,2026-06-11,1,2026-06-11,2026-06-11[bee-53],2,manual_confirmed,confirmed,decoder_competition_or_disagreement
aruco:422,aruco,422,2026-06-11,2026-06-11,1,2026-06-11,2026-06-11[bee-80],1,manual_confirmed,confirmed,decoder_competition_or_disagreement
aruco:423,aruco,423,2026-06-11,2026-06-11,1,2026-06-11,2026-06-11[bee-103],2,manual_confirmed,confirmed,decoder_competition_or_disagreement
aruco:424,aruco,424,2026-06-10,2026-06-10,1,2026-06-10,2026-06-10[bee-80],1,manual_confirmed,confirmed,decoder_competition_or_disagreement
aruco:425,aruco,425,2026-06-11,2026-06-11,1,2026-06-11,2026-06-11[bee-21],1,manual_confirmed,confirmed,decoder_competition_or_disagreement
aruco:426,aruco,426,2026-06-10,2026-06-10,1,2026-06-10,2026-06-10[bee-88],2,manual_confirmed,confirmed,decoder_competition_or_disagreement;decoder_did_not_confirm_all_images
aruco:427,aruco,427,2026-06-10,2026-06-10,1,2026-06-10,2026-06-10[bee-65],1,manual_confirmed,confirmed,
aruco:428,aruco,428,2026-06-10,2026-06-16,2,2026-06-10;2026-06-16,2026-06-10[bee-35];2026-06-16[bee-750],2,manual_confirmed,confirmed,decoder_did_not_confirm_all_images
aruco:429,aruco,429,2026-06-11,2026-06-11,1,2026-06-11,2026-06-11[bee-110],1,manual_confirmed,confirmed,
aruco:43,aruco,43,2026-05-29,2026-05-29,1,2026-05-29,2026-05-29[bee-15],1,manual_confirmed,confirmed,decoder_competition_or_disagreement
aruco:430,aruco,430,2026-06-11,2026-06-11,1,2026-06-11,2026-06-11[bee-82],2,manual_confirmed,confirmed,decoder_competition_or_disagreement
aruco:431,aruco,431,2026-06-11,2026-06-17,2,2026-06-11;2026-06-17,2026-06-11[bee-15];2026-06-17[bee-47],4,manual_confirmed,confirmed,decoder_competition_or_disagreement;decoder_did_not_confirm_all_images
aruco:432,aruco,432,2026-06-11,2026-06-11,1,2026-06-11,2026-06-11[bee-98],1,manual_confirmed,confirmed,decoder_did_not_confirm_all_images
aruco:433,aruco,433,2026-06-11,2026-06-11,1,2026-06-11,2026-06-11[bee-83],1,manual_confirmed,confirmed,decoder_competition_or_disagreement
aruco:434,aruco,434,2026-06-10,2026-06-10,1,2026-06-10,2026-06-10[bee-105],3,manual_confirmed,confirmed,decoder_competition_or_disagreement;decoder_did_not_confirm_all_images
aruco:436,aruco,436,2026-06-10,2026-06-10,1,2026-06-10,2026-06-10[bee-95],1,manual_confirmed,confirmed,decoder_competition_or_disagreement
aruco:437,aruco,437,2026-06-11,2026-06-11,1,2026-06-11,2026-06-11[bee-95],2,needs_review,confirmed,decoder_competition_or_disagreement;decoder_did_not_confirm_all_images;same_tag_used_by_multiple_bee_numbers_same_day
aruco:438,aruco,438,2026-06-11,2026-06-11,1,2026-06-11,2026-06-11[bee-99],2,manual_confirmed,confirmed,decoder_competition_or_disagreement;decoder_did_not_confirm_all_images
aruco:439,aruco,439,2026-06-11,2026-06-11,1,2026-06-11,2026-06-11[bee-86],3,manual_confirmed,confirmed,decoder_competition_or_disagreement;decoder_did_not_confirm_all_images
aruco:44,aruco,44,2026-05-28,2026-05-28,1,2026-05-28,2026-05-28[bee-34],1,manual_confirmed,confirmed,decoder_competition_or_disagreement
aruco:440,aruco,440,2026-06-11,2026-06-11,1,2026-06-11,2026-06-11[bee-115],1,manual_confirmed,confirmed,decoder_competition_or_disagreement
aruco:441,aruco,441,2026-06-10,2026-06-24,2,2026-06-10;2026-06-24,2026-06-10[bee-93];2026-06-24[bee-2],2,manual_confirmed,confirmed,decoder_competition_or_disagreement
aruco:442,aruco,442,2026-06-10,2026-06-10,1,2026-06-10,2026-06-10[bee-36],1,manual_confirmed,confirmed,decoder_competition_or_disagreement
aruco:443,aruco,443,2026-06-11,2026-06-11,1,2026-06-11,2026-06-11[bee-100],2,manual_confirmed,confirmed,decoder_did_not_confirm_all_images
aruco:444,aruco,444,2026-06-11,2026-06-11,1,2026-06-11,2026-06-11[bee-88],1,manual_confirmed,confirmed,decoder_competition_or_disagreement
aruco:445,aruco,445,2026-06-10,2026-06-10,1,2026-06-10,2026-06-10[bee-115],1,manual_confirmed,confirmed,decoder_competition_or_disagreement
aruco:446,aruco,446,2026-06-11,2026-06-11,1,2026-06-11,2026-06-11[bee-65],2,manual_confirmed,confirmed,decoder_competition_or_disagreement;decoder_did_not_confirm_all_images
aruco:447,aruco,447,2026-06-10,2026-06-10,1,2026-06-10,2026-06-10[bee-48],1,manual_confirmed,confirmed,decoder_competition_or_disagreement
aruco:448,aruco,448,2026-06-10,2026-06-10,1,2026-06-10,2026-06-10[bee-38],1,manual_confirmed,confirmed,
aruco:449,aruco,449,2026-06-11,2026-06-17,2,2026-06-11;2026-06-17,2026-06-11[bee-43];2026-06-17[bee-24],2,manual_confirmed,confirmed,decoder_competition_or_disagreement
aruco:450,aruco,450,2026-06-11,2026-06-11,1,2026-06-11,2026-06-11[bee-24],2,manual_confirmed,confirmed,
aruco:451,aruco,451,2026-06-10,2026-06-10,1,2026-06-10,2026-06-10[bee-71],2,manual_confirmed,confirmed,decoder_competition_or_disagreement
aruco:452,aruco,452,2026-06-10,2026-06-10,1,2026-06-10,2026-06-10[bee-34],1,manual_confirmed,confirmed,
aruco:453,aruco,453,2026-06-10,2026-06-17,2,2026-06-10;2026-06-17,2026-06-10[bee-46];2026-06-17[bee-13],2,manual_confirmed,confirmed,decoder_competition_or_disagreement
aruco:454,aruco,454,2026-06-11,2026-06-11,1,2026-06-11,2026-06-11[bee-39],2,manual_confirmed,confirmed,decoder_competition_or_disagreement;decoder_did_not_confirm_all_images
aruco:455,aruco,455,2026-06-10,2026-06-10,1,2026-06-10,2026-06-10[bee-84],1,manual_confirmed,confirmed,decoder_did_not_confirm_all_images
aruco:456,aruco,456,2026-06-10,2026-06-11,2,2026-06-10;2026-06-11,2026-06-10[bee-62];2026-06-11[bee-116],3,manual_confirmed,confirmed,decoder_competition_or_disagreement
aruco:457,aruco,457,2026-06-11,2026-06-11,1,2026-06-11,2026-06-11[bee-40],1,manual_confirmed,confirmed,decoder_competition_or_disagreement
aruco:458,aruco,458,2026-06-10,2026-06-10,1,2026-06-10,2026-06-10[bee-51],2,manual_confirmed,confirmed,decoder_competition_or_disagreement
aruco:459,aruco,459,2026-06-10,2026-06-10,1,2026-06-10,2026-06-10[bee-63],2,manual_confirmed,confirmed,decoder_did_not_confirm_all_images
aruco:461,aruco,461,2026-06-11,2026-06-11,1,2026-06-11,2026-06-11[bee-37],2,manual_confirmed,confirmed,decoder_competition_or_disagreement;decoder_did_not_confirm_all_images
aruco:462,aruco,462,2026-06-11,2026-06-16,2,2026-06-11;2026-06-16,2026-06-11[bee-1];2026-06-16[bee-729],2,manual_confirmed,confirmed,decoder_competition_or_disagreement
aruco:465,aruco,465,2026-06-10,2026-06-10,1,2026-06-10,2026-06-10[bee-43],2,manual_confirmed,confirmed,decoder_did_not_confirm_all_images
aruco:466,aruco,466,2026-06-11,2026-06-11,1,2026-06-11,2026-06-11[bee-16],1,manual_confirmed,confirmed,decoder_competition_or_disagreement
aruco:467,aruco,467,2026-06-11,2026-06-16,2,2026-06-11;2026-06-16,2026-06-11[bee-73];2026-06-16[bee-754],2,manual_confirmed,confirmed,decoder_competition_or_disagreement
aruco:468,aruco,468,2026-06-10,2026-06-10,1,2026-06-10,2026-06-10[bee-49],1,manual_confirmed,confirmed,decoder_did_not_confirm_all_images
aruco:469,aruco,469,2026-06-11,2026-06-11,1,2026-06-11,2026-06-11[bee-123],2,needs_review,confirmed,decoder_competition_or_disagreement;decoder_did_not_confirm_all_images;same_tag_used_by_multiple_bee_numbers_same_day
aruco:47,aruco,47,2026-05-29,2026-05-29,1,2026-05-29,2026-05-29[bee-35],2,manual_confirmed,confirmed,decoder_competition_or_disagreement;decoder_did_not_confirm_all_images
aruco:470,aruco,470,2026-06-11,2026-06-11,1,2026-06-11,2026-06-11[bee-125],1,manual_confirmed,confirmed,decoder_competition_or_disagreement
aruco:471,aruco,471,2026-06-16,2026-06-16,1,2026-06-16,2026-06-16[bee-1],1,manual_confirmed,confirmed,decoder_competition_or_disagreement
aruco:472,aruco,472,2026-06-11,2026-06-11,1,2026-06-11,2026-06-11[bee-118],1,manual_confirmed,confirmed,decoder_competition_or_disagreement
aruco:473,aruco,473,2026-06-11,2026-06-11,1,2026-06-11,2026-06-11[bee-121],1,manual_confirmed,confirmed,decoder_competition_or_disagreement
aruco:474,aruco,474,2026-06-11,2026-06-11,1,2026-06-11,2026-06-11[bee-119],2,manual_confirmed,confirmed,decoder_competition_or_disagreement;decoder_did_not_confirm_all_images
aruco:475,aruco,475,2026-06-16,2026-06-22,2,2026-06-16;2026-06-22,2026-06-16[bee-2];2026-06-22[bee-23],3,manual_confirmed,confirmed,decoder_competition_or_disagreement;decoder_did_not_confirm_all_images
aruco:476,aruco,476,2026-06-11,2026-06-16,2,2026-06-11;2026-06-16,2026-06-11[bee-120];2026-06-16[bee-4],3,manual_confirmed,confirmed,decoder_competition_or_disagreement
aruco:477,aruco,477,2026-06-11,2026-06-11,1,2026-06-11,2026-06-11[bee-122],1,manual_confirmed,confirmed,
aruco:478,aruco,478,2026-06-11,2026-06-11,1,2026-06-11,2026-06-11[bee-127],1,manual_confirmed,confirmed,decoder_competition_or_disagreement
aruco:479,aruco,479,2026-06-16,2026-06-16,1,2026-06-16,2026-06-16[bee-3],1,manual_confirmed,confirmed,decoder_competition_or_disagreement
aruco:48,aruco,48,2026-05-28,2026-05-28,1,2026-05-28,2026-05-28[bee-40],1,manual_confirmed,confirmed,decoder_competition_or_disagreement
aruco:480,aruco,480,2026-06-11,2026-06-11,1,2026-06-11,2026-06-11[bee-124],1,needs_review,confirmed,decoder_competition_or_disagreement;same_tag_used_by_multiple_bee_numbers_same_day
aruco:481,aruco,481,2026-06-16,2026-06-16,1,2026-06-16,2026-06-16[bee-15],1,manual_confirmed,confirmed,decoder_competition_or_disagreement
aruco:482,aruco,482,2026-06-24,2026-06-24,1,2026-06-24,2026-06-24[bee-13],2,manual_confirmed,confirmed,decoder_competition_or_disagreement
aruco:483,aruco,483,2026-06-16,2026-06-17,2,2026-06-16;2026-06-17,2026-06-16[bee-725];2026-06-17[bee-9],2,manual_confirmed,confirmed,decoder_competition_or_disagreement
aruco:484,aruco,484,2026-06-22,2026-06-22,1,2026-06-22,2026-06-22[bee-26],1,manual_confirmed,confirmed,decoder_did_not_confirm_all_images
aruco:485,aruco,485,2026-06-23,2026-06-23,1,2026-06-23,2026-06-23[bee-5],1,manual_confirmed,confirmed,decoder_competition_or_disagreement
aruco:487,aruco,487,2026-06-16,2026-06-16,1,2026-06-16,2026-06-16[bee-759],1,manual_confirmed,confirmed,decoder_did_not_confirm_all_images
aruco:488,aruco,488,2026-06-16,2026-06-16,1,2026-06-16,2026-06-16[bee-732],1,manual_confirmed,confirmed,
aruco:489,aruco,489,2026-06-16,2026-06-16,1,2026-06-16,2026-06-16[bee-748],2,manual_confirmed,confirmed,decoder_competition_or_disagreement;decoder_did_not_confirm_all_images
aruco:49,aruco,49,2026-05-29,2026-05-29,1,2026-05-29,2026-05-29[bee-28],1,manual_confirmed,confirmed,decoder_competition_or_disagreement
aruco:490,aruco,490,2026-06-16,2026-06-17,2,2026-06-16;2026-06-17,2026-06-16[bee-770];2026-06-17[bee-2],2,manual_confirmed,confirmed,decoder_competition_or_disagreement
aruco:491,aruco,491,2026-06-16,2026-06-16,1,2026-06-16,2026-06-16[bee-21],1,manual_confirmed,confirmed,decoder_competition_or_disagreement
aruco:492,aruco,492,2026-06-22,2026-06-24,3,2026-06-22;2026-06-23;2026-06-24,2026-06-22[bee-53];2026-06-23[bee-23];2026-06-24[bee-38],3,manual_confirmed,confirmed,decoder_competition_or_disagreement
aruco:493,aruco,493,2026-06-17,2026-06-17,1,2026-06-17,2026-06-17[bee-36],2,manual_confirmed,confirmed,decoder_competition_or_disagreement;decoder_did_not_confirm_all_images
aruco:494,aruco,494,2026-06-22,2026-06-22,1,2026-06-22,2026-06-22[bee-50],2,manual_confirmed,confirmed,decoder_did_not_confirm_all_images
aruco:495,aruco,495,2026-06-22,2026-06-22,1,2026-06-22,2026-06-22[bee-35],1,manual_confirmed,confirmed,decoder_did_not_confirm_all_images
aruco:496,aruco,496,2026-06-16,2026-06-16,1,2026-06-16,2026-06-16[bee-38],1,manual_confirmed,confirmed,decoder_did_not_confirm_all_images
aruco:497,aruco,497,2026-06-16,2026-06-16,1,2026-06-16,2026-06-16[bee-39],3,manual_confirmed,confirmed,decoder_competition_or_disagreement
aruco:498,aruco,498,2026-06-23,2026-06-23,1,2026-06-23,2026-06-23[bee-14],1,manual_confirmed,confirmed,decoder_competition_or_disagreement
aruco:499,aruco,499,2026-06-24,2026-06-24,1,2026-06-24,2026-06-24[bee-12],2,manual_confirmed,confirmed,decoder_competition_or_disagreement;decoder_did_not_confirm_all_images
aruco:5,aruco,5,2026-05-29,2026-05-29,1,2026-05-29,2026-05-29[bee-10],1,manual_confirmed,confirmed,decoder_competition_or_disagreement
aruco:500,aruco,500,2026-06-22,2026-06-22,1,2026-06-22,2026-06-22[bee-18],2,manual_confirmed,confirmed,decoder_competition_or_disagreement;decoder_did_not_confirm_all_images
aruco:501,aruco,501,2026-06-23,2026-06-23,1,2026-06-23,2026-06-23[bee-13],2,manual_confirmed,confirmed,decoder_competition_or_disagreement
aruco:502,aruco,502,2026-06-22,2026-06-23,2,2026-06-22;2026-06-23,2026-06-22[bee-9];2026-06-23[bee-26],3,manual_confirmed,confirmed,decoder_did_not_confirm_all_images
aruco:503,aruco,503,2026-06-17,2026-06-17,1,2026-06-17,2026-06-17[bee-72],2,manual_confirmed,confirmed,decoder_competition_or_disagreement;decoder_did_not_confirm_all_images
aruco:504,aruco,504,2026-06-23,2026-06-23,1,2026-06-23,2026-06-23[bee-39],2,manual_confirmed,confirmed,decoder_did_not_confirm_all_images
aruco:505,aruco,505,2026-06-23,2026-06-23,1,2026-06-23,2026-06-23[bee-11],1,manual_confirmed,confirmed,
aruco:506,aruco,506,2026-06-23,2026-06-23,1,2026-06-23,2026-06-23[bee-44],2,manual_confirmed,confirmed,decoder_competition_or_disagreement
aruco:507,aruco,507,2026-06-22,2026-06-22,1,2026-06-22,2026-06-22[bee-34],1,manual_confirmed,confirmed,decoder_competition_or_disagreement
aruco:508,aruco,508,2026-06-22,2026-06-23,2,2026-06-22;2026-06-23,2026-06-22[bee-27];2026-06-23[bee-15],2,manual_confirmed,confirmed,decoder_competition_or_disagreement;decoder_did_not_confirm_all_images
aruco:51,aruco,51,2026-05-28,2026-05-28,1,2026-05-28,2026-05-28[bee-35],2,manual_confirmed,confirmed,decoder_competition_or_disagreement;decoder_did_not_confirm_all_images
aruco:510,aruco,510,2026-06-17,2026-06-17,1,2026-06-17,2026-06-17[bee-26],1,manual_confirmed,confirmed,decoder_competition_or_disagreement
aruco:511,aruco,511,2026-06-24,2026-06-24,1,2026-06-24,2026-06-24[bee-5],1,manual_confirmed,confirmed,decoder_competition_or_disagreement
aruco:512,aruco,512,2026-06-17,2026-06-17,1,2026-06-17,2026-06-17[bee-69],1,manual_confirmed,confirmed,
aruco:513,aruco,513,2026-06-16,2026-06-16,1,2026-06-16,2026-06-16[bee-715],1,manual_confirmed,confirmed,
aruco:514,aruco,514,2026-06-17,2026-06-17,1,2026-06-17,2026-06-17[bee-8],1,manual_confirmed,confirmed,
aruco:515,aruco,515,2026-06-16,2026-06-16,1,2026-06-16,2026-06-16[bee-746],2,manual_confirmed,confirmed,decoder_did_not_confirm_all_images
aruco:516,aruco,516,2026-06-16,2026-06-16,1,2026-06-16,2026-06-16[bee-728],1,manual_confirmed,confirmed,decoder_competition_or_disagreement
aruco:517,aruco,517,2026-06-16,2026-06-16,1,2026-06-16,2026-06-16[bee-744],1,manual_confirmed,confirmed,
aruco:518,aruco,518,2026-06-16,2026-06-16,1,2026-06-16,2026-06-16[bee-35],1,manual_confirmed,confirmed,decoder_did_not_confirm_all_images
aruco:519,aruco,519,2026-06-17,2026-06-22,2,2026-06-17;2026-06-22,2026-06-17[bee-41];2026-06-22[bee-3],3,manual_confirmed,confirmed,decoder_competition_or_disagreement
aruco:52,aruco,52,2026-05-29,2026-05-29,1,2026-05-29,2026-05-29[bee-31],2,manual_confirmed,confirmed,decoder_competition_or_disagreement
aruco:520,aruco,520,2026-06-16,2026-06-16,1,2026-06-16,2026-06-16[bee-13],1,manual_confirmed,confirmed,decoder_competition_or_disagreement
aruco:521,aruco,521,2026-06-23,2026-06-23,1,2026-06-23,2026-06-23[bee-3],2,manual_confirmed,confirmed,decoder_competition_or_disagreement;decoder_did_not_confirm_all_images
aruco:522,aruco,522,2026-06-22,2026-06-22,1,2026-06-22,2026-06-22[bee-20],2,manual_confirmed,confirmed,decoder_competition_or_disagreement
aruco:523,aruco,523,2026-06-16,2026-06-16,1,2026-06-16,2026-06-16[bee-745],1,manual_confirmed,confirmed,
aruco:525,aruco,525,2026-06-16,2026-06-16,1,2026-06-16,2026-06-16[bee-730],1,manual_confirmed,confirmed,decoder_did_not_confirm_all_images
aruco:526,aruco,526,2026-06-23,2026-06-23,1,2026-06-23,2026-06-23[bee-12],1,manual_confirmed,confirmed,decoder_competition_or_disagreement
aruco:527,aruco,527,2026-06-16,2026-06-16,1,2026-06-16,2026-06-16[bee-762],1,manual_confirmed,confirmed,
aruco:528,aruco,528,2026-06-24,2026-06-24,1,2026-06-24,2026-06-24[bee-6],1,manual_confirmed,confirmed,decoder_did_not_confirm_all_images
aruco:529,aruco,529,2026-06-24,2026-06-24,1,2026-06-24,2026-06-24[bee-4],2,manual_confirmed,confirmed,decoder_did_not_confirm_all_images
aruco:530,aruco,530,2026-06-24,2026-06-24,1,2026-06-24,2026-06-24[bee-22],1,manual_confirmed,confirmed,decoder_competition_or_disagreement
aruco:531,aruco,531,2026-06-17,2026-06-17,1,2026-06-17,2026-06-17[bee-62],2,manual_confirmed,confirmed,decoder_competition_or_disagreement;decoder_did_not_confirm_all_images
aruco:532,aruco,532,2026-06-16,2026-06-16,1,2026-06-16,2026-06-16[bee-761],1,manual_confirmed,confirmed,decoder_competition_or_disagreement
aruco:535,aruco,535,2026-06-23,2026-06-23,1,2026-06-23,2026-06-23[bee-21],2,manual_confirmed,confirmed,decoder_competition_or_disagreement;decoder_did_not_confirm_all_images
aruco:536,aruco,536,2026-06-16,2026-06-22,3,2026-06-16;2026-06-17;2026-06-22,2026-06-16[bee-10];2026-06-17[bee-56];2026-06-22[bee-29],4,manual_confirmed,confirmed,decoder_competition_or_disagreement;decoder_did_not_confirm_all_images
aruco:537,aruco,537,2026-06-16,2026-06-16,1,2026-06-16,2026-06-16[bee-756],1,manual_confirmed,confirmed,decoder_did_not_confirm_all_images
aruco:538,aruco,538,2026-06-17,2026-06-17,1,2026-06-17,2026-06-17[bee-19],1,manual_confirmed,confirmed,decoder_competition_or_disagreement
aruco:539,aruco,539,2026-06-17,2026-06-22,2,2026-06-17;2026-06-22,2026-06-17[bee-6];2026-06-22[bee-40],2,manual_confirmed,confirmed,decoder_did_not_confirm_all_images
aruco:540,aruco,540,2026-06-24,2026-06-24,1,2026-06-24,2026-06-24[bee-8],1,manual_confirmed,confirmed,decoder_did_not_confirm_all_images
aruco:541,aruco,541,2026-06-17,2026-06-17,1,2026-06-17,2026-06-17[bee-61],1,manual_confirmed,confirmed,decoder_competition_or_disagreement
aruco:542,aruco,542,2026-06-23,2026-06-23,1,2026-06-23,2026-06-23[bee-43],1,manual_confirmed,confirmed,decoder_competition_or_disagreement
aruco:543,aruco,543,2026-06-22,2026-06-22,1,2026-06-22,2026-06-22[bee-48],1,manual_confirmed,confirmed,decoder_did_not_confirm_all_images
aruco:544,aruco,544,2026-06-17,2026-06-17,1,2026-06-17,2026-06-17[bee-53],1,manual_confirmed,confirmed,decoder_competition_or_disagreement
aruco:545,aruco,545,2026-06-22,2026-06-22,1,2026-06-22,2026-06-22[bee-32],1,manual_confirmed,confirmed,decoder_did_not_confirm_all_images
aruco:546,aruco,546,2026-06-16,2026-06-16,1,2026-06-16,2026-06-16[bee-726],1,manual_confirmed,confirmed,decoder_competition_or_disagreement
aruco:547,aruco,547,2026-06-24,2026-06-24,1,2026-06-24,2026-06-24[bee-3],1,manual_confirmed,confirmed,decoder_did_not_confirm_all_images
aruco:548,aruco,548,2026-06-16,2026-06-16,1,2026-06-16,2026-06-16[bee-736],1,manual_confirmed,confirmed,decoder_did_not_confirm_all_images
aruco:549,aruco,549,2026-06-24,2026-06-24,1,2026-06-24,2026-06-24[bee-14],1,manual_confirmed,confirmed,decoder_competition_or_disagreement
aruco:550,aruco,550,2026-06-24,2026-06-24,1,2026-06-24,2026-06-24[bee-7],1,manual_confirmed,confirmed,decoder_did_not_confirm_all_images
aruco:551,aruco,551,2026-06-17,2026-06-17,1,2026-06-17,2026-06-17[bee-21],1,manual_confirmed,confirmed,decoder_did_not_confirm_all_images
aruco:552,aruco,552,2026-06-23,2026-06-23,1,2026-06-23,2026-06-23[bee-9],2,manual_confirmed,confirmed,decoder_did_not_confirm_all_images
aruco:553,aruco,553,2026-06-16,2026-06-16,1,2026-06-16,2026-06-16[bee-764],1,manual_confirmed,confirmed,decoder_competition_or_disagreement
aruco:554,aruco,554,2026-06-16,2026-06-23,2,2026-06-16;2026-06-23,2026-06-16[bee-12];2026-06-23[bee-17],3,manual_confirmed,confirmed,decoder_competition_or_disagreement;decoder_did_not_confirm_all_images
aruco:555,aruco,555,2026-06-16,2026-06-16,1,2026-06-16,2026-06-16[bee-32],3,manual_confirmed,confirmed,decoder_competition_or_disagreement
aruco:556,aruco,556,2026-06-17,2026-06-17,1,2026-06-17,2026-06-17[bee-5],1,manual_confirmed,confirmed,decoder_did_not_confirm_all_images
aruco:557,aruco,557,2026-06-22,2026-06-22,1,2026-06-22,2026-06-22[bee-5],2,manual_confirmed,confirmed,decoder_competition_or_disagreement;decoder_did_not_confirm_all_images
aruco:558,aruco,558,2026-06-23,2026-06-23,1,2026-06-23,2026-06-23[bee-36],1,manual_confirmed,confirmed,decoder_competition_or_disagreement
aruco:559,aruco,559,2026-06-24,2026-06-24,1,2026-06-24,2026-06-24[bee-21],2,manual_confirmed,confirmed,decoder_did_not_confirm_all_images
aruco:56,aruco,56,2026-05-29,2026-06-22,4,2026-05-29;2026-06-10;2026-06-17;2026-06-22,2026-05-29[bee-41];2026-06-10[bee-40];2026-06-17[bee-29];2026-06-22[bee-41],6,manual_confirmed,confirmed,decoder_competition_or_disagreement;decoder_did_not_confirm_all_images
aruco:560,aruco,560,2026-06-16,2026-06-16,1,2026-06-16,2026-06-16[bee-49],2,manual_confirmed,confirmed,decoder_competition_or_disagreement;decoder_did_not_confirm_all_images
aruco:561,aruco,561,2026-06-24,2026-06-24,1,2026-06-24,2026-06-24[bee-16],1,manual_confirmed,confirmed,
aruco:562,aruco,562,2026-06-16,2026-06-16,1,2026-06-16,2026-06-16[bee-50],1,manual_confirmed,confirmed,decoder_competition_or_disagreement
aruco:563,aruco,563,2026-06-17,2026-06-17,1,2026-06-17,2026-06-17[bee-64],1,manual_confirmed,confirmed,decoder_did_not_confirm_all_images
aruco:564,aruco,564,2026-06-22,2026-06-22,1,2026-06-22,2026-06-22[bee-11],2,manual_confirmed,confirmed,decoder_did_not_confirm_all_images
aruco:565,aruco,565,2026-06-22,2026-06-22,1,2026-06-22,2026-06-22[bee-36],1,manual_confirmed,confirmed,decoder_competition_or_disagreement
aruco:566,aruco,566,2026-06-24,2026-06-24,1,2026-06-24,2026-06-24[bee-10],1,manual_confirmed,confirmed,decoder_competition_or_disagreement
aruco:567,aruco,567,2026-06-16,2026-06-16,1,2026-06-16,2026-06-16[bee-724],1,manual_confirmed,confirmed,decoder_did_not_confirm_all_images
aruco:568,aruco,568,2026-06-16,2026-06-16,1,2026-06-16,2026-06-16[bee-741],1,manual_confirmed,confirmed,
aruco:569,aruco,569,2026-06-17,2026-06-17,1,2026-06-17,2026-06-17[bee-46],1,manual_confirmed,confirmed,decoder_competition_or_disagreement
aruco:57,aruco,57,2026-05-29,2026-05-29,1,2026-05-29,2026-05-29[bee-30],1,manual_confirmed,confirmed,decoder_did_not_confirm_all_images
aruco:570,aruco,570,2026-06-17,2026-06-17,1,2026-06-17,2026-06-17[bee-32],2,manual_confirmed,confirmed,decoder_did_not_confirm_all_images
aruco:571,aruco,571,2026-06-16,2026-06-16,1,2026-06-16,2026-06-16[bee-735],2,manual_confirmed,confirmed,decoder_did_not_confirm_all_images
aruco:572,aruco,572,2026-06-16,2026-06-16,1,2026-06-16,2026-06-16[bee-47],2,manual_confirmed,confirmed,decoder_competition_or_disagreement
aruco:573,aruco,573,2026-06-16,2026-06-16,1,2026-06-16,2026-06-16[bee-739],1,manual_confirmed,confirmed,decoder_competition_or_disagreement
aruco:574,aruco,574,2026-06-22,2026-06-22,1,2026-06-22,2026-06-22[bee-52],1,manual_confirmed,confirmed,decoder_competition_or_disagreement
aruco:575,aruco,575,2026-06-17,2026-06-17,1,2026-06-17,2026-06-17[bee-65],1,manual_confirmed,confirmed,decoder_did_not_confirm_all_images
aruco:576,aruco,576,2026-06-17,2026-06-17,1,2026-06-17,2026-06-17[bee-60],2,manual_confirmed,confirmed,decoder_competition_or_disagreement;decoder_did_not_confirm_all_images
aruco:577,aruco,577,2026-06-23,2026-06-23,1,2026-06-23,2026-06-23[bee-18],2,manual_confirmed,confirmed,decoder_competition_or_disagreement;decoder_did_not_confirm_all_images
aruco:578,aruco,578,2026-06-23,2026-06-23,1,2026-06-23,2026-06-23[bee-19],2,manual_confirmed,confirmed,decoder_competition_or_disagreement
aruco:579,aruco,579,2026-06-17,2026-06-17,1,2026-06-17,2026-06-17[bee-67],1,manual_confirmed,confirmed,decoder_competition_or_disagreement
aruco:58,aruco,58,2026-05-29,2026-05-29,1,2026-05-29,2026-05-29[bee-26],1,manual_confirmed,confirmed,
aruco:580,aruco,580,2026-06-23,2026-06-23,1,2026-06-23,2026-06-23[bee-30],2,manual_confirmed,confirmed,decoder_competition_or_disagreement
aruco:581,aruco,581,2026-06-22,2026-06-22,1,2026-06-22,2026-06-22[bee-38],1,manual_confirmed,confirmed,decoder_competition_or_disagreement
aruco:582,aruco,582,2026-06-22,2026-06-22,1,2026-06-22,2026-06-22[bee-30],1,manual_confirmed,confirmed,decoder_competition_or_disagreement
aruco:583,aruco,583,2026-06-17,2026-06-17,1,2026-06-17,2026-06-17[bee-70],1,filename_assignment_unconfirmed,unreadable,decoder_did_not_confirm_all_images
aruco:584,aruco,584,2026-06-22,2026-06-22,1,2026-06-22,2026-06-22[bee-51],1,manual_confirmed,confirmed,
aruco:585,aruco,585,2026-06-23,2026-06-23,1,2026-06-23,2026-06-23[bee-6],1,manual_confirmed,confirmed,decoder_competition_or_disagreement
aruco:586,aruco,586,2026-06-22,2026-06-24,2,2026-06-22;2026-06-24,2026-06-22[bee-8];2026-06-24[bee-40],3,manual_confirmed,confirmed,decoder_competition_or_disagreement;decoder_did_not_confirm_all_images
aruco:587,aruco,587,2026-06-17,2026-06-17,1,2026-06-17,2026-06-17[bee-10],1,manual_confirmed,confirmed,decoder_competition_or_disagreement
aruco:588,aruco,588,2026-06-22,2026-06-22,1,2026-06-22,2026-06-22[bee-15],1,manual_confirmed,confirmed,
aruco:589,aruco,589,2026-06-22,2026-06-22,1,2026-06-22,2026-06-22[bee-7],1,manual_confirmed,confirmed,decoder_did_not_confirm_all_images
aruco:590,aruco,590,2026-06-23,2026-06-23,1,2026-06-23,2026-06-23[bee-35],1,manual_confirmed,confirmed,decoder_competition_or_disagreement
aruco:591,aruco,591,2026-06-22,2026-06-22,1,2026-06-22,2026-06-22[bee-16],1,manual_confirmed,confirmed,decoder_competition_or_disagreement
aruco:592,aruco,592,2026-06-17,2026-06-17,1,2026-06-17,2026-06-17[bee-1],2,manual_confirmed,confirmed,decoder_competition_or_disagreement
aruco:593,aruco,593,2026-06-17,2026-06-17,1,2026-06-17,2026-06-17[bee-12],1,manual_confirmed,confirmed,decoder_competition_or_disagreement
aruco:594,aruco,594,2026-06-16,2026-06-16,1,2026-06-16,2026-06-16[bee-29],2,manual_confirmed,confirmed,decoder_competition_or_disagreement;decoder_did_not_confirm_all_images
aruco:595,aruco,595,2026-06-22,2026-06-22,1,2026-06-22,2026-06-22[bee-28],1,manual_confirmed,confirmed,decoder_competition_or_disagreement
aruco:596,aruco,596,2026-06-17,2026-06-17,1,2026-06-17,2026-06-17[bee-40],1,manual_confirmed,confirmed,decoder_competition_or_disagreement
aruco:597,aruco,597,2026-06-23,2026-06-23,1,2026-06-23,2026-06-23[bee-40],2,manual_confirmed,confirmed,decoder_competition_or_disagreement;decoder_did_not_confirm_all_images
aruco:598,aruco,598,2026-06-16,2026-06-16,1,2026-06-16,2026-06-16[bee-753],1,manual_confirmed,confirmed,decoder_competition_or_disagreement
aruco:599,aruco,599,2026-06-22,2026-06-22,1,2026-06-22,2026-06-22[bee-43],1,manual_confirmed,confirmed,decoder_did_not_confirm_all_images
aruco:6,aruco,6,2026-05-29,2026-05-29,1,2026-05-29,2026-05-29[bee-20],2,manual_confirmed,confirmed,decoder_competition_or_disagreement
aruco:600,aruco,600,2026-06-23,2026-06-23,1,2026-06-23,2026-06-23[bee-8],1,manual_confirmed,confirmed,decoder_competition_or_disagreement
aruco:601,aruco,601,2026-06-22,2026-06-22,1,2026-06-22,2026-06-22[bee-10],2,manual_confirmed,confirmed,decoder_competition_or_disagreement
aruco:602,aruco,602,2026-06-16,2026-06-16,1,2026-06-16,2026-06-16[bee-44],2,manual_confirmed,confirmed,decoder_competition_or_disagreement
aruco:603,aruco,603,2026-06-16,2026-06-16,1,2026-06-16,2026-06-16[bee-33],2,manual_confirmed,confirmed,decoder_competition_or_disagreement
aruco:605,aruco,605,2026-06-16,2026-06-16,1,2026-06-16,2026-06-16[bee-18],2,manual_confirmed,confirmed,decoder_competition_or_disagreement;decoder_did_not_confirm_all_images
aruco:606,aruco,606,2026-06-24,2026-06-24,1,2026-06-24,2026-06-24[bee-1],1,manual_confirmed,confirmed,decoder_competition_or_disagreement
aruco:607,aruco,607,2026-06-17,2026-06-17,1,2026-06-17,2026-06-17[bee-31],1,manual_confirmed,confirmed,decoder_competition_or_disagreement
aruco:608,aruco,608,2026-06-16,2026-06-22,3,2026-06-16;2026-06-17;2026-06-22,2026-06-16[bee-20];2026-06-17[bee-34];2026-06-22[bee-6],4,manual_confirmed,confirmed,decoder_competition_or_disagreement;decoder_did_not_confirm_all_images
aruco:609,aruco,609,2026-06-24,2026-06-24,1,2026-06-24,2026-06-24[bee-11],1,manual_confirmed,confirmed,decoder_competition_or_disagreement
aruco:610,aruco,610,2026-06-23,2026-06-23,1,2026-06-23,2026-06-23[bee-4],1,manual_confirmed,confirmed,
aruco:611,aruco,611,2026-06-22,2026-06-22,1,2026-06-22,2026-06-22[bee-14],1,manual_confirmed,confirmed,decoder_competition_or_disagreement
aruco:612,aruco,612,2026-06-23,2026-06-23,1,2026-06-23,2026-06-23[bee-1],1,manual_confirmed,confirmed,
aruco:613,aruco,613,2026-06-16,2026-06-16,1,2026-06-16,2026-06-16[bee-24],2,manual_confirmed,confirmed,decoder_competition_or_disagreement;decoder_did_not_confirm_all_images
aruco:614,aruco,614,2026-06-23,2026-06-23,2,2026-06-23,2026-06-23[bee-27];2026-06-23[bee-45],4,needs_review,confirmed,decoder_competition_or_disagreement;decoder_did_not_confirm_all_images;same_tag_used_by_multiple_bee_numbers_same_day
aruco:615,aruco,615,2026-06-17,2026-06-22,2,2026-06-17;2026-06-22,2026-06-17[bee-43];2026-06-22[bee-2],3,manual_confirmed,confirmed,decoder_competition_or_disagreement;decoder_did_not_confirm_all_images
aruco:616,aruco,616,2026-06-16,2026-06-16,1,2026-06-16,2026-06-16[bee-27],2,manual_confirmed,confirmed,decoder_competition_or_disagreement;decoder_did_not_confirm_all_images
aruco:617,aruco,617,2026-06-16,2026-06-16,1,2026-06-16,2026-06-16[bee-17],2,manual_confirmed,confirmed,decoder_competition_or_disagreement
aruco:618,aruco,618,2026-06-16,2026-06-16,1,2026-06-16,2026-06-16[bee-769],1,manual_confirmed,confirmed,decoder_competition_or_disagreement
aruco:619,aruco,619,2026-06-16,2026-06-16,1,2026-06-16,2026-06-16[bee-46],2,manual_confirmed,confirmed,decoder_competition_or_disagreement
aruco:621,aruco,621,2026-06-23,2026-06-23,1,2026-06-23,2026-06-23[bee-10],1,manual_confirmed,confirmed,decoder_competition_or_disagreement
aruco:622,aruco,622,2026-06-17,2026-06-17,1,2026-06-17,2026-06-17[bee-63],1,manual_confirmed,confirmed,
aruco:624,aruco,624,2026-06-17,2026-06-17,1,2026-06-17,2026-06-17[bee-49],1,manual_confirmed,confirmed,decoder_did_not_confirm_all_images
aruco:625,aruco,625,2026-06-17,2026-06-17,1,2026-06-17,2026-06-17[bee-52],1,manual_confirmed,confirmed,decoder_competition_or_disagreement
aruco:626,aruco,626,2026-06-22,2026-06-24,2,2026-06-22;2026-06-24,2026-06-22[bee-46];2026-06-24[bee-18],3,manual_confirmed,confirmed,decoder_competition_or_disagreement;decoder_did_not_confirm_all_images
aruco:627,aruco,627,2026-06-16,2026-06-16,1,2026-06-16,2026-06-16[bee-5],1,manual_confirmed,confirmed,decoder_competition_or_disagreement
aruco:628,aruco,628,2026-06-16,2026-06-16,1,2026-06-16,2026-06-16[bee-41],1,manual_confirmed,confirmed,decoder_competition_or_disagreement
aruco:629,aruco,629,2026-06-22,2026-06-24,2,2026-06-22;2026-06-24,2026-06-22[bee-45];2026-06-24[bee-19],3,manual_confirmed,confirmed,decoder_competition_or_disagreement;decoder_did_not_confirm_all_images
aruco:631,aruco,631,2026-06-23,2026-06-23,1,2026-06-23,2026-06-23[bee-7],1,manual_confirmed,confirmed,decoder_competition_or_disagreement
aruco:632,aruco,632,2026-06-22,2026-06-22,1,2026-06-22,2026-06-22[bee-13],1,manual_confirmed,confirmed,decoder_did_not_confirm_all_images
aruco:633,aruco,633,2026-06-22,2026-06-22,1,2026-06-22,2026-06-22[bee-49],1,manual_confirmed,confirmed,decoder_competition_or_disagreement
aruco:634,aruco,634,2026-06-16,2026-06-16,1,2026-06-16,2026-06-16[bee-737],1,manual_confirmed,confirmed,decoder_competition_or_disagreement
aruco:635,aruco,635,2026-06-24,2026-06-24,1,2026-06-24,2026-06-24[bee-17],1,manual_confirmed,confirmed,decoder_competition_or_disagreement
aruco:636,aruco,636,2026-06-22,2026-06-22,1,2026-06-22,2026-06-22[bee-37],1,manual_confirmed,confirmed,decoder_competition_or_disagreement
aruco:637,aruco,637,2026-06-22,2026-06-22,1,2026-06-22,2026-06-22[bee-33],2,manual_confirmed,confirmed,decoder_did_not_confirm_all_images
aruco:639,aruco,639,2026-06-22,2026-06-22,1,2026-06-22,2026-06-22[bee-19],1,manual_confirmed,confirmed,decoder_did_not_confirm_all_images
aruco:640,aruco,640,2026-06-16,2026-06-16,1,2026-06-16,2026-06-16[bee-31],2,manual_confirmed,confirmed,decoder_competition_or_disagreement;decoder_did_not_confirm_all_images
aruco:641,aruco,641,2026-06-16,2026-06-17,2,2026-06-16;2026-06-17,2026-06-16[bee-43];2026-06-17[bee-25],3,manual_confirmed,confirmed,decoder_competition_or_disagreement;decoder_did_not_confirm_all_images
aruco:642,aruco,642,2026-06-22,2026-06-22,1,2026-06-22,2026-06-22[bee-54],1,manual_confirmed,confirmed,decoder_did_not_confirm_all_images
aruco:643,aruco,643,2026-06-16,2026-06-16,1,2026-06-16,2026-06-16[bee-738],1,manual_confirmed,confirmed,decoder_competition_or_disagreement
aruco:644,aruco,644,2026-06-17,2026-06-17,1,2026-06-17,2026-06-17[bee-57],1,manual_confirmed,confirmed,decoder_competition_or_disagreement
aruco:645,aruco,645,2026-06-16,2026-06-16,1,2026-06-16,2026-06-16[bee-25],2,manual_confirmed,confirmed,decoder_competition_or_disagreement
aruco:646,aruco,646,2026-06-17,2026-06-17,1,2026-06-17,2026-06-17[bee-38],1,manual_confirmed,confirmed,decoder_competition_or_disagreement
aruco:647,aruco,647,2026-06-17,2026-07-07,3,2026-06-17;2026-06-24;2026-07-07,2026-06-17[bee-54];2026-06-24[bee-25];2026-07-07[bee-1],4,manual_confirmed,confirmed,decoder_competition_or_disagreement;decoder_did_not_confirm_all_images
aruco:648,aruco,648,2026-06-24,2026-06-24,1,2026-06-24,2026-06-24[bee-15],1,manual_confirmed,confirmed,decoder_competition_or_disagreement
aruco:649,aruco,649,2026-06-17,2026-06-17,1,2026-06-17,2026-06-17[bee-22],1,manual_confirmed,confirmed,decoder_competition_or_disagreement
aruco:650,aruco,650,2026-06-23,2026-06-23,1,2026-06-23,2026-06-23[bee-29],2,manual_confirmed,confirmed,decoder_did_not_confirm_all_images
aruco:651,aruco,651,2026-06-16,2026-06-16,1,2026-06-16,2026-06-16[bee-757],1,manual_confirmed,confirmed,decoder_competition_or_disagreement
aruco:652,aruco,652,2026-06-16,2026-06-16,1,2026-06-16,2026-06-16[bee-742],1,manual_confirmed,confirmed,decoder_did_not_confirm_all_images
aruco:653,aruco,653,2026-06-16,2026-06-16,1,2026-06-16,2026-06-16[bee-749],1,needs_review,confirmed,decoder_competition_or_disagreement;same_tag_used_by_multiple_bee_numbers_same_day
aruco:654,aruco,654,2026-06-23,2026-06-23,1,2026-06-23,2026-06-23[bee-41],3,manual_confirmed,confirmed,decoder_competition_or_disagreement
aruco:655,aruco,655,2026-06-16,2026-06-23,3,2026-06-16;2026-06-22;2026-06-23,2026-06-16[bee-42];2026-06-22[bee-55];2026-06-23[bee-25],4,manual_confirmed,confirmed,decoder_competition_or_disagreement;decoder_did_not_confirm_all_images
aruco:656,aruco,656,2026-06-23,2026-06-23,1,2026-06-23,2026-06-23[bee-20],2,manual_confirmed,confirmed,decoder_competition_or_disagreement
aruco:657,aruco,657,2026-06-17,2026-06-22,2,2026-06-17;2026-06-22,2026-06-17[bee-59];2026-06-22[bee-24],2,manual_confirmed,confirmed,decoder_did_not_confirm_all_images
aruco:659,aruco,659,2026-06-23,2026-06-23,1,2026-06-23,2026-06-23[bee-38],2,manual_confirmed,confirmed,decoder_competition_or_disagreement
aruco:660,aruco,660,2026-06-16,2026-06-16,1,2026-06-16,2026-06-16[bee-734],1,manual_confirmed,confirmed,decoder_did_not_confirm_all_images
aruco:661,aruco,661,2026-06-16,2026-06-16,1,2026-06-16,2026-06-16[bee-747],1,manual_confirmed,confirmed,decoder_competition_or_disagreement
aruco:662,aruco,662,2026-06-17,2026-06-17,1,2026-06-17,2026-06-17[bee-18],2,manual_confirmed,confirmed,decoder_did_not_confirm_all_images
aruco:663,aruco,663,2026-06-16,2026-06-16,1,2026-06-16,2026-06-16[bee-23],2,manual_confirmed,confirmed,decoder_competition_or_disagreement
aruco:664,aruco,664,2026-06-22,2026-06-22,1,2026-06-22,2026-06-22[bee-21],1,manual_confirmed,confirmed,decoder_competition_or_disagreement
aruco:665,aruco,665,2026-06-16,2026-06-16,1,2026-06-16,2026-06-16[bee-26],2,manual_confirmed,confirmed,decoder_competition_or_disagreement
aruco:666,aruco,666,2026-06-16,2026-06-17,2,2026-06-16;2026-06-17,2026-06-16[bee-51];2026-06-17[bee-39],5,manual_confirmed,confirmed,decoder_competition_or_disagreement;decoder_did_not_confirm_all_images
aruco:667,aruco,667,2026-06-23,2026-06-23,1,2026-06-23,2026-06-23[bee-37],2,manual_confirmed,confirmed,decoder_competition_or_disagreement;decoder_did_not_confirm_all_images
aruco:67,aruco,67,2026-05-29,2026-05-29,1,2026-05-29,2026-05-29[bee-55],2,manual_confirmed,confirmed,decoder_competition_or_disagreement
aruco:670,aruco,670,2026-06-16,2026-06-16,1,2026-06-16,2026-06-16[bee-11],1,manual_confirmed,confirmed,decoder_competition_or_disagreement
aruco:671,aruco,671,2026-06-17,2026-06-17,1,2026-06-17,2026-06-17[bee-3],2,manual_confirmed,confirmed,decoder_competition_or_disagreement
aruco:672,aruco,672,2026-06-17,2026-06-17,1,2026-06-17,2026-06-17[bee-17],1,manual_confirmed,confirmed,decoder_competition_or_disagreement
aruco:674,aruco,674,2026-06-22,2026-06-22,1,2026-06-22,2026-06-22[bee-31],1,manual_confirmed,confirmed,decoder_did_not_confirm_all_images
aruco:675,aruco,675,2026-06-17,2026-06-17,1,2026-06-17,2026-06-17[bee-35],1,manual_confirmed,confirmed,decoder_did_not_confirm_all_images
aruco:676,aruco,676,2026-06-22,2026-06-22,1,2026-06-22,2026-06-22[bee-39],1,manual_confirmed,confirmed,decoder_did_not_confirm_all_images
aruco:677,aruco,677,2026-06-24,2026-06-24,1,2026-06-24,2026-06-24[bee-23],1,manual_confirmed,confirmed,decoder_did_not_confirm_all_images
aruco:678,aruco,678,2026-06-16,2026-06-16,1,2026-06-16,2026-06-16[bee-52],1,manual_confirmed,confirmed,decoder_did_not_confirm_all_images
aruco:679,aruco,679,2026-06-17,2026-06-17,1,2026-06-17,2026-06-17[bee-28],2,manual_confirmed,confirmed,decoder_competition_or_disagreement
aruco:68,aruco,68,2026-05-28,2026-05-28,1,2026-05-28,2026-05-28[bee-22],1,manual_confirmed,confirmed,decoder_competition_or_disagreement
aruco:680,aruco,680,2026-06-16,2026-06-16,1,2026-06-16,2026-06-16[bee-733],2,needs_review,confirmed,decoder_did_not_confirm_all_images;same_tag_used_by_multiple_bee_numbers_same_day
aruco:681,aruco,681,2026-06-17,2026-06-17,1,2026-06-17,2026-06-17[bee-66],1,manual_confirmed,confirmed,decoder_competition_or_disagreement
aruco:682,aruco,682,2026-06-23,2026-06-23,1,2026-06-23,2026-06-23[bee-46],1,manual_confirmed,confirmed,decoder_competition_or_disagreement
aruco:683,aruco,683,2026-06-16,2026-06-16,1,2026-06-16,2026-06-16[bee-765],1,manual_confirmed,confirmed,decoder_competition_or_disagreement
aruco:684,aruco,684,2026-06-17,2026-06-17,1,2026-06-17,2026-06-17[bee-68],1,manual_confirmed,confirmed,decoder_competition_or_disagreement
aruco:685,aruco,685,2026-06-22,2026-06-22,1,2026-06-22,2026-06-22[bee-42],1,manual_confirmed,confirmed,decoder_competition_or_disagreement
aruco:686,aruco,686,2026-06-22,2026-06-22,1,2026-06-22,2026-06-22[bee-47],1,manual_confirmed,confirmed,decoder_competition_or_disagreement
aruco:687,aruco,687,2026-06-16,2026-06-16,1,2026-06-16,2026-06-16[bee-766],1,manual_confirmed,confirmed,decoder_did_not_confirm_all_images
aruco:688,aruco,688,2026-06-24,2026-06-24,1,2026-06-24,2026-06-24[bee-26],1,manual_confirmed,confirmed,decoder_competition_or_disagreement
aruco:689,aruco,689,2026-06-17,2026-06-24,2,2026-06-17;2026-06-24,2026-06-17[bee-48];2026-06-24[bee-41],3,needs_review,confirmed,decoder_competition_or_disagreement;decoder_did_not_confirm_all_images;same_tag_used_by_multiple_bee_numbers_same_day
aruco:690,aruco,690,2026-06-22,2026-06-22,1,2026-06-22,2026-06-22[bee-12],2,manual_confirmed,confirmed,decoder_did_not_confirm_all_images
aruco:692,aruco,692,2026-06-16,2026-06-17,2,2026-06-16;2026-06-17,2026-06-16[bee-755];2026-06-17[bee-7],2,manual_confirmed,confirmed,decoder_competition_or_disagreement
aruco:693,aruco,693,2026-06-17,2026-06-17,1,2026-06-17,2026-06-17[bee-20],1,manual_confirmed,confirmed,decoder_competition_or_disagreement
aruco:694,aruco,694,2026-06-23,2026-06-23,1,2026-06-23,2026-06-23[bee-33],2,manual_confirmed,confirmed,decoder_competition_or_disagreement;decoder_did_not_confirm_all_images
aruco:695,aruco,695,2026-06-16,2026-06-16,1,2026-06-16,2026-06-16[bee-45],2,manual_confirmed,confirmed,decoder_competition_or_disagreement
aruco:696,aruco,696,2026-06-23,2026-06-23,1,2026-06-23,2026-06-23[bee-42],1,manual_confirmed,confirmed,decoder_did_not_confirm_all_images
aruco:697,aruco,697,2026-06-16,2026-06-16,1,2026-06-16,2026-06-16[bee-768],1,manual_confirmed,confirmed,decoder_competition_or_disagreement
aruco:699,aruco,699,2026-06-16,2026-06-16,1,2026-06-16,2026-06-16[bee-727],1,manual_confirmed,confirmed,decoder_competition_or_disagreement
aruco:7,aruco,7,2026-05-28,2026-05-28,1,2026-05-28,2026-05-28[bee-41],1,manual_confirmed,confirmed,decoder_competition_or_disagreement
aruco:70,aruco,70,2026-05-02,2026-05-28,2,2026-05-02;2026-05-28,2026-05-02[bee-1];2026-05-28[bee-21],2,manual_confirmed,confirmed,decoder_competition_or_disagreement
aruco:700,aruco,700,2026-06-22,2026-06-22,1,2026-06-22,2026-06-22[bee-57],2,filename_assignment_unconfirmed,unreadable,decoder_competition_or_disagreement;image_read_failed
aruco:701,aruco,701,2026-06-17,2026-06-17,1,2026-06-17,2026-06-17[bee-4],2,manual_confirmed,confirmed,decoder_competition_or_disagreement;decoder_did_not_confirm_all_images
aruco:702,aruco,702,2026-06-23,2026-06-23,1,2026-06-23,2026-06-23[bee-28],2,manual_confirmed,confirmed,decoder_competition_or_disagreement
aruco:703,aruco,703,2026-06-22,2026-06-22,1,2026-06-22,2026-06-22[bee-44],1,manual_confirmed,confirmed,decoder_competition_or_disagreement
aruco:704,aruco,704,2026-06-22,2026-06-22,1,2026-06-22,2026-06-22[bee-25],1,manual_confirmed,confirmed,decoder_competition_or_disagreement
aruco:705,aruco,705,2026-06-11,2026-06-17,2,2026-06-11;2026-06-17,2026-06-11[bee-20];2026-06-17[bee-42],3,manual_confirmed,confirmed,decoder_competition_or_disagreement
aruco:706,aruco,706,2026-06-22,2026-06-22,1,2026-06-22,2026-06-22[bee-17],1,manual_confirmed,confirmed,
aruco:707,aruco,707,2026-06-23,2026-06-23,1,2026-06-23,2026-06-23[bee-32],1,manual_confirmed,confirmed,decoder_competition_or_disagreement
aruco:708,aruco,708,2026-06-16,2026-06-16,1,2026-06-16,2026-06-16[bee-34],1,manual_confirmed,confirmed,decoder_competition_or_disagreement
aruco:709,aruco,709,2026-06-16,2026-06-23,2,2026-06-16;2026-06-23,2026-06-16[bee-9];2026-06-23[bee-16],2,manual_confirmed,confirmed,decoder_competition_or_disagreement
aruco:71,aruco,71,2026-05-21,2026-05-21,1,2026-05-21,2026-05-21[bee-29],1,manual_confirmed,confirmed,decoder_competition_or_disagreement
aruco:710,aruco,710,2026-06-16,2026-06-16,1,2026-06-16,2026-06-16[bee-36],2,manual_confirmed,confirmed,decoder_competition_or_disagreement
aruco:711,aruco,711,2026-06-17,2026-06-17,1,2026-06-17,2026-06-17[bee-14],1,manual_confirmed,confirmed,
aruco:712,aruco,712,2026-06-23,2026-06-23,1,2026-06-23,2026-06-23[bee-34],2,manual_confirmed,confirmed,decoder_competition_or_disagreement
aruco:713,aruco,713,2026-06-24,2026-06-24,1,2026-06-24,2026-06-24[bee-9],1,manual_confirmed,confirmed,decoder_did_not_confirm_all_images
aruco:714,aruco,714,2026-06-16,2026-06-16,1,2026-06-16,2026-06-16[bee-714],1,manual_confirmed,confirmed,decoder_did_not_confirm_all_images
aruco:715,aruco,715,2026-06-16,2026-06-16,1,2026-06-16,2026-06-16[bee-37],2,manual_confirmed,confirmed,decoder_competition_or_disagreement
aruco:716,aruco,716,2026-06-17,2026-06-17,1,2026-06-17,2026-06-17[bee-58],1,manual_confirmed,confirmed,decoder_competition_or_disagreement
aruco:717,aruco,717,2026-06-16,2026-06-16,1,2026-06-16,2026-06-16[bee-767],1,manual_confirmed,confirmed,
aruco:718,aruco,718,2026-06-16,2026-06-16,1,2026-06-16,2026-06-16[bee-16],1,manual_confirmed,confirmed,decoder_competition_or_disagreement
aruco:719,aruco,719,2026-06-17,2026-06-17,1,2026-06-17,2026-06-17[bee-71],1,manual_confirmed,confirmed,decoder_did_not_confirm_all_images
aruco:72,aruco,72,2026-05-28,2026-05-28,1,2026-05-28,2026-05-28[bee-26],2,manual_confirmed,confirmed,decoder_did_not_confirm_all_images
aruco:720,aruco,720,2026-06-16,2026-06-16,1,2026-06-16,2026-06-16[bee-763],1,manual_confirmed,confirmed,decoder_competition_or_disagreement
aruco:722,aruco,722,2026-06-16,2026-06-16,1,2026-06-16,2026-06-16[bee-722],1,manual_confirmed,confirmed,decoder_competition_or_disagreement
aruco:723,aruco,723,2026-06-17,2026-06-17,1,2026-06-17,2026-06-17[bee-33],2,manual_confirmed,confirmed,decoder_competition_or_disagreement
aruco:724,aruco,724,2026-06-16,2026-06-16,1,2026-06-16,2026-06-16[bee-740],1,manual_confirmed,confirmed,decoder_competition_or_disagreement
aruco:725,aruco,725,2026-06-17,2026-06-17,1,2026-06-17,2026-06-17[bee-16],1,manual_confirmed,confirmed,decoder_competition_or_disagreement
aruco:726,aruco,726,2026-06-17,2026-06-17,1,2026-06-17,2026-06-17[bee-15],2,manual_confirmed,confirmed,decoder_competition_or_disagreement
aruco:727,aruco,727,2026-06-24,2026-06-24,1,2026-06-24,2026-06-24[bee-20],2,manual_confirmed,confirmed,decoder_competition_or_disagreement
aruco:728,aruco,728,2026-06-17,2026-06-17,1,2026-06-17,2026-06-17[bee-55],2,manual_confirmed,confirmed,decoder_competition_or_disagreement
aruco:729,aruco,729,2026-06-17,2026-06-17,1,2026-06-17,2026-06-17[bee-37],2,manual_confirmed,confirmed,decoder_competition_or_disagreement
aruco:73,aruco,73,2026-05-21,2026-05-21,1,2026-05-21,2026-05-21[bee-21],1,manual_confirmed,confirmed,decoder_did_not_confirm_all_images
aruco:730,aruco,730,2026-06-16,2026-06-16,1,2026-06-16,2026-06-16[bee-743],1,manual_confirmed,confirmed,decoder_competition_or_disagreement
aruco:731,aruco,731,2026-06-23,2026-06-24,2,2026-06-23;2026-06-24,2026-06-23[bee-2];2026-06-24[bee-24],3,manual_confirmed,confirmed,decoder_competition_or_disagreement
aruco:732,aruco,732,2026-06-23,2026-06-23,1,2026-06-23,2026-06-23[bee-31],1,manual_confirmed,confirmed,decoder_competition_or_disagreement
aruco:733,aruco,733,2026-06-16,2026-06-23,2,2026-06-16;2026-06-23,2026-06-16[bee-30];2026-06-23[bee-24],3,manual_confirmed,confirmed,decoder_competition_or_disagreement;decoder_did_not_confirm_all_images
aruco:734,aruco,734,2026-06-16,2026-06-17,2,2026-06-16;2026-06-17,2026-06-16[bee-760];2026-06-17[bee-23],2,manual_confirmed,confirmed,decoder_did_not_confirm_all_images
aruco:735,aruco,735,2026-06-22,2026-06-22,1,2026-06-22,2026-06-22[bee-4],1,manual_confirmed,confirmed,decoder_did_not_confirm_all_images
aruco:737,aruco,737,2026-06-24,2026-06-24,1,2026-06-24,2026-06-24[bee-30],2,manual_confirmed,confirmed,decoder_competition_or_disagreement;decoder_did_not_confirm_all_images
aruco:738,aruco,738,2026-07-08,2026-07-08,1,2026-07-08,2026-07-08[bee-7],1,manual_confirmed,confirmed,decoder_competition_or_disagreement
aruco:739,aruco,739,2026-07-01,2026-07-01,1,2026-07-01,2026-07-01[bee-763],1,manual_confirmed,confirmed,decoder_did_not_confirm_all_images
aruco:74,aruco,74,2026-05-28,2026-06-02,2,2026-05-28;2026-06-02,2026-05-28[bee-20];2026-06-02[bee-9],2,manual_confirmed,confirmed,decoder_did_not_confirm_all_images
aruco:740,aruco,740,2026-07-13,2026-07-15,3,2026-07-13;2026-07-14;2026-07-15,2026-07-13[bee-1];2026-07-14[bee-12];2026-07-15[bee-22],4,manual_confirmed,confirmed,decoder_competition_or_disagreement;decoder_did_not_confirm_all_images
aruco:742,aruco,742,2026-07-08,2026-07-14,2,2026-07-08;2026-07-14,2026-07-08[bee-15];2026-07-14[bee-14],2,manual_confirmed,confirmed,decoder_competition_or_disagreement
aruco:743,aruco,743,2026-07-01,2026-07-01,1,2026-07-01,2026-07-01[bee-759],1,manual_confirmed,confirmed,decoder_competition_or_disagreement
aruco:744,aruco,744,2026-07-01,2026-07-01,1,2026-07-01,2026-07-01[bee-758],1,manual_confirmed,confirmed,decoder_competition_or_disagreement
aruco:745,aruco,745,2026-07-07,2026-07-07,1,2026-07-07,2026-07-07[bee-3],2,manual_confirmed,confirmed,decoder_competition_or_disagreement
aruco:746,aruco,746,2026-07-08,2026-07-08,1,2026-07-08,2026-07-08[bee-26],2,manual_confirmed,confirmed,decoder_competition_or_disagreement
aruco:747,aruco,747,2026-07-07,2026-07-07,1,2026-07-07,2026-07-07[bee-67],1,manual_confirmed,confirmed,
aruco:748,aruco,748,2026-06-24,2026-06-24,1,2026-06-24,2026-06-24[bee-35],2,manual_confirmed,confirmed,decoder_competition_or_disagreement;decoder_did_not_confirm_all_images
aruco:749,aruco,749,2026-07-08,2026-07-08,1,2026-07-08,2026-07-08[bee-25],1,manual_confirmed,confirmed,
aruco:75,aruco,75,2026-05-28,2026-05-28,1,2026-05-28,2026-05-28[bee-25],2,manual_confirmed,confirmed,decoder_competition_or_disagreement
aruco:750,aruco,750,2026-07-01,2026-07-01,1,2026-07-01,2026-07-01[bee-750],1,manual_confirmed,confirmed,
aruco:751,aruco,751,2026-07-07,2026-07-07,1,2026-07-07,2026-07-07[bee-56],2,manual_confirmed,confirmed,decoder_competition_or_disagreement
aruco:752,aruco,752,2026-07-08,2026-07-08,1,2026-07-08,2026-07-08[bee-9],1,manual_confirmed,confirmed,decoder_competition_or_disagreement
aruco:753,aruco,753,2026-07-07,2026-07-07,1,2026-07-07,2026-07-07[bee-42],2,manual_confirmed,confirmed,decoder_competition_or_disagreement;decoder_did_not_confirm_all_images
aruco:754,aruco,754,2026-07-08,2026-07-14,2,2026-07-08;2026-07-14,2026-07-08[bee-29];2026-07-14[bee-10],3,manual_confirmed,confirmed,decoder_competition_or_disagreement
aruco:755,aruco,755,2026-07-07,2026-07-07,1,2026-07-07,2026-07-07[bee-15],1,manual_confirmed,confirmed,decoder_did_not_confirm_all_images
aruco:756,aruco,756,2026-07-08,2026-07-08,1,2026-07-08,2026-07-08[bee-8],2,manual_confirmed,confirmed,decoder_competition_or_disagreement
aruco:757,aruco,757,2026-06-24,2026-06-24,1,2026-06-24,2026-06-24[bee-44],1,manual_confirmed,confirmed,decoder_competition_or_disagreement
aruco:758,aruco,758,2026-07-01,2026-07-01,1,2026-07-01,2026-07-01[bee-771],1,manual_confirmed,confirmed,
aruco:759,aruco,759,2026-07-01,2026-07-01,1,2026-07-01,2026-07-01[bee-3],1,manual_confirmed,confirmed,decoder_competition_or_disagreement
aruco:76,aruco,76,2026-05-28,2026-05-28,1,2026-05-28,2026-05-28[bee-15],1,manual_confirmed,confirmed,decoder_did_not_confirm_all_images
aruco:760,aruco,760,2026-07-08,2026-07-08,1,2026-07-08,2026-07-08[bee-38],1,manual_confirmed,confirmed,decoder_did_not_confirm_all_images
aruco:761,aruco,761,2026-07-07,2026-07-07,1,2026-07-07,2026-07-07[bee-47],1,manual_confirmed,confirmed,decoder_competition_or_disagreement
aruco:762,aruco,762,2026-07-08,2026-07-13,2,2026-07-08;2026-07-13,2026-07-08[bee-13];2026-07-13[bee-8],2,manual_confirmed,confirmed,decoder_did_not_confirm_all_images
aruco:763,aruco,763,2026-07-08,2026-07-08,1,2026-07-08,2026-07-08[bee-24],1,manual_confirmed,confirmed,decoder_competition_or_disagreement
aruco:764,aruco,764,2026-07-13,2026-07-13,1,2026-07-13,2026-07-13[bee-12],2,manual_confirmed,confirmed,decoder_competition_or_disagreement;decoder_did_not_confirm_all_images
aruco:765,aruco,765,2026-07-07,2026-07-07,1,2026-07-07,2026-07-07[bee-51],2,manual_confirmed,confirmed,decoder_competition_or_disagreement;decoder_did_not_confirm_all_images
aruco:766,aruco,766,2026-07-13,2026-07-15,2,2026-07-13;2026-07-15,2026-07-13[bee-5];2026-07-15[bee-19],3,manual_confirmed,confirmed,decoder_competition_or_disagreement;decoder_did_not_confirm_all_images
aruco:767,aruco,767,2026-07-08,2026-07-08,1,2026-07-08,2026-07-08[bee-10],1,manual_confirmed,confirmed,decoder_competition_or_disagreement
aruco:768,aruco,768,2026-07-01,2026-07-01,1,2026-07-01,2026-07-01[bee-770],2,manual_confirmed,confirmed,decoder_did_not_confirm_all_images
aruco:769,aruco,769,2026-07-07,2026-07-07,1,2026-07-07,2026-07-07[bee-41],1,manual_confirmed,confirmed,
aruco:77,aruco,77,2026-05-28,2026-05-28,1,2026-05-28,2026-05-28[bee-11],2,manual_confirmed,confirmed,decoder_competition_or_disagreement;decoder_did_not_confirm_all_images
aruco:770,aruco,770,2026-06-30,2026-06-30,1,2026-06-30,2026-06-30[bee-9],1,manual_confirmed,confirmed,decoder_competition_or_disagreement
aruco:771,aruco,771,2026-07-07,2026-07-07,1,2026-07-07,2026-07-07[bee-29],2,manual_confirmed,confirmed,decoder_competition_or_disagreement;decoder_did_not_confirm_all_images
aruco:772,aruco,772,2026-07-13,2026-07-14,2,2026-07-13;2026-07-14,2026-07-13[bee-15];2026-07-14[bee-13],3,manual_confirmed,confirmed,decoder_competition_or_disagreement
aruco:773,aruco,773,2026-07-06,2026-07-06,1,2026-07-06,2026-07-06[bee-2],1,manual_confirmed,confirmed,decoder_competition_or_disagreement
aruco:774,aruco,774,2026-06-24,2026-06-24,1,2026-06-24,2026-06-24[bee-37],1,manual_confirmed,confirmed,decoder_competition_or_disagreement
aruco:775,aruco,775,2026-07-07,2026-07-07,1,2026-07-07,2026-07-07[bee-37],2,manual_confirmed,confirmed,decoder_did_not_confirm_all_images
aruco:776,aruco,776,2026-07-01,2026-07-01,1,2026-07-01,2026-07-01[bee-769],1,manual_confirmed,confirmed,decoder_did_not_confirm_all_images
aruco:777,aruco,777,2026-06-24,2026-06-24,1,2026-06-24,2026-06-24[bee-39],1,manual_confirmed,confirmed,
aruco:778,aruco,778,2026-07-01,2026-07-01,1,2026-07-01,2026-07-01[bee-751],1,manual_confirmed,confirmed,decoder_competition_or_disagreement
aruco:779,aruco,779,2026-07-07,2026-07-07,1,2026-07-07,2026-07-07[bee-55],2,manual_confirmed,confirmed,decoder_competition_or_disagreement
aruco:78,aruco,78,2026-05-28,2026-05-28,1,2026-05-28,2026-05-28[bee-12],1,manual_confirmed,confirmed,decoder_competition_or_disagreement
aruco:780,aruco,780,2026-07-08,2026-07-08,1,2026-07-08,2026-07-08[bee-4],1,manual_confirmed,confirmed,decoder_competition_or_disagreement
aruco:781,aruco,781,2026-07-07,2026-07-07,1,2026-07-07,2026-07-07[bee-33],1,manual_confirmed,confirmed,
aruco:782,aruco,782,2026-07-13,2026-07-13,1,2026-07-13,2026-07-13[bee-14],1,manual_confirmed,confirmed,decoder_did_not_confirm_all_images
aruco:783,aruco,783,2026-07-07,2026-07-07,1,2026-07-07,2026-07-07[bee-52],2,manual_confirmed,confirmed,decoder_competition_or_disagreement
aruco:784,aruco,784,2026-07-08,2026-07-08,1,2026-07-08,2026-07-08[bee-37],2,manual_confirmed,confirmed,decoder_competition_or_disagreement
aruco:785,aruco,785,2026-07-07,2026-07-07,1,2026-07-07,2026-07-07[bee-13],1,manual_confirmed,confirmed,decoder_competition_or_disagreement
aruco:786,aruco,786,2026-07-08,2026-07-08,1,2026-07-08,2026-07-08[bee-30],1,manual_confirmed,confirmed,decoder_competition_or_disagreement
aruco:787,aruco,787,2026-06-30,2026-06-30,1,2026-06-30,2026-06-30[bee-7],2,manual_confirmed,confirmed,decoder_competition_or_disagreement
aruco:788,aruco,788,2026-07-01,2026-07-01,1,2026-07-01,2026-07-01[bee-766],1,manual_confirmed,confirmed,
aruco:79,aruco,79,2026-05-21,2026-05-21,1,2026-05-21,2026-05-21[bee-5],2,manual_confirmed,confirmed,decoder_did_not_confirm_all_images
aruco:790,aruco,790,2026-07-13,2026-07-13,1,2026-07-13,2026-07-13[bee-17],2,manual_confirmed,confirmed,decoder_competition_or_disagreement
aruco:791,aruco,791,2026-07-07,2026-07-07,1,2026-07-07,2026-07-07[bee-24],1,manual_confirmed,confirmed,decoder_competition_or_disagreement
aruco:793,aruco,793,2026-07-07,2026-07-07,1,2026-07-07,2026-07-07[bee-23],1,manual_confirmed,confirmed,decoder_competition_or_disagreement
aruco:798,aruco,798,2026-07-07,2026-07-07,1,2026-07-07,2026-07-07[bee-28],1,manual_confirmed,confirmed,decoder_competition_or_disagreement
aruco:799,aruco,799,2026-07-08,2026-07-08,1,2026-07-08,2026-07-08[bee-36],1,manual_confirmed,confirmed,decoder_competition_or_disagreement
aruco:8,aruco,8,2026-05-29,2026-05-29,1,2026-05-29,2026-05-29[bee-1],1,manual_confirmed,confirmed,decoder_competition_or_disagreement
aruco:80,aruco,80,2026-05-21,2026-05-21,1,2026-05-21,2026-05-21[bee-4],2,manual_confirmed,confirmed,decoder_competition_or_disagreement
aruco:800,aruco,800,2026-07-08,2026-07-08,1,2026-07-08,2026-07-08[bee-11],1,manual_confirmed,confirmed,decoder_competition_or_disagreement
aruco:802,aruco,802,2026-07-07,2026-07-07,1,2026-07-07,2026-07-07[bee-27],1,manual_confirmed,confirmed,decoder_competition_or_disagreement
aruco:803,aruco,803,2026-07-13,2026-07-13,1,2026-07-13,2026-07-13[bee-19],2,manual_confirmed,confirmed,decoder_competition_or_disagreement;decoder_did_not_confirm_all_images
aruco:804,aruco,804,2026-07-01,2026-07-01,1,2026-07-01,2026-07-01[bee-754],1,manual_confirmed,confirmed,decoder_did_not_confirm_all_images
aruco:805,aruco,805,2026-06-30,2026-06-30,1,2026-06-30,2026-06-30[bee-3],1,manual_confirmed,confirmed,decoder_competition_or_disagreement
aruco:806,aruco,806,2026-07-07,2026-07-07,1,2026-07-07,2026-07-07[bee-11],2,manual_confirmed,confirmed,decoder_competition_or_disagreement;decoder_did_not_confirm_all_images
aruco:807,aruco,807,2026-07-01,2026-07-01,1,2026-07-01,2026-07-01[bee-764],2,manual_confirmed,confirmed,decoder_did_not_confirm_all_images
aruco:808,aruco,808,2026-07-07,2026-07-14,2,2026-07-07;2026-07-14,2026-07-07[bee-48];2026-07-14[bee-17],3,manual_confirmed,confirmed,decoder_competition_or_disagreement;decoder_did_not_confirm_all_images
aruco:809,aruco,809,2026-07-06,2026-07-06,1,2026-07-06,2026-07-06[bee-8],1,manual_confirmed,confirmed,decoder_competition_or_disagreement
aruco:81,aruco,81,2026-05-28,2026-05-28,1,2026-05-28,2026-05-28[bee-7],1,manual_confirmed,confirmed,decoder_did_not_confirm_all_images
aruco:810,aruco,810,2026-07-07,2026-07-07,1,2026-07-07,2026-07-07[bee-34],1,manual_confirmed,confirmed,decoder_competition_or_disagreement
aruco:811,aruco,811,2026-07-07,2026-07-07,1,2026-07-07,2026-07-07[bee-46],2,manual_confirmed,confirmed,decoder_competition_or_disagreement
aruco:812,aruco,812,2026-06-24,2026-06-24,1,2026-06-24,2026-06-24[bee-33],1,manual_confirmed,confirmed,decoder_competition_or_disagreement
aruco:813,aruco,813,2026-06-24,2026-06-24,1,2026-06-24,2026-06-24[bee-34],2,manual_confirmed,confirmed,decoder_did_not_confirm_all_images
aruco:814,aruco,814,2026-07-07,2026-07-13,3,2026-07-07;2026-07-08;2026-07-13,2026-07-07[bee-49];2026-07-08[bee-44];2026-07-13[bee-9],5,needs_review,confirmed,decoder_competition_or_disagreement;decoder_did_not_confirm_all_images;same_tag_used_by_multiple_bee_numbers_same_day
aruco:816,aruco,816,2026-07-07,2026-07-07,1,2026-07-07,2026-07-07[bee-38],1,manual_confirmed,confirmed,decoder_competition_or_disagreement
aruco:817,aruco,817,2026-06-24,2026-06-24,1,2026-06-24,2026-06-24[bee-42],1,manual_confirmed,confirmed,decoder_competition_or_disagreement
aruco:818,aruco,818,2026-07-01,2026-07-01,1,2026-07-01,2026-07-01[bee-768],1,manual_confirmed,confirmed,
aruco:819,aruco,819,2026-07-01,2026-07-01,1,2026-07-01,2026-07-01[bee-760],1,manual_confirmed,confirmed,
aruco:82,aruco,82,2026-05-28,2026-05-28,1,2026-05-28,2026-05-28[bee-29],1,manual_confirmed,confirmed,decoder_competition_or_disagreement
aruco:820,aruco,820,2026-07-08,2026-07-14,2,2026-07-08;2026-07-14,2026-07-08[bee-19];2026-07-14[bee-11],3,manual_confirmed,confirmed,decoder_competition_or_disagreement;decoder_did_not_confirm_all_images
aruco:821,aruco,821,2026-07-07,2026-07-07,1,2026-07-07,2026-07-07[bee-7],1,manual_confirmed,confirmed,decoder_competition_or_disagreement
aruco:822,aruco,822,2026-07-07,2026-07-07,1,2026-07-07,2026-07-07[bee-19],2,manual_confirmed,confirmed,decoder_competition_or_disagreement
aruco:823,aruco,823,2026-07-06,2026-07-06,1,2026-07-06,2026-07-06[bee-6],1,manual_confirmed,confirmed,decoder_competition_or_disagreement
aruco:824,aruco,824,2026-07-07,2026-07-07,1,2026-07-07,2026-07-07[bee-65],1,manual_confirmed,confirmed,
aruco:825,aruco,825,2026-07-06,2026-07-07,2,2026-07-06;2026-07-07,2026-07-06[bee-9];2026-07-07[bee-36],3,needs_review,confirmed,decoder_competition_or_disagreement;decoder_did_not_confirm_all_images;same_tag_used_by_multiple_bee_numbers_same_day
aruco:826,aruco,826,2026-07-07,2026-07-13,3,2026-07-07;2026-07-08;2026-07-13,2026-07-07[bee-44];2026-07-08[bee-46];2026-07-13[bee-10],4,manual_confirmed,confirmed,decoder_competition_or_disagreement;decoder_did_not_confirm_all_images
aruco:828,aruco,828,2026-06-30,2026-06-30,1,2026-06-30,2026-06-30[bee-1],2,manual_confirmed,confirmed,decoder_competition_or_disagreement;decoder_did_not_confirm_all_images
aruco:829,aruco,829,2026-06-30,2026-06-30,1,2026-06-30,2026-06-30[bee-8],1,manual_confirmed,confirmed,decoder_did_not_confirm_all_images
aruco:83,aruco,83,2026-05-21,2026-05-21,1,2026-05-21,2026-05-21[bee-31],1,manual_confirmed,confirmed,decoder_competition_or_disagreement
aruco:830,aruco,830,2026-07-07,2026-07-07,1,2026-07-07,2026-07-07[bee-45],2,manual_confirmed,confirmed,decoder_competition_or_disagreement
aruco:831,aruco,831,2026-07-08,2026-07-08,1,2026-07-08,2026-07-08[bee-31],1,manual_confirmed,confirmed,decoder_competition_or_disagreement
aruco:832,aruco,832,2026-07-13,2026-07-15,2,2026-07-13;2026-07-15,2026-07-13[bee-2];2026-07-15[bee-29],2,manual_confirmed,confirmed,decoder_competition_or_disagreement
aruco:833,aruco,833,2026-07-01,2026-07-01,1,2026-07-01,2026-07-01[bee-756],1,manual_confirmed,confirmed,decoder_competition_or_disagreement
aruco:834,aruco,834,2026-07-07,2026-07-07,1,2026-07-07,2026-07-07[bee-31],1,manual_confirmed,confirmed,decoder_competition_or_disagreement
aruco:835,aruco,835,2026-07-01,2026-07-01,1,2026-07-01,2026-07-01[bee-752],1,manual_confirmed,confirmed,decoder_competition_or_disagreement
aruco:836,aruco,836,2026-07-07,2026-07-07,1,2026-07-07,2026-07-07[bee-2],1,manual_confirmed,confirmed,decoder_did_not_confirm_all_images
aruco:837,aruco,837,2026-07-06,2026-07-06,1,2026-07-06,2026-07-06[bee-11],2,manual_confirmed,confirmed,decoder_competition_or_disagreement;decoder_did_not_confirm_all_images
aruco:838,aruco,838,2026-07-13,2026-07-14,2,2026-07-13;2026-07-14,2026-07-13[bee-6];2026-07-14[bee-15],2,manual_confirmed,confirmed,decoder_competition_or_disagreement
aruco:839,aruco,839,2026-07-08,2026-07-08,1,2026-07-08,2026-07-08[bee-21],2,manual_confirmed,confirmed,decoder_competition_or_disagreement
aruco:84,aruco,84,2026-05-28,2026-05-28,1,2026-05-28,2026-05-28[bee-19],1,manual_confirmed,confirmed,decoder_did_not_confirm_all_images
aruco:840,aruco,840,2026-07-01,2026-07-01,1,2026-07-01,2026-07-01[bee-762],1,manual_confirmed,confirmed,decoder_did_not_confirm_all_images
aruco:841,aruco,841,2026-07-01,2026-07-01,1,2026-07-01,2026-07-01[bee-761],2,manual_confirmed,confirmed,decoder_competition_or_disagreement;decoder_did_not_confirm_all_images
aruco:842,aruco,842,2026-07-07,2026-07-07,1,2026-07-07,2026-07-07[bee-64],1,manual_confirmed,confirmed,decoder_competition_or_disagreement
aruco:843,aruco,843,2026-06-24,2026-06-24,1,2026-06-24,2026-06-24[bee-32],2,manual_confirmed,confirmed,decoder_did_not_confirm_all_images
aruco:844,aruco,844,2026-06-24,2026-06-24,1,2026-06-24,2026-06-24[bee-27],1,manual_confirmed,confirmed,decoder_competition_or_disagreement
aruco:845,aruco,845,2026-07-13,2026-07-13,1,2026-07-13,2026-07-13[bee-21],1,manual_confirmed,confirmed,decoder_competition_or_disagreement
aruco:846,aruco,846,2026-07-01,2026-07-01,1,2026-07-01,2026-07-01[bee-767],2,manual_confirmed,confirmed,decoder_competition_or_disagreement
aruco:847,aruco,847,2026-07-08,2026-07-08,1,2026-07-08,2026-07-08[bee-12],1,manual_confirmed,confirmed,decoder_did_not_confirm_all_images
aruco:848,aruco,848,2026-06-24,2026-07-07,2,2026-06-24;2026-07-07,2026-06-24[bee-31];2026-07-07[bee-9],3,manual_confirmed,confirmed,decoder_competition_or_disagreement
aruco:849,aruco,849,2026-07-08,2026-07-08,1,2026-07-08,2026-07-08[bee-27],1,manual_confirmed,confirmed,decoder_did_not_confirm_all_images
aruco:85,aruco,85,2026-05-21,2026-05-21,1,2026-05-21,2026-05-21[bee-8],2,manual_confirmed,confirmed,decoder_competition_or_disagreement;decoder_did_not_confirm_all_images
aruco:850,aruco,850,2026-07-13,2026-07-13,1,2026-07-13,2026-07-13[bee-11],1,manual_confirmed,confirmed,decoder_did_not_confirm_all_images
aruco:851,aruco,851,2026-07-01,2026-07-01,1,2026-07-01,2026-07-01[bee-2],1,manual_confirmed,confirmed,decoder_competition_or_disagreement
aruco:852,aruco,852,2026-07-07,2026-07-07,1,2026-07-07,2026-07-07[bee-68],2,manual_confirmed,confirmed,decoder_competition_or_disagreement;decoder_did_not_confirm_all_images
aruco:853,aruco,853,2026-07-08,2026-07-08,1,2026-07-08,2026-07-08[bee-18],1,needs_review,confirmed,decoder_competition_or_disagreement;same_tag_used_by_multiple_bee_numbers_same_day
aruco:854,aruco,854,2026-07-08,2026-07-08,1,2026-07-08,2026-07-08[bee-39],1,manual_confirmed,confirmed,decoder_competition_or_disagreement
aruco:855,aruco,855,2026-07-13,2026-07-13,1,2026-07-13,2026-07-13[bee-13],1,manual_confirmed,confirmed,decoder_competition_or_disagreement
aruco:856,aruco,856,2026-07-07,2026-07-07,1,2026-07-07,2026-07-07[bee-18],1,manual_confirmed,confirmed,decoder_competition_or_disagreement
aruco:857,aruco,857,2026-07-08,2026-07-08,1,2026-07-08,2026-07-08[bee-41],1,manual_confirmed,confirmed,decoder_did_not_confirm_all_images
aruco:858,aruco,858,2026-07-07,2026-07-07,1,2026-07-07,2026-07-07[bee-8],2,manual_confirmed,confirmed,decoder_competition_or_disagreement
aruco:859,aruco,859,2026-06-30,2026-06-30,1,2026-06-30,2026-06-30[bee-4],1,manual_confirmed,confirmed,decoder_competition_or_disagreement
aruco:86,aruco,86,2026-05-28,2026-05-28,1,2026-05-28,2026-05-28[bee-6],1,manual_confirmed,confirmed,decoder_did_not_confirm_all_images
aruco:860,aruco,860,2026-07-07,2026-07-07,1,2026-07-07,2026-07-07[bee-16],1,manual_confirmed,confirmed,decoder_did_not_confirm_all_images
aruco:862,aruco,862,2026-07-06,2026-07-06,1,2026-07-06,2026-07-06[bee-1],2,manual_confirmed,confirmed,decoder_competition_or_disagreement
aruco:864,aruco,864,2026-07-07,2026-07-07,1,2026-07-07,2026-07-07[bee-17],1,manual_confirmed,confirmed,
aruco:865,aruco,865,2026-07-07,2026-07-07,1,2026-07-07,2026-07-07[bee-5],1,manual_confirmed,confirmed,decoder_competition_or_disagreement
aruco:866,aruco,866,2026-06-24,2026-06-24,1,2026-06-24,2026-06-24[bee-29],1,manual_confirmed,confirmed,decoder_competition_or_disagreement
aruco:867,aruco,867,2026-07-07,2026-07-07,1,2026-07-07,2026-07-07[bee-26],2,manual_confirmed,confirmed,decoder_competition_or_disagreement;decoder_did_not_confirm_all_images
aruco:868,aruco,868,2026-07-13,2026-07-13,1,2026-07-13,2026-07-13[bee-4],2,manual_confirmed,confirmed,decoder_competition_or_disagreement
aruco:869,aruco,869,2026-07-07,2026-07-07,1,2026-07-07,2026-07-07[bee-10],1,manual_confirmed,confirmed,
aruco:87,aruco,87,2026-05-28,2026-05-28,1,2026-05-28,2026-05-28[bee-3],1,manual_confirmed,confirmed,
aruco:870,aruco,870,2026-07-08,2026-07-08,1,2026-07-08,2026-07-08[bee-5],1,manual_confirmed,confirmed,decoder_competition_or_disagreement
aruco:871,aruco,871,2026-07-08,2026-07-14,2,2026-07-08;2026-07-14,2026-07-08[bee-23];2026-07-14[bee-18],3,manual_confirmed,confirmed,decoder_competition_or_disagreement
aruco:872,aruco,872,2026-07-08,2026-07-08,1,2026-07-08,2026-07-08[bee-14],1,manual_confirmed,confirmed,decoder_competition_or_disagreement
aruco:873,aruco,873,2026-07-13,2026-07-13,1,2026-07-13,2026-07-13[bee-20],1,manual_confirmed,confirmed,decoder_competition_or_disagreement
aruco:874,aruco,874,2026-07-07,2026-07-07,1,2026-07-07,2026-07-07[bee-53],1,manual_confirmed,confirmed,decoder_competition_or_disagreement
aruco:875,aruco,875,2026-07-01,2026-07-01,1,2026-07-01,2026-07-01[bee-753],1,manual_confirmed,confirmed,decoder_competition_or_disagreement
aruco:876,aruco,876,2026-06-30,2026-06-30,1,2026-06-30,2026-06-30[bee-5],2,manual_confirmed,confirmed,decoder_competition_or_disagreement;decoder_did_not_confirm_all_images
aruco:877,aruco,877,2026-07-07,2026-07-15,2,2026-07-07;2026-07-15,2026-07-07[bee-57];2026-07-15[bee-25],3,manual_confirmed,confirmed,decoder_competition_or_disagreement;decoder_did_not_confirm_all_images
aruco:878,aruco,878,2026-07-08,2026-07-08,1,2026-07-08,2026-07-08[bee-1],1,manual_confirmed,confirmed,decoder_competition_or_disagreement
aruco:879,aruco,879,2026-07-08,2026-07-08,1,2026-07-08,2026-07-08[bee-22],2,manual_confirmed,confirmed,decoder_did_not_confirm_all_images
aruco:88,aruco,88,2026-05-21,2026-05-21,1,2026-05-21,2026-05-21[bee-25],2,manual_confirmed,confirmed,decoder_competition_or_disagreement
aruco:880,aruco,880,2026-07-07,2026-07-07,1,2026-07-07,2026-07-07[bee-14],1,manual_confirmed,confirmed,
aruco:881,aruco,881,2026-07-06,2026-07-08,2,2026-07-06;2026-07-08,2026-07-06[bee-4];2026-07-08[bee-42],2,manual_confirmed,confirmed,decoder_competition_or_disagreement;decoder_did_not_confirm_all_images
aruco:882,aruco,882,2026-07-07,2026-07-07,1,2026-07-07,2026-07-07[bee-59],1,manual_confirmed,confirmed,decoder_did_not_confirm_all_images
aruco:883,aruco,883,2026-07-07,2026-07-07,1,2026-07-07,2026-07-07[bee-63],2,manual_confirmed,confirmed,decoder_competition_or_disagreement
aruco:884,aruco,884,2026-07-07,2026-07-15,2,2026-07-07;2026-07-15,2026-07-07[bee-40];2026-07-15[bee-18],3,manual_confirmed,confirmed,decoder_competition_or_disagreement;decoder_did_not_confirm_all_images
aruco:885,aruco,885,2026-07-06,2026-07-06,1,2026-07-06,2026-07-06[bee-7],1,manual_confirmed,confirmed,decoder_competition_or_disagreement
aruco:886,aruco,886,2026-07-07,2026-07-07,1,2026-07-07,2026-07-07[bee-43],1,manual_confirmed,confirmed,
aruco:887,aruco,887,2026-07-13,2026-07-13,1,2026-07-13,2026-07-13[bee-16],2,manual_confirmed,confirmed,decoder_competition_or_disagreement
aruco:888,aruco,888,2026-07-07,2026-07-07,1,2026-07-07,2026-07-07[bee-30],2,manual_confirmed,confirmed,decoder_competition_or_disagreement
aruco:889,aruco,889,2026-07-01,2026-07-01,1,2026-07-01,2026-07-01[bee-757],2,manual_confirmed,confirmed,decoder_did_not_confirm_all_images
aruco:89,aruco,89,2026-05-21,2026-05-21,1,2026-05-21,2026-05-21[bee-20],1,manual_confirmed,confirmed,decoder_competition_or_disagreement
aruco:890,aruco,890,2026-06-24,2026-06-24,1,2026-06-24,2026-06-24[bee-43],2,manual_confirmed,confirmed,decoder_competition_or_disagreement
aruco:891,aruco,891,2026-07-01,2026-07-01,1,2026-07-01,2026-07-01[bee-765],2,manual_confirmed,confirmed,decoder_did_not_confirm_all_images
aruco:892,aruco,892,2026-07-08,2026-07-08,1,2026-07-08,2026-07-08[bee-17],2,manual_confirmed,confirmed,decoder_competition_or_disagreement
aruco:893,aruco,893,2026-07-07,2026-07-07,1,2026-07-07,2026-07-07[bee-4],1,manual_confirmed,confirmed,decoder_competition_or_disagreement
aruco:894,aruco,894,2026-07-13,2026-07-15,2,2026-07-13;2026-07-15,2026-07-13[bee-7];2026-07-15[bee-23],3,manual_confirmed,confirmed,decoder_competition_or_disagreement;decoder_did_not_confirm_all_images
aruco:895,aruco,895,2026-07-06,2026-07-06,1,2026-07-06,2026-07-06[bee-14],1,manual_confirmed,confirmed,decoder_competition_or_disagreement
aruco:896,aruco,896,2026-07-08,2026-07-08,1,2026-07-08,2026-07-08[bee-3],1,manual_confirmed,confirmed,decoder_competition_or_disagreement
aruco:897,aruco,897,2026-07-07,2026-07-08,2,2026-07-07;2026-07-08,2026-07-07[bee-58];2026-07-08[bee-43],2,manual_confirmed,confirmed,decoder_competition_or_disagreement
aruco:898,aruco,898,2026-07-13,2026-07-13,1,2026-07-13,2026-07-13[bee-3],1,manual_confirmed,confirmed,decoder_competition_or_disagreement
aruco:899,aruco,899,2026-07-07,2026-07-07,1,2026-07-07,2026-07-07[bee-32],2,manual_confirmed,confirmed,decoder_competition_or_disagreement
aruco:9,aruco,9,2026-05-29,2026-05-29,1,2026-05-29,2026-05-29[bee-6],1,manual_confirmed,confirmed,decoder_competition_or_disagreement
aruco:90,aruco,90,2026-05-21,2026-05-21,1,2026-05-21,2026-05-21[bee-11],2,manual_confirmed,confirmed,decoder_competition_or_disagreement
aruco:900,aruco,900,2026-07-07,2026-07-07,1,2026-07-07,2026-07-07[bee-60],2,manual_confirmed,confirmed,decoder_competition_or_disagreement
aruco:901,aruco,901,2026-07-07,2026-07-07,1,2026-07-07,2026-07-07[bee-50],2,manual_confirmed,confirmed,decoder_competition_or_disagreement
aruco:902,aruco,902,2026-07-08,2026-07-08,1,2026-07-08,2026-07-08[bee-28],2,manual_confirmed,confirmed,decoder_competition_or_disagreement
aruco:903,aruco,903,2026-07-07,2026-07-14,3,2026-07-07;2026-07-08;2026-07-14,2026-07-07[bee-62];2026-07-08[bee-45];2026-07-14[bee-16],4,needs_review,confirmed,decoder_competition_or_disagreement;decoder_did_not_confirm_all_images;same_tag_used_by_multiple_bee_numbers_same_day
aruco:904,aruco,904,2026-07-01,2026-07-01,1,2026-07-01,2026-07-01[bee-1],1,manual_confirmed,confirmed,decoder_did_not_confirm_all_images
aruco:905,aruco,905,2026-07-07,2026-07-07,1,2026-07-07,2026-07-07[bee-25],2,manual_confirmed,confirmed,decoder_competition_or_disagreement
aruco:906,aruco,906,2026-07-06,2026-07-06,1,2026-07-06,2026-07-06[bee-5],1,manual_confirmed,confirmed,decoder_competition_or_disagreement
aruco:907,aruco,907,2026-07-06,2026-07-07,2,2026-07-06;2026-07-07,2026-07-06[bee-13];2026-07-07[bee-20],3,manual_confirmed,confirmed,decoder_competition_or_disagreement
aruco:908,aruco,908,2026-07-07,2026-07-13,2,2026-07-07;2026-07-13,2026-07-07[bee-12];2026-07-13[bee-18],2,manual_confirmed,confirmed,decoder_competition_or_disagreement
aruco:909,aruco,909,2026-07-08,2026-07-08,1,2026-07-08,2026-07-08[bee-32],2,manual_confirmed,confirmed,decoder_competition_or_disagreement
aruco:91,aruco,91,2026-05-21,2026-05-21,1,2026-05-21,2026-05-21[bee-32],1,manual_confirmed,confirmed,decoder_competition_or_disagreement
aruco:910,aruco,910,2026-07-07,2026-07-07,1,2026-07-07,2026-07-07[bee-39],2,manual_confirmed,confirmed,decoder_competition_or_disagreement;decoder_did_not_confirm_all_images
aruco:911,aruco,911,2026-07-08,2026-07-08,1,2026-07-08,2026-07-08[bee-6],1,manual_confirmed,confirmed,decoder_competition_or_disagreement
aruco:912,aruco,912,2026-07-08,2026-07-08,1,2026-07-08,2026-07-08[bee-35],1,manual_confirmed,confirmed,decoder_did_not_confirm_all_images
aruco:913,aruco,913,2026-07-08,2026-07-08,1,2026-07-08,2026-07-08[bee-33],1,manual_confirmed,confirmed,decoder_competition_or_disagreement
aruco:914,aruco,914,2026-07-08,2026-07-08,1,2026-07-08,2026-07-08[bee-40],1,needs_review,confirmed,decoder_did_not_confirm_all_images;same_tag_used_by_multiple_bee_numbers_same_day
aruco:915,aruco,915,2026-07-08,2026-07-08,1,2026-07-08,2026-07-08[bee-20],2,manual_confirmed,confirmed,decoder_competition_or_disagreement
aruco:916,aruco,916,2026-07-07,2026-07-07,1,2026-07-07,2026-07-07[bee-66],1,manual_confirmed,confirmed,decoder_did_not_confirm_all_images
aruco:917,aruco,917,2026-07-07,2026-07-07,1,2026-07-07,2026-07-07[bee-61],1,manual_confirmed,confirmed,
aruco:918,aruco,918,2026-07-07,2026-07-07,1,2026-07-07,2026-07-07[bee-6],1,manual_confirmed,confirmed,decoder_competition_or_disagreement
aruco:919,aruco,919,2026-06-24,2026-06-24,1,2026-06-24,2026-06-24[bee-36],2,manual_confirmed,confirmed,decoder_competition_or_disagreement
aruco:92,aruco,92,2026-05-28,2026-05-28,1,2026-05-28,2026-05-28[bee-1],1,manual_confirmed,confirmed,decoder_competition_or_disagreement
aruco:920,aruco,920,2026-07-01,2026-07-01,1,2026-07-01,2026-07-01[bee-755],1,manual_confirmed,confirmed,decoder_did_not_confirm_all_images
aruco:921,aruco,921,2026-07-07,2026-07-07,1,2026-07-07,2026-07-07[bee-69],2,manual_confirmed,confirmed,decoder_competition_or_disagreement
aruco:922,aruco,922,2026-07-08,2026-07-08,1,2026-07-08,2026-07-08[bee-34],2,manual_confirmed,confirmed,decoder_did_not_confirm_all_images
aruco:923,aruco,923,2026-06-24,2026-06-24,1,2026-06-24,2026-06-24[bee-28],1,manual_confirmed,confirmed,decoder_competition_or_disagreement
aruco:924,aruco,924,2026-07-07,2026-07-07,1,2026-07-07,2026-07-07[bee-35],2,manual_confirmed,confirmed,decoder_did_not_confirm_all_images
aruco:925,aruco,925,2026-06-30,2026-06-30,1,2026-06-30,2026-06-30[bee-2],1,manual_confirmed,confirmed,decoder_competition_or_disagreement
aruco:926,aruco,926,2026-07-08,2026-07-08,1,2026-07-08,2026-07-08[bee-2],1,manual_confirmed,confirmed,decoder_competition_or_disagreement
aruco:927,aruco,927,2026-07-07,2026-07-07,1,2026-07-07,2026-07-07[bee-22],2,manual_confirmed,confirmed,decoder_competition_or_disagreement;decoder_did_not_confirm_all_images
aruco:928,aruco,928,2026-07-06,2026-07-08,3,2026-07-06;2026-07-07;2026-07-08,2026-07-06[bee-10];2026-07-07[bee-21];2026-07-08[bee-16],5,manual_confirmed,confirmed,decoder_competition_or_disagreement
aruco:929,aruco,929,2026-06-30,2026-06-30,1,2026-06-30,2026-06-30[bee-6],2,manual_confirmed,confirmed,decoder_competition_or_disagreement;decoder_did_not_confirm_all_images
aruco:93,aruco,93,2026-05-28,2026-05-28,1,2026-05-28,2026-05-28[bee-4],1,manual_confirmed,confirmed,
aruco:930,aruco,930,2026-07-06,2026-07-06,1,2026-07-06,2026-07-06[bee-3],1,manual_confirmed,confirmed,
aruco:931,aruco,931,2026-07-06,2026-07-06,1,2026-07-06,2026-07-06[bee-12],1,manual_confirmed,confirmed,decoder_did_not_confirm_all_images
aruco:932,aruco,932,2026-07-07,2026-07-07,1,2026-07-07,2026-07-07[bee-54],2,manual_confirmed,confirmed,decoder_competition_or_disagreement
aruco:938,aruco,938,2026-07-14,2026-07-14,1,2026-07-14,2026-07-14[bee-9],1,manual_confirmed,confirmed,decoder_did_not_confirm_all_images
aruco:939,aruco,939,2026-07-22,2026-07-27,2,2026-07-22;2026-07-27,2026-07-22[bee-4];2026-07-27[bee-4],3,manual_confirmed,confirmed,decoder_competition_or_disagreement
aruco:94,aruco,94,2026-05-28,2026-05-28,1,2026-05-28,2026-05-28[bee-14],1,manual_confirmed,confirmed,decoder_did_not_confirm_all_images
aruco:940,aruco,940,2026-07-21,2026-07-22,2,2026-07-21;2026-07-22,2026-07-21[bee-21];2026-07-22[bee-2],3,manual_confirmed,confirmed,decoder_competition_or_disagreement
aruco:941,aruco,941,2026-07-15,2026-07-15,1,2026-07-15,2026-07-15[bee-13],1,manual_confirmed,confirmed,decoder_competition_or_disagreement
aruco:942,aruco,942,2026-07-22,2026-07-22,1,2026-07-22,2026-07-22[bee-29],1,manual_confirmed,confirmed,decoder_competition_or_disagreement
aruco:943,aruco,943,2026-07-22,2026-07-22,1,2026-07-22,2026-07-22[bee-3],1,manual_confirmed,confirmed,decoder_competition_or_disagreement
aruco:944,aruco,944,2026-07-14,2026-07-14,1,2026-07-14,2026-07-14[bee-29],1,manual_confirmed,confirmed,decoder_competition_or_disagreement
aruco:946,aruco,946,2026-07-22,2026-07-22,1,2026-07-22,2026-07-22[bee-26],1,manual_confirmed,confirmed,decoder_competition_or_disagreement
aruco:947,aruco,947,2026-07-15,2026-07-15,1,2026-07-15,2026-07-15[bee-30],2,manual_confirmed,confirmed,decoder_competition_or_disagreement
aruco:948,aruco,948,2026-07-21,2026-07-22,2,2026-07-21;2026-07-22,2026-07-21[bee-12];2026-07-22[bee-14],3,manual_confirmed,confirmed,decoder_competition_or_disagreement
aruco:949,aruco,949,2026-07-14,2026-07-14,1,2026-07-14,2026-07-14[bee-25],2,manual_confirmed,confirmed,decoder_competition_or_disagreement;decoder_did_not_confirm_all_images
aruco:95,aruco,95,2026-05-21,2026-05-21,1,2026-05-21,2026-05-21[bee-7],2,manual_confirmed,confirmed,decoder_competition_or_disagreement;decoder_did_not_confirm_all_images
aruco:950,aruco,950,2026-07-21,2026-07-21,1,2026-07-21,2026-07-21[bee-15],2,manual_confirmed,confirmed,decoder_did_not_confirm_all_images
aruco:951,aruco,951,2026-07-22,2026-07-22,1,2026-07-22,2026-07-22[bee-7],1,manual_confirmed,confirmed,decoder_competition_or_disagreement
aruco:954,aruco,954,2026-07-21,2026-07-28,2,2026-07-21;2026-07-28,2026-07-21[bee-29];2026-07-28[bee-14],3,manual_confirmed,confirmed,decoder_competition_or_disagreement
aruco:955,aruco,955,2026-07-14,2026-07-14,1,2026-07-14,2026-07-14[bee-44],1,manual_confirmed,confirmed,decoder_competition_or_disagreement
aruco:956,aruco,956,2026-07-14,2026-07-14,1,2026-07-14,2026-07-14[bee-49],2,manual_confirmed,confirmed,decoder_competition_or_disagreement;decoder_did_not_confirm_all_images
aruco:957,aruco,957,2026-07-21,2026-07-28,2,2026-07-21;2026-07-28,2026-07-21[bee-24];2026-07-28[bee-16],3,manual_confirmed,confirmed,decoder_competition_or_disagreement;decoder_did_not_confirm_all_images
aruco:958,aruco,958,2026-07-21,2026-07-28,3,2026-07-21;2026-07-27;2026-07-28,2026-07-21[bee-17];2026-07-27[bee-1];2026-07-28[bee-13],3,manual_confirmed,confirmed,decoder_competition_or_disagreement
aruco:959,aruco,959,2026-07-15,2026-07-15,1,2026-07-15,2026-07-15[bee-4],2,manual_confirmed,confirmed,decoder_competition_or_disagreement
aruco:96,aruco,96,2026-05-21,2026-05-21,1,2026-05-21,2026-05-21[bee-2],2,manual_confirmed,confirmed,decoder_competition_or_disagreement
aruco:960,aruco,960,2026-07-14,2026-07-14,1,2026-07-14,2026-07-14[bee-41],1,manual_confirmed,confirmed,decoder_competition_or_disagreement
aruco:961,aruco,961,2026-07-14,2026-07-14,1,2026-07-14,2026-07-14[bee-45],1,manual_confirmed,confirmed,
aruco:962,aruco,962,2026-07-14,2026-07-22,2,2026-07-14;2026-07-22,2026-07-14[bee-5];2026-07-22[bee-31],2,manual_confirmed,confirmed,decoder_did_not_confirm_all_images
aruco:963,aruco,963,2026-07-21,2026-07-21,1,2026-07-21,2026-07-21[bee-25],2,manual_confirmed,confirmed,decoder_competition_or_disagreement
aruco:964,aruco,964,2026-07-21,2026-07-21,1,2026-07-21,2026-07-21[bee-22],1,manual_confirmed,confirmed,decoder_competition_or_disagreement
aruco:966,aruco,966,2026-07-21,2026-07-27,2,2026-07-21;2026-07-27,2026-07-21[bee-7];2026-07-27[bee-12],3,manual_confirmed,confirmed,decoder_competition_or_disagreement
aruco:967,aruco,967,2026-07-22,2026-07-22,1,2026-07-22,2026-07-22[bee-25],2,manual_confirmed,confirmed,decoder_competition_or_disagreement;decoder_did_not_confirm_all_images
aruco:968,aruco,968,2026-07-14,2026-07-14,1,2026-07-14,2026-07-14[bee-38],1,manual_confirmed,confirmed,decoder_did_not_confirm_all_images
aruco:969,aruco,969,2026-07-22,2026-07-22,1,2026-07-22,2026-07-22[bee-9],1,manual_confirmed,confirmed,decoder_competition_or_disagreement
aruco:97,aruco,97,2026-05-28,2026-06-10,2,2026-05-28;2026-06-10,2026-05-28[bee-28];2026-06-10[bee-33],2,manual_confirmed,confirmed,decoder_competition_or_disagreement
aruco:971,aruco,971,2026-07-14,2026-07-14,1,2026-07-14,2026-07-14[bee-6],1,manual_confirmed,confirmed,decoder_competition_or_disagreement
aruco:972,aruco,972,2026-07-14,2026-07-14,1,2026-07-14,2026-07-14[bee-27],1,manual_confirmed,confirmed,decoder_competition_or_disagreement
aruco:973,aruco,973,2026-07-21,2026-07-21,1,2026-07-21,2026-07-21[bee-9],1,manual_confirmed,confirmed,decoder_competition_or_disagreement
aruco:974,aruco,974,2026-07-14,2026-07-14,1,2026-07-14,2026-07-14[bee-40],1,manual_confirmed,confirmed,decoder_competition_or_disagreement
aruco:975,aruco,975,2026-07-15,2026-07-15,1,2026-07-15,2026-07-15[bee-10],2,manual_confirmed,confirmed,decoder_competition_or_disagreement
aruco:976,aruco,976,2026-07-14,2026-07-14,1,2026-07-14,2026-07-14[bee-52],1,manual_confirmed,confirmed,decoder_competition_or_disagreement
aruco:977,aruco,977,2026-07-21,2026-07-21,1,2026-07-21,2026-07-21[bee-13],2,manual_confirmed,confirmed,decoder_competition_or_disagreement;decoder_did_not_confirm_all_images
aruco:978,aruco,978,2026-07-21,2026-07-21,1,2026-07-21,2026-07-21[bee-26],2,manual_confirmed,confirmed,decoder_competition_or_disagreement
aruco:979,aruco,979,2026-07-14,2026-07-14,1,2026-07-14,2026-07-14[bee-1],1,manual_confirmed,confirmed,
aruco:98,aruco,98,2026-05-28,2026-05-28,1,2026-05-28,2026-05-28[bee-30],1,manual_confirmed,confirmed,decoder_competition_or_disagreement
aruco:980,aruco,980,2026-07-22,2026-07-22,1,2026-07-22,2026-07-22[bee-18],1,manual_confirmed,confirmed,decoder_competition_or_disagreement
aruco:981,aruco,981,2026-07-21,2026-07-21,1,2026-07-21,2026-07-21[bee-20],2,manual_confirmed,confirmed,decoder_did_not_confirm_all_images
aruco:982,aruco,982,2026-07-21,2026-07-21,1,2026-07-21,2026-07-21[bee-16],2,manual_confirmed,confirmed,decoder_competition_or_disagreement
aruco:983,aruco,983,2026-07-21,2026-07-28,2,2026-07-21;2026-07-28,2026-07-21[bee-27];2026-07-28[bee-15],3,manual_confirmed,confirmed,decoder_competition_or_disagreement;decoder_did_not_confirm_all_images
aruco:984,aruco,984,2026-07-21,2026-07-21,1,2026-07-21,2026-07-21[bee-18],1,manual_confirmed,confirmed,decoder_competition_or_disagreement
aruco:985,aruco,985,2026-07-22,2026-07-22,1,2026-07-22,2026-07-22[bee-24],1,manual_confirmed,confirmed,decoder_competition_or_disagreement
aruco:986,aruco,986,2026-07-14,2026-07-14,1,2026-07-14,2026-07-14[bee-20],1,manual_confirmed,confirmed,decoder_competition_or_disagreement
aruco:987,aruco,987,2026-07-15,2026-07-15,1,2026-07-15,2026-07-15[bee-15],2,manual_confirmed,confirmed,decoder_did_not_confirm_all_images
aruco:988,aruco,988,2026-07-14,2026-07-22,3,2026-07-14;2026-07-21;2026-07-22,2026-07-14[bee-53];2026-07-21[bee-4];2026-07-22[bee-15],4,manual_confirmed,confirmed,decoder_competition_or_disagreement
aruco:989,aruco,989,2026-07-14,2026-07-14,1,2026-07-14,2026-07-14[bee-51],1,manual_confirmed,confirmed,decoder_did_not_confirm_all_images
aruco:99,aruco,99,2026-05-21,2026-05-21,1,2026-05-21,2026-05-21[bee-26],1,manual_confirmed,confirmed,decoder_competition_or_disagreement
aruco:990,aruco,990,2026-07-22,2026-07-22,1,2026-07-22,2026-07-22[bee-28],2,manual_confirmed,confirmed,decoder_did_not_confirm_all_images
aruco:992,aruco,992,2026-07-22,2026-07-27,2,2026-07-22;2026-07-27,2026-07-22[bee-23];2026-07-27[bee-16],2,manual_confirmed,confirmed,decoder_competition_or_disagreement
aruco:993,aruco,993,2026-07-14,2026-07-14,1,2026-07-14,2026-07-14[bee-48],1,filename_assignment_unconfirmed,unreadable,decoder_did_not_confirm_all_images
aruco:994,aruco,994,2026-07-14,2026-07-15,2,2026-07-14;2026-07-15,2026-07-14[bee-46];2026-07-15[bee-27],3,manual_confirmed,confirmed,decoder_competition_or_disagreement;decoder_did_not_confirm_all_images
aruco:995,aruco,995,2026-07-21,2026-07-27,3,2026-07-21;2026-07-22;2026-07-27,2026-07-21[bee-30];2026-07-22[bee-8];2026-07-27[bee-17],4,manual_confirmed,confirmed,decoder_competition_or_disagreement;decoder_did_not_confirm_all_images
aruco:998,aruco,998,2026-07-14,2026-07-14,1,2026-07-14,2026-07-14[bee-26],1,manual_confirmed,confirmed,decoder_did_not_confirm_all_images
n8tag:1,n8tag,1,2026-07-27,2026-07-27,1,2026-07-27,2026-07-27[bee-11],1,decoder_supported,,
n8tag:10,n8tag,10,2026-07-27,2026-07-27,1,2026-07-27,2026-07-27[bee-10],2,decoder_supported,,decoder_did_not_confirm_all_images
n8tag:11,n8tag,11,2026-07-28,2026-07-28,1,2026-07-28,2026-07-28[bee-3],2,decoder_supported,,decoder_did_not_confirm_all_images
n8tag:14,n8tag,14,2026-07-28,2026-07-28,1,2026-07-28,2026-07-28[bee-4],1,filename_assignment_unconfirmed,,decoder_competition_or_disagreement
n8tag:16,n8tag,16,2026-07-28,2026-07-28,1,2026-07-28,2026-07-28[bee-23],2,manual_confirmed,confirmed,decoder_competition_or_disagreement;decoder_did_not_confirm_all_images
n8tag:17,n8tag,17,2026-07-28,2026-07-28,1,2026-07-28,2026-07-28[bee-18],2,filename_assignment_unconfirmed,,decoder_did_not_confirm_all_images
n8tag:20,n8tag,20,2026-07-27,2026-07-27,1,2026-07-27,2026-07-27[bee-3],2,filename_assignment_unconfirmed,,decoder_did_not_confirm_all_images
n8tag:22,n8tag,22,2026-07-28,2026-07-28,1,2026-07-28,2026-07-28[bee-12],1,filename_assignment_unconfirmed,,decoder_did_not_confirm_all_images
n8tag:23,n8tag,23,2026-07-27,2026-07-27,1,2026-07-27,2026-07-27[bee-6],2,filename_assignment_unconfirmed,,decoder_did_not_confirm_all_images
n8tag:24,n8tag,24,2026-07-28,2026-07-28,1,2026-07-28,2026-07-28[bee-7],1,decoder_supported,,
n8tag:25,n8tag,25,2026-07-28,2026-07-28,1,2026-07-28,2026-07-28[bee-17],1,decoder_supported,,
n8tag:26,n8tag,26,2026-07-28,2026-07-28,1,2026-07-28,2026-07-28[bee-19],1,decoder_supported,,
n8tag:28,n8tag,28,2026-07-28,2026-07-28,1,2026-07-28,2026-07-28[bee-20],1,filename_assignment_unconfirmed,,decoder_did_not_confirm_all_images
n8tag:3,n8tag,3,2026-07-28,2026-07-28,1,2026-07-28,2026-07-28[bee-22],1,decoder_supported,,
n8tag:30,n8tag,30,2026-07-28,2026-07-28,1,2026-07-28,2026-07-28[bee-1],2,decoder_supported,,decoder_competition_or_disagreement
n8tag:31,n8tag,31,2026-07-28,2026-07-28,1,2026-07-28,2026-07-28[bee-11],1,decoder_supported,,
n8tag:32,n8tag,32,2026-07-27,2026-07-27,1,2026-07-27,2026-07-27[bee-13],1,filename_assignment_unconfirmed,,decoder_did_not_confirm_all_images
n8tag:33,n8tag,33,2026-07-28,2026-07-28,1,2026-07-28,2026-07-28[bee-5],2,filename_assignment_unconfirmed,,decoder_did_not_confirm_all_images
n8tag:35,n8tag,35,2026-07-27,2026-07-27,1,2026-07-27,2026-07-27[bee-8],2,filename_assignment_unconfirmed,,decoder_competition_or_disagreement
n8tag:36,n8tag,36,2026-07-27,2026-07-27,1,2026-07-27,2026-07-27[bee-2],1,filename_assignment_unconfirmed,,decoder_did_not_confirm_all_images
n8tag:37,n8tag,37,2026-07-27,2026-07-27,1,2026-07-27,2026-07-27[bee-14],1,filename_assignment_unconfirmed,,decoder_did_not_confirm_all_images
n8tag:38,n8tag,38,2026-07-28,2026-07-28,1,2026-07-28,2026-07-28[bee-2],2,filename_assignment_unconfirmed,,decoder_did_not_confirm_all_images
n8tag:39,n8tag,39,2026-07-27,2026-07-27,1,2026-07-27,2026-07-27[bee-9],2,decoder_supported,,decoder_did_not_confirm_all_images
n8tag:4,n8tag,4,2026-07-28,2026-07-28,1,2026-07-28,2026-07-28[bee-9],1,decoder_supported,,
n8tag:5,n8tag,5,2026-07-28,2026-07-28,1,2026-07-28,2026-07-28[bee-10],1,decoder_supported,,
n8tag:6,n8tag,6,2026-07-28,2026-07-28,1,2026-07-28,2026-07-28[bee-8],1,decoder_supported,,
n8tag:8,n8tag,8,2026-07-28,2026-07-28,1,2026-07-28,2026-07-28[bee-6],1,decoder_supported,,
n8tag:9,n8tag,9,2026-07-28,2026-07-28,1,2026-07-28,2026-07-28[bee-21],1,filename_assignment_unconfirmed,,decoder_did_not_confirm_all_images
