image_id,image_file,image_available,capture_date,bee_number,angle_number,tag_type,tag_id,declared_key,image_status,observed_ids,appearance_id,reviewed_tag,review_status,review_note,domain_status,analysis_included
ba297edb6e358530e74e,ba297edb6e358530e74e.webp,true,2026-05-02,1,1,aruco,70,aruco:70,decoder_conflict,[3619],2026-05-02/bee-1,aruco:70,confirmed,,in_domain,true
31a51eddee0d373510ea,31a51eddee0d373510ea.webp,true,2026-05-02,2,1,aruco,258,aruco:258,decoder_no_confirmation,[],2026-05-02/bee-2,aruco:258,confirmed,,in_domain,true
052cad7729409142a6e6,052cad7729409142a6e6.webp,true,2026-05-02,2,2,aruco,258,aruco:258,decoder_no_confirmation,[],2026-05-02/bee-2,aruco:258,confirmed,,in_domain,true
23035f865a231c727c7c,23035f865a231c727c7c.webp,true,2026-05-02,3,1,aruco,206,aruco:206,decoder_confirmed_with_competing_ids,"[206, 2263]",2026-05-02/bee-3,aruco:206,confirmed,,in_domain,true
7a33bbe22cd30b32c61e,7a33bbe22cd30b32c61e.webp,true,2026-05-02,4,1,aruco,213,aruco:213,decoder_confirmed_with_competing_ids,"[213, 2197]",2026-05-02/bee-4,aruco:213,confirmed,,in_domain,true
aba54ee85109ad46285d,aba54ee85109ad46285d.webp,true,2026-05-02,5,1,aruco,240,aruco:240,decoder_conflict,[3369],2026-05-02/bee-5,aruco:240,confirmed,,in_domain,true
9183a7fb067a393c0df4,9183a7fb067a393c0df4.webp,true,2026-05-02,6,1,aruco,205,aruco:205,decoder_conflict,[3619],2026-05-02/bee-6,aruco:205,confirmed,,in_domain,true
9c63b46c51cbdc8e30eb,9c63b46c51cbdc8e30eb.webp,true,2026-05-02,7,1,aruco,251,aruco:251,decoder_conflict,[106],2026-05-02/bee-7,aruco:251,confirmed,,in_domain,true
0d6dc85279c83efe20b3,0d6dc85279c83efe20b3.webp,true,2026-05-02,8,1,aruco,2219,aruco:2219,decoder_confirmed,[2219],2026-05-02/bee-8,aruco:145,confirmed,,in_domain,true
d8f9c4b26ec725a52557,d8f9c4b26ec725a52557.webp,true,2026-05-02,9,1,aruco,,,decoder_found_id,[3439],2026-05-02/bee-9,aruco:158,confirmed,,in_domain,true
ff54337e3c6281d59f96,ff54337e3c6281d59f96.webp,true,2026-05-02,10,1,aruco,,,no_tag_decoded,[],2026-05-02/bee-10,aruco:180,confirmed,,in_domain,true
43424dd6a753b52774b9,43424dd6a753b52774b9.webp,true,2026-05-02,11,1,aruco,257,aruco:257,decoder_conflict,"[336, 3619]",2026-05-02/bee-11,aruco:257,confirmed,,in_domain,true
ff13327f0dbde784508b,ff13327f0dbde784508b.webp,true,2026-05-02,12,1,aruco,244,aruco:244,decoder_conflict,[3619],2026-05-02/bee-12,aruco:244,confirmed,,in_domain,true
1bd0811c0bf79c084881,1bd0811c0bf79c084881.webp,true,2026-05-02,13,1,aruco,263,aruco:263,decoder_confirmed,[263],2026-05-02/bee-13,aruco:263,confirmed,,in_domain,true
a7c45141a21da99166d0,a7c45141a21da99166d0.webp,true,2026-05-02,13,2,aruco,263,aruco:263,decoder_no_confirmation,[],2026-05-02/bee-13,aruco:263,confirmed,,in_domain,true
c671b7f29d3eb848d6a9,c671b7f29d3eb848d6a9.webp,true,2026-05-02,14,1,aruco,248,aruco:248,decoder_no_confirmation,[],2026-05-02/bee-14,aruco:248,confirmed,,in_domain,true
3779f9c3075f648e473b,3779f9c3075f648e473b.webp,true,2026-05-02,15,1,aruco,,,decoder_found_id,[3619],2026-05-02/bee-15,,dorsal,,in_domain,true
44faabb4cfd5eb5ec076,44faabb4cfd5eb5ec076.webp,true,2026-05-02,16,1,aruco,228,aruco:228,decoder_no_confirmation,[],2026-05-02/bee-16,aruco:228,confirmed,,in_domain,true
c7731500452299ff2ace,c7731500452299ff2ace.webp,true,2026-05-02,17,1,aruco,,,decoder_found_id,[792],2026-05-02/bee-17,aruco:224,confirmed,,in_domain,true
32512d1d05cf070405a4,32512d1d05cf070405a4.webp,true,2026-05-02,17,2,aruco,,,no_tag_decoded,[],2026-05-02/bee-17,aruco:224,confirmed,,in_domain,true
dae5a1da76a75c2870b8,dae5a1da76a75c2870b8.webp,true,2026-05-02,18,1,aruco,,,decoder_found_id,[2354],2026-05-02/bee-18,aruco:245,confirmed,,in_domain,true
86ecd98bade79d53b866,86ecd98bade79d53b866.webp,true,2026-05-02,18,2,aruco,,,no_tag_decoded,[],2026-05-02/bee-18,aruco:245,confirmed,,in_domain,true
dfe620972fafda95d9ec,dfe620972fafda95d9ec.webp,true,2026-05-02,19,1,aruco,,,no_tag_decoded,[],2026-05-02/bee-19,aruco:226,confirmed,,in_domain,true
f4d35dacf290e729aa29,f4d35dacf290e729aa29.webp,true,2026-05-02,20,1,aruco,220,aruco:220,decoder_conflict,[3252],2026-05-02/bee-20,aruco:220,confirmed,,in_domain,true
7d725ee06ce88a1e688b,7d725ee06ce88a1e688b.webp,true,2026-05-02,21,1,aruco,,,decoder_found_id,[2219],2026-05-02/bee-21,aruco:207,confirmed,,in_domain,true
c0e2c6b5b3d3b2458f5b,c0e2c6b5b3d3b2458f5b.webp,true,2026-05-02,21,2,aruco,,,no_tag_decoded,[],2026-05-02/bee-21,aruco:207,confirmed,,in_domain,true
19f4f376375695bbc6b8,19f4f376375695bbc6b8.webp,true,2026-05-02,22,1,aruco,231,aruco:231,decoder_confirmed,[231],2026-05-02/bee-22,aruco:231,confirmed,,in_domain,true
969fcde9251e867165e2,969fcde9251e867165e2.webp,true,2026-05-02,23,1,aruco,210,aruco:210,decoder_confirmed,[210],2026-05-02/bee-23,aruco:210,confirmed,,in_domain,true
5baa87568a30dfe7dc3b,5baa87568a30dfe7dc3b.webp,true,2026-05-02,24,1,aruco,247,aruco:247,decoder_confirmed,[247],2026-05-02/bee-24,aruco:247,confirmed,,in_domain,true
a8a0ca756f6aea5d248d,a8a0ca756f6aea5d248d.webp,true,2026-05-02,25,1,aruco,,,no_tag_decoded,[],2026-05-02/bee-25,aruco:144,confirmed,,in_domain,true
97c91a726ae350b85d36,97c91a726ae350b85d36.webp,true,2026-05-02,26,1,aruco,225,aruco:225,decoder_conflict,[3294],2026-05-02/bee-26,aruco:225,confirmed,,in_domain,true
5dc9e7e47d058cc48385,5dc9e7e47d058cc48385.webp,true,2026-05-02,27,1,aruco,,,decoder_found_id,[2354],2026-05-02/bee-27,aruco:211,confirmed,,in_domain,true
ff9c65f356ad6ccec62b,ff9c65f356ad6ccec62b.webp,true,2026-05-02,28,1,aruco,4,aruco:4,decoder_conflict,[109],2026-05-02/bee-28,aruco:4,confirmed,,in_domain,true
e2d37ae92435c6b53522,e2d37ae92435c6b53522.webp,true,2026-05-02,29,1,aruco,227,aruco:227,decoder_conflict,[2219],2026-05-02/bee-29,aruco:227,confirmed,,in_domain,true
0ffe1f63a09ab004ded4,0ffe1f63a09ab004ded4.webp,true,2026-05-02,30,1,aruco,37,aruco:37,decoder_conflict,[944],2026-05-02/bee-30,aruco:37,confirmed,,in_domain,true
b8737f988263a780a555,b8737f988263a780a555.webp,true,2026-05-02,31,1,aruco,252,aruco:252,decoder_conflict,"[1824, 2197]",2026-05-02/bee-31,aruco:252,confirmed,,in_domain,true
6f7744d6020863a8c81f,6f7744d6020863a8c81f.webp,true,2026-05-02,32,1,aruco,253,aruco:253,decoder_conflict,"[666, 2126, 3619]",2026-05-02/bee-32,aruco:253,confirmed,,in_domain,true
b72daa4be512f8978c03,b72daa4be512f8978c03.webp,true,2026-05-02,33,1,aruco,,,decoder_found_id,[2197],2026-05-02/bee-33,aruco:139,confirmed,,in_domain,true
1f11f38d64faff89d143,1f11f38d64faff89d143.webp,true,2026-05-08,1,1,aruco,0,aruco:0,decoder_no_confirmation,[],2026-05-08/bee-1,,,,outside_domain,false
7514a53d74d11cf7b02f,7514a53d74d11cf7b02f.webp,true,2026-05-08,2,1,aruco,0,aruco:0,decoder_confirmed,[0],2026-05-08/bee-2,,,,outside_domain,false
545914f09c949b8355d3,545914f09c949b8355d3.webp,true,2026-05-08,3,1,aruco,3952,aruco:3952,decoder_confirmed,[3952],2026-05-08/bee-3,,,,outside_domain,false
63879877a162c71b0565,63879877a162c71b0565.webp,true,2026-05-10,1,1,aruco,2219,aruco:2219,decoder_no_confirmation,[],2026-05-10/bee-1,,,,outside_domain,false
587ea0545be184aaad41,587ea0545be184aaad41.webp,true,2026-05-10,2,1,aruco,,,no_tag_decoded,[],2026-05-10/bee-2,,,,outside_domain,false
c77871255da15bfab3c9,c77871255da15bfab3c9.webp,true,2026-05-10,3,1,aruco,2226,aruco:2226,decoder_no_confirmation,[],2026-05-10/bee-3,,,,outside_domain,false
b30f3434bba45b40eae5,b30f3434bba45b40eae5.webp,true,2026-05-10,4,1,aruco,,,no_tag_decoded,[],2026-05-10/bee-4,,,,outside_domain,false
3e06d238cd3e09ce6b41,3e06d238cd3e09ce6b41.webp,true,2026-05-10,5,1,aruco,2226,aruco:2226,decoder_no_confirmation,[],2026-05-10/bee-5,,,,outside_domain,false
6b46b0c417e2a852ba17,6b46b0c417e2a852ba17.webp,true,2026-05-13,1,1,aruco,4,aruco:4,decoder_conflict,[612],2026-05-13/bee-1,,,,outside_domain,false
9432d038f40a19c62993,9432d038f40a19c62993.webp,true,2026-05-13,1,2,aruco,4,aruco:4,decoder_conflict,"[2219, 2219]",2026-05-13/bee-1,,,,outside_domain,false
f8378d8fcc895e6322a3,f8378d8fcc895e6322a3.webp,true,2026-05-21,1,1,aruco,104,aruco:104,decoder_confirmed_with_competing_ids,"[104, 2219]",2026-05-21/bee-1,aruco:104,confirmed,,in_domain,true
6b1e0eb638382fa70c79,6b1e0eb638382fa70c79.webp,true,2026-05-21,1,2,aruco,104,aruco:104,decoder_confirmed,[104],2026-05-21/bee-1,aruco:104,confirmed,,in_domain,true
58e2eab771b034013edc,58e2eab771b034013edc.webp,true,2026-05-21,2,1,aruco,,,decoder_found_id,"[1511, 2217, 2219]",2026-05-21/bee-2,aruco:96,confirmed,,in_domain,true
3760515ad51279b4179e,3760515ad51279b4179e.webp,true,2026-05-21,2,2,aruco,,,decoder_found_id,[1476],2026-05-21/bee-2,aruco:96,confirmed,,in_domain,true
b3bdb4360437561c7d69,b3bdb4360437561c7d69.webp,true,2026-05-21,3,1,aruco,121,aruco:121,decoder_no_confirmation,[],2026-05-21/bee-3,aruco:121,confirmed,,in_domain,true
384f8881874f86cee57d,384f8881874f86cee57d.webp,true,2026-05-21,3,2,aruco,121,aruco:121,decoder_conflict,[2219],2026-05-21/bee-3,aruco:121,confirmed,,in_domain,true
ea144a1bd7d97d5d2588,ea144a1bd7d97d5d2588.webp,true,2026-05-21,4,1,aruco,80,aruco:80,decoder_confirmed,[80],2026-05-21/bee-4,aruco:80,confirmed,,in_domain,true
20dc951f246c5ff1c9a5,20dc951f246c5ff1c9a5.webp,true,2026-05-21,4,2,aruco,80,aruco:80,decoder_conflict,[656],2026-05-21/bee-4,aruco:80,confirmed,,in_domain,true
fe44f4ce488d3981a4f1,fe44f4ce488d3981a4f1.webp,true,2026-05-21,5,1,aruco,79,aruco:79,decoder_confirmed,[79],2026-05-21/bee-5,aruco:79,confirmed,,in_domain,true
32db7f71b363f9867540,32db7f71b363f9867540.webp,true,2026-05-21,5,2,aruco,79,aruco:79,decoder_no_confirmation,[],2026-05-21/bee-5,aruco:79,confirmed,,in_domain,true
ac737375b13dc49760e3,ac737375b13dc49760e3.webp,true,2026-05-21,6,1,aruco,3619,aruco:3619,decoder_confirmed,[3619],2026-05-21/bee-6,aruco:129,confirmed,,in_domain,true
cd2e6fe73117931bf940,cd2e6fe73117931bf940.webp,true,2026-05-21,6,2,aruco,3619,aruco:3619,decoder_no_confirmation,[],2026-05-21/bee-6,aruco:129,confirmed,,in_domain,true
487dc149acfa44aed6a8,487dc149acfa44aed6a8.webp,true,2026-05-21,7,1,aruco,95,aruco:95,decoder_no_confirmation,[],2026-05-21/bee-7,aruco:95,confirmed,,in_domain,true
84f15bc2d4e4fe273a0b,84f15bc2d4e4fe273a0b.webp,true,2026-05-21,7,2,aruco,95,aruco:95,decoder_conflict,[1370],2026-05-21/bee-7,aruco:95,confirmed,,in_domain,true
8ec4926e08d4642029fd,8ec4926e08d4642029fd.webp,true,2026-05-21,8,1,aruco,85,aruco:85,decoder_conflict,[3619],2026-05-21/bee-8,aruco:85,confirmed,,in_domain,true
35cf6474e28b3da2a2f4,35cf6474e28b3da2a2f4.webp,true,2026-05-21,8,2,aruco,85,aruco:85,decoder_no_confirmation,[],2026-05-21/bee-8,aruco:85,confirmed,,in_domain,true
0d043b225d55872f8450,0d043b225d55872f8450.webp,true,2026-05-21,9,1,aruco,3294,aruco:3294,decoder_conflict,[322],2026-05-21/bee-9,aruco:100,confirmed,,in_domain,true
d2ade8e5fdc77442f8d3,d2ade8e5fdc77442f8d3.webp,true,2026-05-21,9,2,aruco,3294,aruco:3294,decoder_conflict,"[190, 3619]",2026-05-21/bee-9,aruco:100,confirmed,,in_domain,true
c79fd167816e9d2f894b,c79fd167816e9d2f894b.webp,true,2026-05-21,10,1,aruco,100,aruco:100,decoder_conflict,"[3619, 3619]",2026-05-21/bee-10,aruco:100,confirmed,,in_domain,true
c119dcd8cdfad993827f,c119dcd8cdfad993827f.webp,true,2026-05-21,11,1,aruco,90,aruco:90,decoder_conflict,[3689],2026-05-21/bee-11,aruco:90,confirmed,,in_domain,true
22923c9a750ce7613bb9,22923c9a750ce7613bb9.webp,true,2026-05-21,11,2,aruco,90,aruco:90,decoder_conflict,"[2219, 2354, 3294]",2026-05-21/bee-11,aruco:90,confirmed,,in_domain,true
92e42699c5f42a2cdea2,92e42699c5f42a2cdea2.webp,true,2026-05-21,12,1,aruco,103,aruco:103,decoder_conflict,[2219],2026-05-21/bee-12,aruco:103,confirmed,,in_domain,true
8c7c997b6305113c6bb6,8c7c997b6305113c6bb6.webp,true,2026-05-21,13,1,aruco,,,decoder_found_id,[2255],2026-05-21/bee-13,aruco:105,confirmed,,in_domain,true
483f06aabe7aaea91404,483f06aabe7aaea91404.webp,true,2026-05-21,14,1,aruco,,,decoder_found_id,[37],2026-05-21/bee-14,aruco:115,confirmed,,in_domain,true
08a6dadcdb69aa01a05d,08a6dadcdb69aa01a05d.webp,true,2026-05-21,15,1,aruco,,,decoder_found_id,[2219],2026-05-21/bee-15,aruco:113,confirmed,,in_domain,true
338f8728e6711131e049,338f8728e6711131e049.webp,true,2026-05-21,16,1,aruco,,,decoder_found_id,"[1914, 2219]",2026-05-21/bee-16,aruco:119,confirmed,,in_domain,true
0ed907efce2858ba23f6,0ed907efce2858ba23f6.webp,true,2026-05-21,16,2,aruco,,,no_tag_decoded,[],2026-05-21/bee-16,aruco:119,confirmed,,in_domain,true
dac9b5a2bb79aa865ad5,dac9b5a2bb79aa865ad5.webp,true,2026-05-21,17,1,aruco,116,aruco:116,decoder_confirmed,[116],2026-05-21/bee-17,aruco:116,confirmed,,in_domain,true
79cc05768675a2f040b6,79cc05768675a2f040b6.webp,true,2026-05-21,17,2,aruco,116,aruco:116,decoder_confirmed,[116],2026-05-21/bee-17,aruco:116,confirmed,,in_domain,true
8cdea67240b458b17112,8cdea67240b458b17112.webp,true,2026-05-21,18,1,aruco,,,no_tag_decoded,[],2026-05-21/bee-18,aruco:110,confirmed,,in_domain,true
cee55e43662218ae6489,cee55e43662218ae6489.webp,true,2026-05-21,18,2,aruco,,,decoder_found_id,"[190, 2219, 3456]",2026-05-21/bee-18,aruco:110,confirmed,,in_domain,true
add401c6b6ed83313372,add401c6b6ed83313372.webp,true,2026-05-21,19,1,aruco,,,decoder_found_id,[2219],2026-05-21/bee-19,aruco:133,confirmed,,in_domain,true
4bbca42fede1b09e8c1b,4bbca42fede1b09e8c1b.webp,true,2026-05-21,20,1,aruco,,,decoder_found_id,"[2013, 3619]",2026-05-21/bee-20,aruco:89,confirmed,,in_domain,true
68820aab2ffbd50f7a0a,68820aab2ffbd50f7a0a.webp,true,2026-05-21,21,1,aruco,73,aruco:73,decoder_no_confirmation,[],2026-05-21/bee-21,aruco:73,confirmed,,in_domain,true
a01b6475c925d318f7fd,a01b6475c925d318f7fd.webp,true,2026-05-21,22,1,aruco,120,aruco:120,decoder_confirmed_with_competing_ids,"[120, 1199]",2026-05-21/bee-22,aruco:120,confirmed,,in_domain,true
76f212e36bb275fa888b,76f212e36bb275fa888b.webp,true,2026-05-21,22,2,aruco,120,aruco:120,decoder_conflict,[106],2026-05-21/bee-22,aruco:120,confirmed,,in_domain,true
47aa156b53cc7325449a,47aa156b53cc7325449a.webp,true,2026-05-21,23,1,aruco,,,decoder_found_id,"[131, 3619]",2026-05-21/bee-23,aruco:131,confirmed,,in_domain,true
e437876d88653fa9015f,e437876d88653fa9015f.webp,true,2026-05-21,23,2,aruco,,,decoder_found_id,[2219],2026-05-21/bee-23,aruco:131,confirmed,,in_domain,true
b442a749627d9758ffac,b442a749627d9758ffac.webp,true,2026-05-21,24,1,aruco,130,aruco:130,decoder_conflict,"[2197, 3619]",2026-05-21/bee-24,aruco:130,confirmed,,in_domain,true
5370a0ff6fa345a53fd7,5370a0ff6fa345a53fd7.webp,true,2026-05-21,25,1,aruco,,,decoder_found_id,[2219],2026-05-21/bee-25,aruco:88,confirmed,,in_domain,true
8dd1f8642bedc9faf56a,8dd1f8642bedc9faf56a.webp,true,2026-05-21,25,2,aruco,,,decoder_found_id,"[456, 2598]",2026-05-21/bee-25,aruco:88,confirmed,,in_domain,true
468fd5ea0fa3aa806aa2,468fd5ea0fa3aa806aa2.webp,true,2026-05-21,26,1,aruco,,,decoder_found_id,[3252],2026-05-21/bee-26,aruco:99,confirmed,,in_domain,true
0f430c6a69088c50cf19,0f430c6a69088c50cf19.webp,true,2026-05-21,27,1,aruco,,,decoder_found_id,[127],2026-05-21/bee-27,aruco:127,confirmed,,in_domain,true
e83781e121a62fba6ed1,e83781e121a62fba6ed1.webp,true,2026-05-21,28,1,aruco,109,aruco:109,decoder_conflict,[2219],2026-05-21/bee-28,aruco:122,confirmed,,in_domain,true
92640488d6000e9399a4,92640488d6000e9399a4.webp,true,2026-05-21,29,1,aruco,,,decoder_found_id,"[1221, 2058]",2026-05-21/bee-29,aruco:71,confirmed,,in_domain,true
70b143a5b6497c0be73f,70b143a5b6497c0be73f.webp,true,2026-05-21,30,1,aruco,,,no_tag_decoded,[],2026-05-21/bee-30,aruco:109,confirmed,,in_domain,true
6589bbf37c28192f394a,6589bbf37c28192f394a.webp,true,2026-05-21,30,2,aruco,,,no_tag_decoded,[],2026-05-21/bee-30,aruco:109,confirmed,,in_domain,true
e5bccbe7db1c85cfca03,e5bccbe7db1c85cfca03.webp,true,2026-05-21,31,1,aruco,83,aruco:83,decoder_conflict,[2788],2026-05-21/bee-31,aruco:83,confirmed,,in_domain,true
04a5537e569db1bb6a9e,04a5537e569db1bb6a9e.webp,true,2026-05-21,32,1,aruco,,,decoder_found_id,[2147],2026-05-21/bee-32,aruco:91,confirmed,,in_domain,true
422149312b56a04bd284,422149312b56a04bd284.webp,true,2026-05-21,33,1,aruco,458,aruco:458,decoder_conflict,[3619],2026-05-21/bee-33,,,,outside_domain,false
ba52e5a07fd5e2bcdc6a,ba52e5a07fd5e2bcdc6a.webp,true,2026-05-21,34,1,aruco,3619,aruco:3619,decoder_conflict,[190],2026-05-21/bee-34,aruco:112,confirmed,,in_domain,true
c21d72e5c1c29f34f991,c21d72e5c1c29f34f991.webp,true,2026-05-28,1,1,aruco,92,aruco:92,decoder_conflict,[2598],2026-05-28/bee-1,aruco:92,confirmed,,in_domain,true
cc763826476a8c9b851e,cc763826476a8c9b851e.webp,true,2026-05-28,2,1,aruco,,,decoder_found_id,[3434],2026-05-28/bee-2,aruco:107,confirmed,,in_domain,true
76d2d18f87d2e2fdf90b,76d2d18f87d2e2fdf90b.webp,true,2026-05-28,3,1,aruco,87,aruco:87,decoder_confirmed,[87],2026-05-28/bee-3,aruco:87,confirmed,,in_domain,true
5d8054512ec3d0e74bdd,5d8054512ec3d0e74bdd.webp,true,2026-05-28,4,1,aruco,93,aruco:93,decoder_confirmed,[93],2026-05-28/bee-4,aruco:93,confirmed,,in_domain,true
0743da4bd0997f96b2ec,0743da4bd0997f96b2ec.webp,true,2026-05-28,5,1,aruco,125,aruco:125,decoder_confirmed,[125],2026-05-28/bee-5,aruco:125,confirmed,,in_domain,true
25f6ab81c68c5cb3f3cb,25f6ab81c68c5cb3f3cb.webp,true,2026-05-28,6,1,aruco,,,no_tag_decoded,[],2026-05-28/bee-6,aruco:86,confirmed,,in_domain,true
93eeb4eaffe5829638d1,93eeb4eaffe5829638d1.webp,true,2026-05-28,7,1,aruco,,,no_tag_decoded,[],2026-05-28/bee-7,aruco:81,confirmed,,in_domain,true
1d13bcfe6490dc23caaa,1d13bcfe6490dc23caaa.webp,true,2026-05-28,8,1,aruco,102,aruco:102,decoder_conflict,[1673],2026-05-28/bee-8,aruco:102,confirmed,,in_domain,true
ac5ca6a893f3aed601d6,ac5ca6a893f3aed601d6.webp,true,2026-05-28,9,1,aruco,117,aruco:117,decoder_conflict,[2219],2026-05-28/bee-9,aruco:117,confirmed,,in_domain,true
d723e11eb350a271a45b,d723e11eb350a271a45b.webp,true,2026-05-28,10,1,aruco,132,aruco:132,decoder_no_confirmation,[],2026-05-28/bee-10,aruco:132,confirmed,,in_domain,true
9279c48006de59901a83,9279c48006de59901a83.webp,true,2026-05-28,11,1,aruco,2272,aruco:2272,decoder_conflict,[2219],2026-05-28/bee-11,aruco:77,confirmed,,in_domain,true
cc7a7d8500f02e588eee,cc7a7d8500f02e588eee.webp,true,2026-05-28,11,2,aruco,2272,aruco:2272,decoder_no_confirmation,[],2026-05-28/bee-11,aruco:77,confirmed,,in_domain,true
55474953722e13b05afd,55474953722e13b05afd.webp,true,2026-05-28,12,1,aruco,78,aruco:78,decoder_conflict,"[2219, 2219, 3619]",2026-05-28/bee-12,aruco:78,confirmed,,in_domain,true
0cbfbeee5335e27446bd,0cbfbeee5335e27446bd.webp,true,2026-05-28,13,1,aruco,123,aruco:123,decoder_confirmed,[123],2026-05-28/bee-13,aruco:123,confirmed,,in_domain,true
42fbdab77c79a406983f,42fbdab77c79a406983f.webp,true,2026-05-28,14,1,aruco,94,aruco:94,decoder_no_confirmation,[],2026-05-28/bee-14,aruco:94,confirmed,,in_domain,true
1022a87d003d65ca3164,1022a87d003d65ca3164.webp,true,2026-05-28,15,1,aruco,76,aruco:76,decoder_no_confirmation,[],2026-05-28/bee-15,aruco:76,confirmed,,in_domain,true
262981e827be01fa054b,262981e827be01fa054b.webp,true,2026-05-28,16,1,aruco,101,aruco:101,decoder_no_confirmation,[],2026-05-28/bee-16,aruco:101,confirmed,,in_domain,true
22f5f26234f0d8cc06e6,22f5f26234f0d8cc06e6.webp,true,2026-05-28,17,1,aruco,114,aruco:114,decoder_conflict,"[37, 3619]",2026-05-28/bee-17,aruco:114,confirmed,,in_domain,true
9d5689732e3a8a4748dc,9d5689732e3a8a4748dc.webp,true,2026-05-28,18,1,aruco,,,decoder_found_id,[3619],2026-05-28/bee-18,aruco:108,confirmed,,in_domain,true
e40a12e82554f6e64ad7,e40a12e82554f6e64ad7.webp,true,2026-05-28,19,1,aruco,84,aruco:84,decoder_no_confirmation,[],2026-05-28/bee-19,aruco:84,confirmed,,in_domain,true
afd91acc7d6c91075b1a,afd91acc7d6c91075b1a.webp,true,2026-05-28,20,1,aruco,74,aruco:74,decoder_no_confirmation,[],2026-05-28/bee-20,aruco:74,confirmed,,in_domain,true
b5be44c859477ea3a6df,b5be44c859477ea3a6df.webp,true,2026-05-28,21,1,aruco,,,decoder_found_id,[425],2026-05-28/bee-21,aruco:70,confirmed,,in_domain,true
1826ea0252004e38559d,1826ea0252004e38559d.webp,true,2026-05-28,22,1,aruco,68,aruco:68,decoder_conflict,[2219],2026-05-28/bee-22,aruco:68,confirmed,,in_domain,true
d9fc632ac775027b934c,d9fc632ac775027b934c.webp,true,2026-05-28,23,1,aruco,118,aruco:118,decoder_confirmed,[118],2026-05-28/bee-23,aruco:118,confirmed,,in_domain,true
74a79670609fb2a35178,74a79670609fb2a35178.webp,true,2026-05-28,24,1,aruco,111,aruco:111,decoder_confirmed_with_competing_ids,"[109, 111, 2219, 3619]",2026-05-28/bee-24,aruco:111,confirmed,,in_domain,true
ab2bff769c1cda766786,ab2bff769c1cda766786.webp,true,2026-05-28,25,1,aruco,75,aruco:75,decoder_conflict,[2197],2026-05-28/bee-25,aruco:75,confirmed,,in_domain,true
380951c463be4fbfa68b,380951c463be4fbfa68b.webp,true,2026-05-28,25,2,aruco,75,aruco:75,decoder_conflict,"[2197, 2219]",2026-05-28/bee-25,aruco:75,confirmed,,in_domain,true
f3172336d9295f0f7e2a,f3172336d9295f0f7e2a.webp,true,2026-05-28,26,1,aruco,72,aruco:72,decoder_no_confirmation,[],2026-05-28/bee-26,aruco:72,confirmed,,in_domain,true
03d01d69fc4349e51c63,03d01d69fc4349e51c63.webp,true,2026-05-28,26,2,aruco,72,aruco:72,decoder_no_confirmation,[],2026-05-28/bee-26,aruco:72,confirmed,,in_domain,true
105f269e87478ae2d35a,105f269e87478ae2d35a.webp,true,2026-05-28,27,1,aruco,128,aruco:128,decoder_no_confirmation,[],2026-05-28/bee-27,aruco:128,confirmed,,in_domain,true
523cd344bb2639c14da5,523cd344bb2639c14da5.webp,true,2026-05-28,28,1,aruco,,,decoder_found_id,"[2543, 3619]",2026-05-28/bee-28,aruco:97,confirmed,,in_domain,true
4b45bc2fb4efa87b12d3,4b45bc2fb4efa87b12d3.webp,true,2026-05-28,29,1,aruco,82,aruco:82,decoder_conflict,[434],2026-05-28/bee-29,aruco:82,confirmed,,in_domain,true
18a75a2d8ceb1ee4b678,18a75a2d8ceb1ee4b678.webp,true,2026-05-28,30,1,aruco,98,aruco:98,decoder_conflict,[2219],2026-05-28/bee-30,aruco:98,confirmed,,in_domain,true
921bb6ff0ae09860052a,921bb6ff0ae09860052a.webp,true,2026-05-28,31,1,aruco,124,aruco:124,decoder_conflict,"[2219, 2219]",2026-05-28/bee-31,aruco:124,confirmed,,in_domain,true
4157e2a3d2fd9e2c815b,4157e2a3d2fd9e2c815b.webp,true,2026-05-28,31,2,aruco,124,aruco:124,decoder_conflict,[472],2026-05-28/bee-31,aruco:124,confirmed,,in_domain,true
c387e3c19490ef72a4c8,c387e3c19490ef72a4c8.webp,true,2026-05-28,32,1,aruco,,,decoder_found_id,"[106, 3619]",2026-05-28/bee-32,aruco:0,confirmed,,in_domain,true
17eb5dec798ccdb466d1,17eb5dec798ccdb466d1.webp,true,2026-05-28,33,1,aruco,10,aruco:10,decoder_no_confirmation,[],2026-05-28/bee-33,aruco:10,confirmed,,in_domain,true
84225802692eda2d0aed,84225802692eda2d0aed.webp,true,2026-05-28,34,1,aruco,44,aruco:44,decoder_conflict,"[190, 3619]",2026-05-28/bee-34,aruco:44,confirmed,,in_domain,true
d95a03636d5c5ab3f654,d95a03636d5c5ab3f654.webp,true,2026-05-28,35,1,aruco,51,aruco:51,decoder_no_confirmation,[],2026-05-28/bee-35,aruco:51,confirmed,,in_domain,true
15db98a8c39b297a78ae,15db98a8c39b297a78ae.webp,true,2026-05-28,35,2,aruco,51,aruco:51,decoder_conflict,[2219],2026-05-28/bee-35,aruco:51,confirmed,,in_domain,true
9412c1eb05d4b77e78e8,9412c1eb05d4b77e78e8.webp,true,2026-05-28,36,1,aruco,,,no_tag_decoded,[],2026-05-28/bee-36,aruco:14,confirmed,,in_domain,true
f5603ee449d06333e175,f5603ee449d06333e175.webp,true,2026-05-28,37,1,aruco,21,aruco:21,decoder_no_confirmation,[],2026-05-28/bee-37,aruco:21,confirmed,,in_domain,true
bd91dc804850bad733b7,bd91dc804850bad733b7.webp,true,2026-05-28,38,1,aruco,38,aruco:38,decoder_conflict,[2219],2026-05-28/bee-38,aruco:38,confirmed,,in_domain,true
9bbcf778345f85056e67,9bbcf778345f85056e67.webp,true,2026-05-28,39,1,aruco,26,aruco:26,decoder_no_confirmation,[],2026-05-28/bee-39,aruco:26,confirmed,,in_domain,true
73c1630c9679e8e096c8,73c1630c9679e8e096c8.webp,true,2026-05-28,39,2,aruco,26,aruco:26,decoder_no_confirmation,[],2026-05-28/bee-39,aruco:26,confirmed,,in_domain,true
45e6819c7c5b5007dabd,45e6819c7c5b5007dabd.webp,true,2026-05-28,40,1,aruco,,,decoder_found_id,[3434],2026-05-28/bee-40,aruco:48,confirmed,,in_domain,true
2d6d7cb187a461cea4ce,2d6d7cb187a461cea4ce.webp,true,2026-05-28,41,1,aruco,7,aruco:7,decoder_conflict,[2197],2026-05-28/bee-41,aruco:7,confirmed,,in_domain,true
be0fe754dbb9f0567b8e,be0fe754dbb9f0567b8e.webp,true,2026-05-28,42,1,aruco,36,aruco:36,decoder_conflict,[1345],2026-05-28/bee-42,aruco:36,confirmed,,in_domain,true
aeba23f9c574af4572da,aeba23f9c574af4572da.webp,true,2026-05-29,1,1,aruco,8,aruco:8,decoder_conflict,[2644],2026-05-29/bee-1,aruco:8,confirmed,,in_domain,true
caa98b9a5d626d305eb3,caa98b9a5d626d305eb3.webp,true,2026-05-29,2,1,aruco,,,decoder_found_id,[2219],2026-05-29/bee-2,aruco:19,confirmed,,in_domain,true
fda88bd47386913ced35,fda88bd47386913ced35.webp,true,2026-05-29,3,1,aruco,,,decoder_found_id,[2219],2026-05-29/bee-3,aruco:27,confirmed,,in_domain,true
9a6a35475809ffea3194,9a6a35475809ffea3194.webp,true,2026-05-29,3,2,aruco,,,decoder_found_id,[2219],2026-05-29/bee-3,aruco:27,confirmed,,in_domain,true
702fc082a881805090c7,702fc082a881805090c7.webp,true,2026-05-29,3,3,aruco,,,no_tag_decoded,[],2026-05-29/bee-3,aruco:27,confirmed,,in_domain,true
926c1d664e90e789d90d,926c1d664e90e789d90d.webp,true,2026-05-29,4,1,aruco,,,decoder_found_id,"[1661, 3619]",2026-05-29/bee-4,aruco:37,confirmed,,in_domain,true
0fd918557333ee79ff76,0fd918557333ee79ff76.webp,true,2026-05-29,5,1,aruco,2,aruco:2,decoder_confirmed_with_competing_ids,"[2, 3205, 3960]",2026-05-29/bee-5,aruco:2,confirmed,,in_domain,true
8e6653d7f594de8c66c3,8e6653d7f594de8c66c3.webp,true,2026-05-29,5,2,aruco,2,aruco:2,decoder_conflict,[3434],2026-05-29/bee-5,aruco:2,confirmed,,in_domain,true
041c37f69229f30e63ce,041c37f69229f30e63ce.webp,true,2026-05-29,6,1,aruco,,,decoder_found_id,[2219],2026-05-29/bee-6,aruco:9,confirmed,,in_domain,true
d9be4ad52fff666e19c0,d9be4ad52fff666e19c0.webp,true,2026-05-29,7,1,aruco,,,decoder_found_id,[470],2026-05-29/bee-7,aruco:29,confirmed,,in_domain,true
291b221e1ed193d8d0b5,291b221e1ed193d8d0b5.webp,true,2026-05-29,8,1,aruco,22,aruco:22,decoder_confirmed,[22],2026-05-29/bee-8,aruco:22,confirmed,,in_domain,true
769e4935806b14050071,769e4935806b14050071.webp,true,2026-05-29,9,1,aruco,12,aruco:12,decoder_conflict,[3960],2026-05-29/bee-9,aruco:12,confirmed,,in_domain,true
d67977188ab506bbe017,d67977188ab506bbe017.webp,true,2026-05-29,10,1,aruco,5,aruco:5,decoder_conflict,[2219],2026-05-29/bee-10,aruco:5,confirmed,,in_domain,true
2ac341ec910bdcc1c765,2ac341ec910bdcc1c765.webp,true,2026-05-29,11,1,aruco,24,aruco:24,decoder_confirmed,[24],2026-05-29/bee-11,aruco:24,confirmed,,in_domain,true
be4bbf2e52e6736fb594,be4bbf2e52e6736fb594.webp,true,2026-05-29,12,1,aruco,33,aruco:33,decoder_confirmed,[33],2026-05-29/bee-12,aruco:33,confirmed,,in_domain,true
f369771a4dc2180909c0,f369771a4dc2180909c0.webp,true,2026-05-29,13,1,aruco,,,decoder_found_id,[3619],2026-05-29/bee-13,aruco:20,confirmed,,in_domain,true
c58bc6d8eb35fc50312e,c58bc6d8eb35fc50312e.webp,true,2026-05-29,14,1,aruco,,,decoder_found_id,"[396, 2219, 3439, 3619]",2026-05-29/bee-14,aruco:11,confirmed,,in_domain,true
8998cf8f75664abafb7c,8998cf8f75664abafb7c.webp,true,2026-05-29,15,1,aruco,,,decoder_found_id,[458],2026-05-29/bee-15,aruco:43,confirmed,,in_domain,true
2c67686ac0b326e3ee43,2c67686ac0b326e3ee43.webp,true,2026-05-29,16,1,aruco,32,aruco:32,decoder_conflict,"[683, 2219, 3365, 3619]",2026-05-29/bee-16,aruco:32,confirmed,,in_domain,true
b817b29f9eedfc9e6d58,b817b29f9eedfc9e6d58.webp,true,2026-05-29,17,1,aruco,31,aruco:31,decoder_conflict,[3003],2026-05-29/bee-17,aruco:31,confirmed,,in_domain,true
f799e6a39aaee33bbf88,f799e6a39aaee33bbf88.webp,true,2026-05-29,18,1,aruco,15,aruco:15,decoder_conflict,[17],2026-05-29/bee-18,aruco:15,confirmed,,in_domain,true
6eedeadc03550c709c24,6eedeadc03550c709c24.webp,true,2026-05-29,19,1,aruco,18,aruco:18,decoder_confirmed,[18],2026-05-29/bee-19,aruco:18,confirmed,,in_domain,true
72e9de7eefa125a6bbba,72e9de7eefa125a6bbba.webp,true,2026-05-29,20,1,aruco,,,decoder_found_id,[3339],2026-05-29/bee-20,aruco:6,confirmed,,in_domain,true
4576bd44c75e96bb0f3d,4576bd44c75e96bb0f3d.webp,true,2026-05-29,20,2,aruco,,,decoder_found_id,"[2219, 3003]",2026-05-29/bee-20,aruco:6,confirmed,,in_domain,true
168a23cb772ab3e23ce6,168a23cb772ab3e23ce6.webp,true,2026-05-29,21,1,aruco,35,aruco:35,decoder_confirmed_with_competing_ids,"[35, 997]",2026-05-29/bee-21,aruco:35,confirmed,,in_domain,true
01878f90b1d20cfeb711,01878f90b1d20cfeb711.webp,true,2026-05-29,22,1,aruco,42,aruco:42,decoder_conflict,[1645],2026-05-29/bee-22,aruco:42,confirmed,,in_domain,true
27acc3faa4be7d30927a,27acc3faa4be7d30927a.webp,true,2026-05-29,23,1,aruco,23,aruco:23,decoder_conflict,[2219],2026-05-29/bee-23,aruco:23,confirmed,,in_domain,true
47ae6110f6a7b7853141,47ae6110f6a7b7853141.webp,true,2026-05-29,24,1,aruco,16,aruco:16,decoder_conflict,[17],2026-05-29/bee-24,aruco:16,confirmed,,in_domain,true
3fe4bc15a6f56ea605be,3fe4bc15a6f56ea605be.webp,true,2026-05-29,25,1,aruco,34,aruco:34,decoder_conflict,"[70, 3619]",2026-05-29/bee-25,aruco:34,confirmed,,in_domain,true
75c7fd31ca402342be32,75c7fd31ca402342be32.webp,true,2026-05-29,26,1,aruco,58,aruco:58,decoder_confirmed,[58],2026-05-29/bee-26,aruco:58,confirmed,,in_domain,true
1fd47ec806daefaa515c,1fd47ec806daefaa515c.webp,true,2026-05-29,27,1,aruco,25,aruco:25,decoder_no_confirmation,[],2026-05-29/bee-27,aruco:25,confirmed,,in_domain,true
db6df915cf5a237ade5e,db6df915cf5a237ade5e.webp,true,2026-05-29,28,1,aruco,,,decoder_found_id,[2219],2026-05-29/bee-28,aruco:49,confirmed,,in_domain,true
3852bd296cd11c5919dd,3852bd296cd11c5919dd.webp,true,2026-05-29,29,1,aruco,,,no_tag_decoded,[],2026-05-29/bee-29,aruco:30,confirmed,,in_domain,true
8fea3dabbe48492efb78,8fea3dabbe48492efb78.webp,true,2026-05-29,30,1,aruco,57,aruco:57,decoder_no_confirmation,[],2026-05-29/bee-30,aruco:57,confirmed,,in_domain,true
5e2b5cc34fb3be848cd7,5e2b5cc34fb3be848cd7.webp,true,2026-05-29,31,1,aruco,52,aruco:52,decoder_confirmed,[52],2026-05-29/bee-31,aruco:52,confirmed,,in_domain,true
c485d2b253fedfd6bb42,c485d2b253fedfd6bb42.webp,true,2026-05-29,31,2,aruco,52,aruco:52,decoder_conflict,"[2219, 2263]",2026-05-29/bee-31,aruco:52,confirmed,,in_domain,true
0aa8515e3ffe07fbfa28,0aa8515e3ffe07fbfa28.webp,true,2026-05-29,32,1,aruco,120,aruco:120,decoder_no_confirmation,[],2026-05-29/bee-32,aruco:120,confirmed,,in_domain,true
df5fe6e43d03de9cfa35,df5fe6e43d03de9cfa35.webp,true,2026-05-29,33,1,aruco,17,aruco:17,decoder_no_confirmation,[],2026-05-29/bee-33,aruco:17,confirmed,,in_domain,true
eccecc5d1c375142348e,eccecc5d1c375142348e.webp,true,2026-05-29,34,1,aruco,,,decoder_found_id,[13],2026-05-29/bee-34,aruco:13,confirmed,,in_domain,true
169c23c019488051c59a,169c23c019488051c59a.webp,true,2026-05-29,35,1,aruco,47,aruco:47,decoder_no_confirmation,[],2026-05-29/bee-35,aruco:47,confirmed,,in_domain,true
398e717b9295044ea5e7,398e717b9295044ea5e7.webp,true,2026-05-29,35,2,aruco,47,aruco:47,decoder_conflict,[2465],2026-05-29/bee-35,aruco:47,confirmed,,in_domain,true
89d6e4b0da8f9019dc5a,89d6e4b0da8f9019dc5a.webp,true,2026-05-29,36,1,aruco,40,aruco:40,decoder_conflict,[3619],2026-05-29/bee-36,aruco:40,confirmed,,in_domain,true
9e4effb2cad95fb88c2b,9e4effb2cad95fb88c2b.webp,true,2026-05-29,37,1,aruco,41,aruco:41,decoder_conflict,[3619],2026-05-29/bee-37,aruco:41,confirmed,,in_domain,true
77597ac7a321c1abea74,77597ac7a321c1abea74.webp,true,2026-05-29,38,1,aruco,39,aruco:39,decoder_conflict,"[3619, 3619]",2026-05-29/bee-38,aruco:39,confirmed,,in_domain,true
7ed1b87bf166f8120ab6,7ed1b87bf166f8120ab6.webp,true,2026-05-29,38,2,aruco,39,aruco:39,decoder_conflict,[2197],2026-05-29/bee-38,aruco:39,confirmed,,in_domain,true
f8725bfa65f0cda53bbb,f8725bfa65f0cda53bbb.webp,true,2026-05-29,39,1,aruco,1,aruco:1,decoder_conflict,[3434],2026-05-29/bee-39,aruco:1,confirmed,,in_domain,true
c37bb204fbe38c0ecdb7,c37bb204fbe38c0ecdb7.webp,true,2026-05-29,40,1,aruco,191,aruco:191,decoder_no_confirmation,[],2026-05-29/bee-40,aruco:191,confirmed,,in_domain,true
a5d96a1e302f8b05706b,a5d96a1e302f8b05706b.webp,true,2026-05-29,41,1,aruco,56,aruco:56,decoder_no_confirmation,[],2026-05-29/bee-41,aruco:56,confirmed,,in_domain,true
4a9f642ea34ae99a3318,4a9f642ea34ae99a3318.webp,true,2026-05-29,41,2,aruco,56,aruco:56,decoder_confirmed,[56],2026-05-29/bee-41,aruco:56,confirmed,,in_domain,true
1043812140cf59602e68,1043812140cf59602e68.webp,true,2026-05-29,42,1,aruco,195,aruco:195,decoder_confirmed,[195],2026-05-29/bee-42,aruco:195,confirmed,,in_domain,true
31d22086f6d9933db267,31d22086f6d9933db267.webp,true,2026-05-29,43,1,aruco,197,aruco:197,decoder_conflict,[2644],2026-05-29/bee-43,aruco:197,confirmed,,in_domain,true
4187264a5aced0353dc9,4187264a5aced0353dc9.webp,true,2026-05-29,44,1,aruco,179,aruco:179,decoder_conflict,[1594],2026-05-29/bee-44,aruco:179,confirmed,,in_domain,true
942865895a569f17e0b6,942865895a569f17e0b6.webp,true,2026-05-29,45,1,aruco,,,decoder_found_id,[2219],2026-05-29/bee-45,aruco:28,confirmed,,in_domain,true
17498164ae6f155b201f,17498164ae6f155b201f.webp,true,2026-05-29,46,1,aruco,187,aruco:187,decoder_conflict,[1537],2026-05-29/bee-46,aruco:187,confirmed,,in_domain,true
1f0576971df91c2b4f24,1f0576971df91c2b4f24.webp,true,2026-05-29,46,2,aruco,187,aruco:187,decoder_conflict,"[17, 3619]",2026-05-29/bee-46,aruco:187,confirmed,,in_domain,true
d72c21dc86a07d6eb9e5,d72c21dc86a07d6eb9e5.webp,true,2026-05-29,47,1,aruco,189,aruco:189,decoder_no_confirmation,[],2026-05-29/bee-47,aruco:189,confirmed,,in_domain,true
94737a9c66e5f225a57d,94737a9c66e5f225a57d.webp,true,2026-05-29,48,1,aruco,166,aruco:166,decoder_confirmed_with_competing_ids,"[166, 2013, 3369]",2026-05-29/bee-48,aruco:166,confirmed,,in_domain,true
12b29e2728ece647eaab,12b29e2728ece647eaab.webp,true,2026-05-29,48,2,aruco,166,aruco:166,decoder_conflict,"[1076, 2630, 2680]",2026-05-29/bee-48,aruco:166,confirmed,,in_domain,true
36d71486a603fb45c02b,36d71486a603fb45c02b.webp,true,2026-05-29,49,1,aruco,109,aruco:109,decoder_conflict,[852],2026-05-29/bee-49,aruco:190,confirmed,,in_domain,true
10adb1458e7efe3c54a0,10adb1458e7efe3c54a0.webp,true,2026-05-29,50,1,aruco,169,aruco:169,decoder_confirmed,[169],2026-05-29/bee-50,aruco:169,confirmed,,in_domain,true
b4231f6cf3eea5aa8879,b4231f6cf3eea5aa8879.webp,true,2026-05-29,51,1,aruco,172,aruco:172,decoder_no_confirmation,[],2026-05-29/bee-51,aruco:172,confirmed,,in_domain,true
abf381f882cd1001318a,abf381f882cd1001318a.webp,true,2026-05-29,52,1,aruco,168,aruco:168,decoder_conflict,[2605],2026-05-29/bee-52,aruco:168,confirmed,,in_domain,true
60c31b3803d5f35c1af1,60c31b3803d5f35c1af1.webp,true,2026-05-29,53,1,aruco,2613,aruco:2613,decoder_conflict,[3960],2026-05-29/bee-53,aruco:167,confirmed,,in_domain,true
2dd66476c2900f385ec8,2dd66476c2900f385ec8.webp,true,2026-05-29,54,1,aruco,175,aruco:175,decoder_conflict,[3891],2026-05-29/bee-54,aruco:175,confirmed,,in_domain,true
bc63f2b783e8cf39d9ea,bc63f2b783e8cf39d9ea.webp,true,2026-05-29,55,1,aruco,67,aruco:67,decoder_conflict,[2219],2026-05-29/bee-55,aruco:67,confirmed,,in_domain,true
f1bd47a1904b180be96f,f1bd47a1904b180be96f.webp,true,2026-05-29,55,2,aruco,67,aruco:67,decoder_conflict,[3252],2026-05-29/bee-55,aruco:67,confirmed,,in_domain,true
19015b26c92f71fe4faa,19015b26c92f71fe4faa.webp,true,2026-05-29,56,1,aruco,170,aruco:170,decoder_conflict,[2219],2026-05-29/bee-56,aruco:170,confirmed,,in_domain,true
bac162605010f5f28045,bac162605010f5f28045.webp,true,2026-05-29,57,1,aruco,174,aruco:174,decoder_conflict,"[17, 17, 3577]",2026-05-29/bee-57,aruco:174,confirmed,,in_domain,true
177834b571215d3e7525,177834b571215d3e7525.webp,true,2026-05-29,58,1,aruco,,,decoder_found_id,[3619],2026-05-29/bee-58,aruco:192,confirmed,,in_domain,true
cff02f3874185df7ac5a,cff02f3874185df7ac5a.webp,true,2026-05-29,59,1,aruco,200,aruco:200,decoder_conflict,[853],2026-05-29/bee-59,aruco:200,confirmed,,in_domain,true
03c227264c4c4916cd13,03c227264c4c4916cd13.webp,true,2026-05-29,60,1,aruco,181,aruco:181,decoder_no_confirmation,[],2026-05-29/bee-60,aruco:181,confirmed,,in_domain,true
84c3917c765710d9c08c,84c3917c765710d9c08c.webp,true,2026-05-29,61,1,aruco,188,aruco:188,decoder_conflict,[3619],2026-05-29/bee-61,aruco:188,confirmed,,in_domain,true
dcff34ed4a2ec9f878cf,dcff34ed4a2ec9f878cf.webp,true,2026-06-01,1,1,aruco,134,aruco:134,decoder_conflict,[190],2026-06-01/bee-1,aruco:134,confirmed,,in_domain,true
c1b3ea5b0de64a954e50,c1b3ea5b0de64a954e50.webp,true,2026-06-01,2,1,aruco,140,aruco:140,decoder_no_confirmation,[],2026-06-01/bee-2,aruco:140,confirmed,,in_domain,true
2d791263ba52d7d0dfca,2d791263ba52d7d0dfca.webp,true,2026-06-01,3,1,aruco,147,aruco:147,decoder_conflict,"[2219, 2219]",2026-06-01/bee-3,aruco:147,confirmed,,in_domain,true
b4ed0e572a556837b962,b4ed0e572a556837b962.webp,true,2026-06-01,4,1,aruco,150,aruco:150,decoder_conflict,"[37, 2197]",2026-06-01/bee-4,aruco:150,confirmed,,in_domain,true
a6f7bc6034b744ca23c0,a6f7bc6034b744ca23c0.webp,true,2026-06-01,5,1,aruco,184,aruco:184,decoder_conflict,"[2219, 3577]",2026-06-01/bee-5,aruco:184,confirmed,,in_domain,true
6eecabb2e03ab182901f,6eecabb2e03ab182901f.webp,true,2026-06-01,6,1,aruco,163,aruco:163,decoder_conflict,[3577],2026-06-01/bee-6,aruco:163,confirmed,,in_domain,true
ed6e1f6a5ba000dac2c4,ed6e1f6a5ba000dac2c4.webp,true,2026-06-01,7,1,aruco,183,aruco:183,decoder_conflict,[3619],2026-06-01/bee-7,aruco:183,confirmed,,in_domain,true
c2cf4e7302a9c8f6e63b,c2cf4e7302a9c8f6e63b.webp,true,2026-06-01,8,1,aruco,149,aruco:149,decoder_conflict,[1537],2026-06-01/bee-8,aruco:149,confirmed,,in_domain,true
32cf6623d74c2373b1de,32cf6623d74c2373b1de.webp,true,2026-06-01,9,1,aruco,155,aruco:155,decoder_no_confirmation,[],2026-06-01/bee-9,aruco:155,confirmed,,in_domain,true
7bc57330984584efe454,7bc57330984584efe454.webp,true,2026-06-01,10,1,aruco,137,aruco:137,decoder_conflict,[1708],2026-06-01/bee-10,aruco:137,confirmed,,in_domain,true
351eff55b43f778881b6,351eff55b43f778881b6.webp,true,2026-06-01,11,1,aruco,165,aruco:165,decoder_conflict,"[666, 2762]",2026-06-01/bee-11,aruco:165,confirmed,,in_domain,true
38ee60af6584185d9497,38ee60af6584185d9497.webp,true,2026-06-01,12,1,aruco,136,aruco:136,decoder_confirmed,[136],2026-06-01/bee-12,aruco:136,confirmed,,in_domain,true
24cac1f5fed16598abcf,24cac1f5fed16598abcf.webp,true,2026-06-01,13,1,aruco,193,aruco:193,decoder_conflict,"[422, 3443]",2026-06-01/bee-13,aruco:193,confirmed,,in_domain,true
f5ad17cde8c6e31a0438,f5ad17cde8c6e31a0438.webp,true,2026-06-01,13,2,aruco,193,aruco:193,decoder_conflict,"[2219, 3619]",2026-06-01/bee-13,aruco:193,confirmed,,in_domain,true
243c32c372f0504376a1,243c32c372f0504376a1.webp,true,2026-06-01,14,1,aruco,37,aruco:37,decoder_confirmed,[37],2026-06-01/bee-14,aruco:37,confirmed,,in_domain,true
72564d63db6ff4fcbf6f,72564d63db6ff4fcbf6f.webp,true,2026-06-01,15,1,aruco,154,aruco:154,decoder_confirmed,[154],2026-06-01/bee-15,aruco:154,confirmed,,in_domain,true
09a1688cc2f829af9d29,09a1688cc2f829af9d29.webp,true,2026-06-01,16,1,aruco,151,aruco:151,decoder_confirmed,[151],2026-06-01/bee-16,aruco:151,confirmed,,in_domain,true
719f11e4cd43571e6931,719f11e4cd43571e6931.webp,true,2026-06-01,17,1,aruco,156,aruco:156,decoder_conflict,"[2219, 3619]",2026-06-01/bee-17,aruco:156,confirmed,,in_domain,true
527c96a0d8ef8a62018b,527c96a0d8ef8a62018b.webp,true,2026-06-01,17,2,aruco,156,aruco:156,decoder_conflict,[987],2026-06-01/bee-17,aruco:156,confirmed,,in_domain,true
8288b4e80d47de51baa0,8288b4e80d47de51baa0.webp,true,2026-06-01,17,3,aruco,156,aruco:156,decoder_no_confirmation,[],2026-06-01/bee-17,aruco:156,confirmed,,in_domain,true
2b159a95892638a4b4af,2b159a95892638a4b4af.webp,true,2026-06-01,18,1,aruco,148,aruco:148,decoder_conflict,"[683, 3619]",2026-06-01/bee-18,aruco:148,confirmed,,in_domain,true
ed34d33464bfa42189d6,ed34d33464bfa42189d6.webp,true,2026-06-01,19,1,aruco,177,aruco:177,decoder_conflict,[3619],2026-06-01/bee-19,aruco:177,confirmed,,in_domain,true
daf611d3f7c1b8c1fcf7,daf611d3f7c1b8c1fcf7.webp,true,2026-06-01,20,1,aruco,146,aruco:146,decoder_conflict,[2219],2026-06-01/bee-20,aruco:146,confirmed,,in_domain,true
ea830284da7c6f140a76,ea830284da7c6f140a76.webp,true,2026-06-01,21,1,aruco,135,aruco:135,decoder_conflict,[2219],2026-06-01/bee-21,aruco:135,confirmed,,in_domain,true
d4fec9a5a30184983969,d4fec9a5a30184983969.webp,true,2026-06-01,22,1,aruco,141,aruco:141,decoder_confirmed,[141],2026-06-01/bee-22,aruco:141,confirmed,,in_domain,true
14f746cf433d14cae75a,14f746cf433d14cae75a.webp,true,2026-06-01,23,1,aruco,143,aruco:143,decoder_no_confirmation,[],2026-06-01/bee-23,aruco:143,confirmed,,in_domain,true
7af75cea52b3a0646e29,7af75cea52b3a0646e29.webp,true,2026-06-01,24,1,aruco,138,aruco:138,decoder_no_confirmation,[],2026-06-01/bee-24,aruco:138,confirmed,,in_domain,true
988d607b59df13f1926b,988d607b59df13f1926b.webp,true,2026-06-01,25,1,aruco,196,aruco:196,decoder_conflict,[3619],2026-06-01/bee-25,aruco:196,confirmed,,in_domain,true
efc97da3fd8144d80f62,efc97da3fd8144d80f62.webp,true,2026-06-01,26,1,aruco,,,no_tag_decoded,[],2026-06-01/bee-26,aruco:164,confirmed,,in_domain,true
7e6fdbcfb3f1787c1d71,7e6fdbcfb3f1787c1d71.webp,true,2026-06-01,26,2,aruco,,,decoder_found_id,[3434],2026-06-01/bee-26,aruco:164,confirmed,,in_domain,true
bdb3e6fe9f7459ac4421,bdb3e6fe9f7459ac4421.webp,true,2026-06-01,27,1,aruco,185,aruco:185,decoder_conflict,[1370],2026-06-01/bee-27,aruco:185,confirmed,,in_domain,true
081805a55062c003a337,081805a55062c003a337.webp,true,2026-06-01,28,1,aruco,176,aruco:176,decoder_conflict,[3619],2026-06-01/bee-28,aruco:176,confirmed,,in_domain,true
ecc0d08c934a95102d18,ecc0d08c934a95102d18.webp,true,2026-06-01,29,1,aruco,173,aruco:173,decoder_conflict,"[896, 2219]",2026-06-01/bee-29,aruco:173,confirmed,,in_domain,true
90d839d3e332fabf3be5,90d839d3e332fabf3be5.webp,true,2026-06-01,30,1,aruco,,,decoder_found_id,[2075],2026-06-01/bee-30,aruco:162,confirmed,,in_domain,true
882f8a7cf373f57833c7,882f8a7cf373f57833c7.webp,true,2026-06-02,1,1,aruco,182,aruco:182,decoder_conflict,[987],2026-06-02/bee-1,aruco:182,confirmed,,in_domain,true
2103113882ed266c9796,2103113882ed266c9796.webp,true,2026-06-02,2,1,aruco,153,aruco:153,decoder_confirmed_with_competing_ids,"[153, 3747]",2026-06-02/bee-2,aruco:153,confirmed,,in_domain,true
dfd307968a06d1c26a52,dfd307968a06d1c26a52.webp,true,2026-06-02,2,2,aruco,153,aruco:153,decoder_conflict,[3003],2026-06-02/bee-2,aruco:153,confirmed,,in_domain,true
18e25e52513fc9921728,18e25e52513fc9921728.webp,true,2026-06-02,3,1,aruco,230,aruco:230,decoder_conflict,[1619],2026-06-02/bee-3,aruco:230,confirmed,,in_domain,true
36e693f0b84c3825fb98,36e693f0b84c3825fb98.webp,true,2026-06-02,4,1,aruco,221,aruco:221,decoder_confirmed,[221],2026-06-02/bee-4,aruco:221,confirmed,,in_domain,true
b116f36e3a148fca06b0,b116f36e3a148fca06b0.webp,true,2026-06-02,5,1,aruco,241,aruco:241,decoder_conflict,[2576],2026-06-02/bee-5,aruco:241,confirmed,,in_domain,true
cd00a44a7dc7ec9388af,cd00a44a7dc7ec9388af.webp,true,2026-06-02,6,1,aruco,206,aruco:206,decoder_conflict,[2197],2026-06-02/bee-6,aruco:206,confirmed,,in_domain,true
f449fa2d556ef1780ae6,f449fa2d556ef1780ae6.webp,true,2026-06-02,7,1,aruco,256,aruco:256,decoder_confirmed_with_competing_ids,"[256, 1594]",2026-06-02/bee-7,aruco:256,confirmed,,in_domain,true
cc9e68468c6b963e4b3a,cc9e68468c6b963e4b3a.webp,true,2026-06-02,8,1,aruco,235,aruco:235,decoder_conflict,[2219],2026-06-02/bee-8,aruco:235,confirmed,,in_domain,true
129bb75d5a4d0fcab664,129bb75d5a4d0fcab664.webp,true,2026-06-02,9,1,aruco,74,aruco:74,decoder_no_confirmation,[],2026-06-02/bee-9,aruco:74,confirmed,,in_domain,true
e368e88ca37bf8377399,e368e88ca37bf8377399.webp,true,2026-06-02,10,1,aruco,3047,aruco:3047,decoder_conflict,[2219],2026-06-02/bee-10,aruco:264,confirmed,,in_domain,true
ea91841e7d11a12d7ef0,ea91841e7d11a12d7ef0.webp,true,2026-06-02,11,1,aruco,,,decoder_found_id,[3619],2026-06-02/bee-11,aruco:148,confirmed,,in_domain,true
2c7c82d3381cf839174f,2c7c82d3381cf839174f.webp,true,2026-06-02,12,1,aruco,2745,aruco:2745,decoder_conflict,[261],2026-06-02/bee-12,aruco:261,confirmed,,in_domain,true
f491dce36ac53b4c6890,f491dce36ac53b4c6890.webp,true,2026-06-02,13,1,aruco,117,aruco:117,decoder_confirmed_with_competing_ids,"[117, 2874]",2026-06-02/bee-13,aruco:117,confirmed,,in_domain,true
7d138999cb734d070201,7d138999cb734d070201.webp,true,2026-06-02,14,1,aruco,152,aruco:152,decoder_conflict,"[54, 2228]",2026-06-02/bee-14,aruco:152,confirmed,,in_domain,true
ab71b8e333d20e2651fe,ab71b8e333d20e2651fe.webp,true,2026-06-10,1,1,aruco,212,aruco:212,decoder_no_confirmation,[],2026-06-10/bee-1,aruco:212,confirmed,,in_domain,true
82de138a845cb63bf303,82de138a845cb63bf303.webp,true,2026-06-10,1,2,aruco,212,aruco:212,decoder_no_confirmation,[],2026-06-10/bee-1,aruco:212,confirmed,,in_domain,true
22f3c501dbdfb9b6b152,22f3c501dbdfb9b6b152.webp,true,2026-06-10,2,1,aruco,219,aruco:219,decoder_conflict,"[3114, 3619]",2026-06-10/bee-2,aruco:219,confirmed,,in_domain,true
b8c97754dbe8a7ee210f,b8c97754dbe8a7ee210f.webp,true,2026-06-10,3,1,aruco,,,decoder_found_id,[3619],2026-06-10/bee-3,aruco:238,confirmed,,in_domain,true
338619dff25e418d6823,338619dff25e418d6823.webp,true,2026-06-10,4,1,aruco,246,aruco:246,decoder_conflict,[17],2026-06-10/bee-4,aruco:246,confirmed,,in_domain,true
f011261f98dc5669d095,f011261f98dc5669d095.webp,true,2026-06-10,4,2,aruco,246,aruco:246,decoder_no_confirmation,[],2026-06-10/bee-4,aruco:246,confirmed,,in_domain,true
0a8e996f0a282973d9bb,0a8e996f0a282973d9bb.webp,true,2026-06-10,5,1,aruco,201,aruco:201,decoder_confirmed,[201],2026-06-10/bee-5,aruco:201,confirmed,,in_domain,true
12759d132bb6f32c222d,12759d132bb6f32c222d.webp,true,2026-06-10,6,1,aruco,217,aruco:217,decoder_conflict,"[17, 2219, 2219]",2026-06-10/bee-6,aruco:217,confirmed,,in_domain,true
24c09cce2045e1a78428,24c09cce2045e1a78428.webp,true,2026-06-10,6,2,aruco,217,aruco:217,decoder_conflict,"[190, 2219]",2026-06-10/bee-6,aruco:217,confirmed,,in_domain,true
8bd2ca12e8cbeec34d9c,8bd2ca12e8cbeec34d9c.webp,true,2026-06-10,7,1,aruco,,,decoder_found_id,[3003],2026-06-10/bee-7,aruco:240,confirmed,,in_domain,true
8ad78e41f7b59cfbee70,8ad78e41f7b59cfbee70.webp,true,2026-06-10,8,1,aruco,,,decoder_found_id,[109],2026-06-10/bee-8,aruco:250,confirmed,,in_domain,true
4fc3956d12426c43802e,4fc3956d12426c43802e.webp,true,2026-06-10,9,1,aruco,161,aruco:161,decoder_no_confirmation,[],2026-06-10/bee-9,aruco:161,confirmed,,in_domain,true
5f876bec7040fa7b59c3,5f876bec7040fa7b59c3.webp,true,2026-06-10,9,2,aruco,161,aruco:161,decoder_confirmed,[161],2026-06-10/bee-9,aruco:161,confirmed,,in_domain,true
c2b2a47c8d8fe01d679b,c2b2a47c8d8fe01d679b.webp,true,2026-06-10,10,1,aruco,,,decoder_found_id,[17],2026-06-10/bee-10,aruco:204,confirmed,,in_domain,true
ca8f8343b7fc95a6c578,ca8f8343b7fc95a6c578.webp,true,2026-06-10,11,1,aruco,229,aruco:229,decoder_confirmed,[229],2026-06-10/bee-11,aruco:229,confirmed,,in_domain,true
8b3e48f90e0b65974786,8b3e48f90e0b65974786.webp,true,2026-06-10,12,1,aruco,,,decoder_found_id,"[2197, 2219]",2026-06-10/bee-12,aruco:209,confirmed,,in_domain,true
cb89a176cfbe35c3a8fe,cb89a176cfbe35c3a8fe.webp,true,2026-06-10,13,1,aruco,,,no_tag_decoded,[],2026-06-10/bee-13,aruco:218,confirmed,,in_domain,true
c34f9b6bfcb258c4a2e8,c34f9b6bfcb258c4a2e8.webp,true,2026-06-10,14,1,aruco,,,decoder_found_id,[2197],2026-06-10/bee-14,aruco:260,confirmed,,in_domain,true
7bad99bf4c7a5382415f,7bad99bf4c7a5382415f.webp,true,2026-06-10,15,1,aruco,254,aruco:254,decoder_confirmed_with_competing_ids,"[254, 2219, 3577]",2026-06-10/bee-15,aruco:254,confirmed,,in_domain,true
c829c901d1c413cf871d,c829c901d1c413cf871d.webp,true,2026-06-10,16,1,aruco,239,aruco:239,decoder_conflict,[3797],2026-06-10/bee-16,aruco:239,confirmed,,in_domain,true
37eeb571772a48276d49,37eeb571772a48276d49.webp,true,2026-06-10,17,1,aruco,,,decoder_found_id,[2197],2026-06-10/bee-17,aruco:233,confirmed,,in_domain,true
efe293f3fe9ca9a1f7fd,efe293f3fe9ca9a1f7fd.webp,true,2026-06-10,17,2,aruco,,,decoder_found_id,[432],2026-06-10/bee-17,aruco:233,confirmed,,in_domain,true
aecb4ca756472755fa7d,aecb4ca756472755fa7d.webp,true,2026-06-10,18,1,aruco,259,aruco:259,decoder_no_confirmation,[],2026-06-10/bee-18,aruco:259,confirmed,,in_domain,true
86c2aeb6e0fed981cf0e,86c2aeb6e0fed981cf0e.webp,true,2026-06-10,19,1,aruco,208,aruco:208,decoder_confirmed_with_competing_ids,"[208, 2219]",2026-06-10/bee-19,aruco:208,confirmed,,in_domain,true
15f7f242530bc11485ed,15f7f242530bc11485ed.webp,true,2026-06-10,19,2,aruco,208,aruco:208,decoder_no_confirmation,[],2026-06-10/bee-19,aruco:208,confirmed,,in_domain,true
0e0df1ef6acb6b20079b,0e0df1ef6acb6b20079b.webp,true,2026-06-10,20,1,aruco,,,decoder_found_id,"[2661, 2762]",2026-06-10/bee-20,aruco:159,confirmed,,in_domain,true
4c9a8041ada2bbbffb20,4c9a8041ada2bbbffb20.webp,true,2026-06-10,21,1,aruco,,,decoder_found_id,[242],2026-06-10/bee-21,aruco:242,confirmed,,in_domain,true
31f0dfe4b00c6edd8fba,31f0dfe4b00c6edd8fba.webp,true,2026-06-10,22,1,aruco,,,decoder_found_id,[237],2026-06-10/bee-22,aruco:237,confirmed,,in_domain,true
922d71ee713751619b53,922d71ee713751619b53.webp,true,2026-06-10,23,1,aruco,,,decoder_found_id,[1661],2026-06-10/bee-23,aruco:234,confirmed,,in_domain,true
d477dc1e8e9cb639ebca,d477dc1e8e9cb639ebca.webp,true,2026-06-10,24,1,aruco,,,decoder_found_id,[2219],2026-06-10/bee-24,aruco:222,confirmed,,in_domain,true
def3cf31f3aac3cfc561,def3cf31f3aac3cfc561.webp,true,2026-06-10,25,1,aruco,,,decoder_found_id,"[205, 3619]",2026-06-10/bee-25,aruco:205,confirmed,,in_domain,true
6cfc5cf5ba7567837d44,6cfc5cf5ba7567837d44.webp,true,2026-06-10,26,1,aruco,,,decoder_found_id,[2219],2026-06-10/bee-26,aruco:214,confirmed,,in_domain,true
cecf694a70fa67ee798d,cecf694a70fa67ee798d.webp,true,2026-06-10,26,2,aruco,,,decoder_found_id,[3619],2026-06-10/bee-26,aruco:214,confirmed,,in_domain,true
a26a12bd062d41fa09a1,a26a12bd062d41fa09a1.webp,true,2026-06-10,27,1,aruco,,,decoder_found_id,"[2219, 2219]",2026-06-10/bee-27,aruco:215,confirmed,,in_domain,true
d846649bd1e91f9a153a,d846649bd1e91f9a153a.webp,true,2026-06-10,28,1,aruco,255,aruco:255,decoder_conflict,"[2219, 2219]",2026-06-10/bee-28,aruco:255,confirmed,,in_domain,true
a9ba3d9a24505f3e454e,a9ba3d9a24505f3e454e.webp,true,2026-06-10,29,1,aruco,243,aruco:243,decoder_confirmed,[243],2026-06-10/bee-29,aruco:243,confirmed,,in_domain,true
a7cac76341c43210fe26,a7cac76341c43210fe26.webp,true,2026-06-10,30,1,aruco,223,aruco:223,decoder_no_confirmation,[],2026-06-10/bee-30,aruco:223,confirmed,,in_domain,true
c250c7b88e74a17c1d67,c250c7b88e74a17c1d67.webp,true,2026-06-10,30,2,aruco,223,aruco:223,decoder_confirmed,[223],2026-06-10/bee-30,aruco:223,confirmed,,in_domain,true
743b17e2a5dd66568af0,743b17e2a5dd66568af0.webp,true,2026-06-10,31,1,aruco,216,aruco:216,decoder_confirmed,[216],2026-06-10/bee-31,aruco:216,confirmed,,in_domain,true
dc46a6d5fea395cd0534,dc46a6d5fea395cd0534.webp,true,2026-06-10,31,2,aruco,216,aruco:216,decoder_no_confirmation,[],2026-06-10/bee-31,aruco:216,confirmed,,in_domain,true
031d10f4e8e947626eda,031d10f4e8e947626eda.webp,true,2026-06-10,32,1,aruco,232,aruco:232,decoder_no_confirmation,[],2026-06-10/bee-32,aruco:232,confirmed,,in_domain,true
d4e5fd6d1120f197dfc6,d4e5fd6d1120f197dfc6.webp,true,2026-06-10,32,2,aruco,232,aruco:232,decoder_conflict,[2219],2026-06-10/bee-32,aruco:232,confirmed,,in_domain,true
f504415f3e2e4364fa87,f504415f3e2e4364fa87.webp,true,2026-06-10,33,1,aruco,,,decoder_found_id,[930],2026-06-10/bee-33,aruco:97,confirmed,,in_domain,true
9439e2b6af9080a80d61,9439e2b6af9080a80d61.webp,true,2026-06-10,34,1,aruco,452,aruco:452,decoder_confirmed,[452],2026-06-10/bee-34,aruco:452,confirmed,,in_domain,true
18ce0ec3b7d7e4b74fac,18ce0ec3b7d7e4b74fac.webp,true,2026-06-10,35,1,aruco,,,no_tag_decoded,[],2026-06-10/bee-35,aruco:428,confirmed,,in_domain,true
d557de3680282aacd267,d557de3680282aacd267.webp,true,2026-06-10,36,1,aruco,442,aruco:442,decoder_conflict,[37],2026-06-10/bee-36,aruco:442,confirmed,,in_domain,true
d6f1d5b5408da506c30c,d6f1d5b5408da506c30c.webp,true,2026-06-10,37,1,aruco,382,aruco:382,decoder_conflict,[2644],2026-06-10/bee-37,aruco:382,confirmed,,in_domain,true
e0d91b8774047cfad1d1,e0d91b8774047cfad1d1.webp,true,2026-06-10,37,2,aruco,382,aruco:382,decoder_conflict,"[2219, 3003]",2026-06-10/bee-37,aruco:382,confirmed,,in_domain,true
8ad143c1fa73ae771222,8ad143c1fa73ae771222.webp,true,2026-06-10,38,1,aruco,448,aruco:448,decoder_confirmed,[448],2026-06-10/bee-38,aruco:448,confirmed,,in_domain,true
07db34ec634874a6d3ec,07db34ec634874a6d3ec.webp,true,2026-06-10,39,1,aruco,,,decoder_found_id,[2197],2026-06-10/bee-39,aruco:341,confirmed,,in_domain,true
f90a1c67599f7766eae3,f90a1c67599f7766eae3.webp,true,2026-06-10,40,1,aruco,,,no_tag_decoded,[],2026-06-10/bee-40,aruco:56,confirmed,,in_domain,true
fac56a5bf8bef19d29f5,fac56a5bf8bef19d29f5.webp,true,2026-06-10,41,1,aruco,365,aruco:365,decoder_conflict,[3294],2026-06-10/bee-41,aruco:365,confirmed,,in_domain,true
9245dcfde1b91f368807,9245dcfde1b91f368807.webp,true,2026-06-10,42,1,aruco,364,aruco:364,decoder_conflict,[3619],2026-06-10/bee-42,aruco:364,confirmed,,in_domain,true
c128e313d0b123698f33,c128e313d0b123698f33.webp,true,2026-06-10,43,1,aruco,465,aruco:465,decoder_no_confirmation,[],2026-06-10/bee-43,aruco:465,confirmed,,in_domain,true
1dd49c160e0be0a65a01,1dd49c160e0be0a65a01.webp,true,2026-06-10,43,2,aruco,465,aruco:465,decoder_confirmed,[465],2026-06-10/bee-43,aruco:465,confirmed,,in_domain,true
dbe1df1a2a2237ef2168,dbe1df1a2a2237ef2168.webp,true,2026-06-10,44,1,aruco,420,aruco:420,decoder_confirmed,[420],2026-06-10/bee-44,aruco:420,confirmed,,in_domain,true
83fa2ff9c9bbe08a1781,83fa2ff9c9bbe08a1781.webp,true,2026-06-10,45,1,aruco,413,aruco:413,decoder_no_confirmation,[],2026-06-10/bee-45,aruco:413,confirmed,,in_domain,true
c4f19ebcd295070e779f,c4f19ebcd295070e779f.webp,true,2026-06-10,46,1,aruco,453,aruco:453,decoder_conflict,[3619],2026-06-10/bee-46,aruco:453,confirmed,,in_domain,true
724d0e51d35160cb529c,724d0e51d35160cb529c.webp,true,2026-06-10,47,1,aruco,,,decoder_found_id,[2263],2026-06-10/bee-47,aruco:344,confirmed,,in_domain,true
9ec7c93f3cab4600d89a,9ec7c93f3cab4600d89a.webp,true,2026-06-10,48,1,aruco,447,aruco:447,decoder_conflict,"[2219, 3619]",2026-06-10/bee-48,aruco:447,confirmed,,in_domain,true
992cc60b32ea571951ff,992cc60b32ea571951ff.webp,true,2026-06-10,49,1,aruco,468,aruco:468,decoder_no_confirmation,[],2026-06-10/bee-49,aruco:468,confirmed,,in_domain,true
88900811ad395270d7cd,88900811ad395270d7cd.webp,true,2026-06-10,50,1,aruco,373,aruco:373,decoder_confirmed_with_competing_ids,"[373, 3619]",2026-06-10/bee-50,aruco:373,confirmed,,in_domain,true
01f985bb5e61d7dd5e1f,01f985bb5e61d7dd5e1f.webp,true,2026-06-10,51,1,aruco,458,aruco:458,decoder_conflict,[2219],2026-06-10/bee-51,aruco:458,confirmed,,in_domain,true
7937dd99e53d8c436b97,7937dd99e53d8c436b97.webp,true,2026-06-10,51,2,aruco,458,aruco:458,decoder_conflict,"[2219, 3619, 3619]",2026-06-10/bee-51,aruco:458,confirmed,,in_domain,true
eb145f6482f4de36f069,eb145f6482f4de36f069.webp,true,2026-06-10,52,1,aruco,383,aruco:383,decoder_conflict,[2219],2026-06-10/bee-52,aruco:383,confirmed,,in_domain,true
79d34abbe4b962231dfe,79d34abbe4b962231dfe.webp,true,2026-06-10,53,1,aruco,389,aruco:389,decoder_conflict,"[3619, 3619]",2026-06-10/bee-53,aruco:389,confirmed,,in_domain,true
5a9b602475602c44d137,5a9b602475602c44d137.webp,true,2026-06-10,53,2,aruco,389,aruco:389,decoder_no_confirmation,[],2026-06-10/bee-53,aruco:389,confirmed,,in_domain,true
39d438f23b84bcfbf8ea,39d438f23b84bcfbf8ea.webp,true,2026-06-10,54,1,aruco,,,decoder_found_id,[3619],2026-06-10/bee-54,aruco:313,confirmed,,in_domain,true
84ed1917539c0c7885f6,84ed1917539c0c7885f6.webp,true,2026-06-10,55,1,aruco,313,aruco:313,decoder_conflict,[989],2026-06-10/bee-55,aruco:313,confirmed,,in_domain,true
965c99252db97e748f58,965c99252db97e748f58.webp,true,2026-06-10,56,1,aruco,283,aruco:283,decoder_confirmed,[283],2026-06-10/bee-56,aruco:283,confirmed,,in_domain,true
118532a80c432db90a03,118532a80c432db90a03.webp,true,2026-06-10,57,1,aruco,270,aruco:270,decoder_conflict,[17],2026-06-10/bee-57,aruco:270,confirmed,,in_domain,true
305afac7eaa546964ec7,305afac7eaa546964ec7.webp,true,2026-06-10,58,1,aruco,303,aruco:303,decoder_conflict,[2219],2026-06-10/bee-58,aruco:303,confirmed,,in_domain,true
1f0daf74ca19b4480cb5,1f0daf74ca19b4480cb5.webp,true,2026-06-10,59,1,aruco,359,aruco:359,decoder_no_confirmation,[],2026-06-10/bee-59,aruco:359,confirmed,,in_domain,true
2db2ce8a08c047db9ede,2db2ce8a08c047db9ede.webp,true,2026-06-10,59,2,aruco,359,aruco:359,decoder_conflict,[379],2026-06-10/bee-59,aruco:359,confirmed,,in_domain,true
f0048e5989c6dedac746,f0048e5989c6dedac746.webp,true,2026-06-10,60,1,aruco,,,decoder_found_id,[2576],2026-06-10/bee-60,aruco:398,confirmed,,in_domain,true
7b9ea5185c9208e3cb62,7b9ea5185c9208e3cb62.webp,true,2026-06-10,61,1,aruco,280,aruco:280,decoder_conflict,[2219],2026-06-10/bee-61,aruco:280,confirmed,,in_domain,true
5aaa6165cdc3ff025c5c,5aaa6165cdc3ff025c5c.webp,true,2026-06-10,62,1,aruco,456,aruco:456,decoder_confirmed,[456],2026-06-10/bee-62,aruco:456,confirmed,,in_domain,true
44a815bf36c7dce29d19,44a815bf36c7dce29d19.webp,true,2026-06-10,63,1,aruco,459,aruco:459,decoder_no_confirmation,[],2026-06-10/bee-63,aruco:459,confirmed,,in_domain,true
95aaf41e8e29ba950076,95aaf41e8e29ba950076.webp,true,2026-06-10,63,2,aruco,459,aruco:459,decoder_no_confirmation,[],2026-06-10/bee-63,aruco:459,confirmed,,in_domain,true
ea92673cefca09b67646,ea92673cefca09b67646.webp,true,2026-06-10,64,1,aruco,340,aruco:340,decoder_conflict,[3619],2026-06-10/bee-64,aruco:340,confirmed,,in_domain,true
a9550b970130e5706b51,a9550b970130e5706b51.webp,true,2026-06-10,65,1,aruco,427,aruco:427,decoder_confirmed,[427],2026-06-10/bee-65,aruco:427,confirmed,,in_domain,true
79101e40466a61c885e2,79101e40466a61c885e2.webp,true,2026-06-10,66,1,aruco,,,decoder_found_id,[2375],2026-06-10/bee-66,aruco:330,confirmed,,in_domain,true
cd1f5647a6381b438f78,cd1f5647a6381b438f78.webp,true,2026-06-10,67,1,aruco,,,decoder_found_id,[3619],2026-06-10/bee-67,aruco:393,confirmed,,in_domain,true
2f1d372a245cc75ca7ac,2f1d372a245cc75ca7ac.webp,true,2026-06-10,68,1,aruco,,,decoder_found_id,[3434],2026-06-10/bee-68,aruco:350,confirmed,,in_domain,true
b2dc46aff663bdb22704,b2dc46aff663bdb22704.webp,true,2026-06-10,69,1,aruco,,,decoder_found_id,[2219],2026-06-10/bee-69,aruco:288,confirmed,,in_domain,true
9aa539306377368ec146,9aa539306377368ec146.webp,true,2026-06-10,70,1,aruco,305,aruco:305,decoder_conflict,[106],2026-06-10/bee-70,aruco:305,confirmed,,in_domain,true
4a4350b2d0319b11de0b,4a4350b2d0319b11de0b.webp,true,2026-06-10,70,2,aruco,305,aruco:305,decoder_no_confirmation,[],2026-06-10/bee-70,aruco:305,confirmed,,in_domain,true
07fefeeaeea420c1b6fb,07fefeeaeea420c1b6fb.webp,true,2026-06-10,70,3,aruco,305,aruco:305,decoder_no_confirmation,[],2026-06-10/bee-70,aruco:305,confirmed,,in_domain,true
ccec889eb4894608fda2,ccec889eb4894608fda2.webp,true,2026-06-10,71,1,aruco,451,aruco:451,decoder_conflict,[2219],2026-06-10/bee-71,aruco:451,confirmed,,in_domain,true
28ac7c0cac153eb1732a,28ac7c0cac153eb1732a.webp,true,2026-06-10,71,2,aruco,451,aruco:451,decoder_conflict,[3619],2026-06-10/bee-71,aruco:451,confirmed,,in_domain,true
a4cd0afce2a8354d3de7,a4cd0afce2a8354d3de7.webp,true,2026-06-10,72,1,aruco,327,aruco:327,decoder_conflict,[3619],2026-06-10/bee-72,aruco:327,confirmed,,in_domain,true
d5f14e88f96b5ca16c64,d5f14e88f96b5ca16c64.webp,true,2026-06-10,73,1,aruco,396,aruco:396,decoder_conflict,"[2219, 2219]",2026-06-10/bee-73,aruco:396,confirmed,,in_domain,true
78d7b835ff19634b32f9,78d7b835ff19634b32f9.webp,true,2026-06-10,74,1,aruco,,,no_tag_decoded,[],2026-06-10/bee-74,aruco:321,confirmed,,in_domain,true
f72d37c2b3e2e0dd9bfd,f72d37c2b3e2e0dd9bfd.webp,true,2026-06-10,75,1,aruco,333,aruco:333,decoder_confirmed,[333],2026-06-10/bee-75,aruco:333,confirmed,,in_domain,true
03889d140a760f5a412d,03889d140a760f5a412d.webp,true,2026-06-10,76,1,aruco,,,decoder_found_id,[2219],2026-06-10/bee-76,aruco:363,confirmed,,in_domain,true
3003799cbc7d0f686216,3003799cbc7d0f686216.webp,true,2026-06-10,77,1,aruco,,,decoder_found_id,[1370],2026-06-10/bee-77,aruco:371,confirmed,,in_domain,true
fd090080c2ac54fba6e3,fd090080c2ac54fba6e3.webp,true,2026-06-10,78,1,aruco,,,decoder_found_id,[2219],2026-06-10/bee-78,aruco:392,confirmed,,in_domain,true
0e5eea2d23eea957607f,0e5eea2d23eea957607f.webp,true,2026-06-10,79,1,aruco,317,aruco:317,decoder_confirmed_with_competing_ids,"[317, 2255]",2026-06-10/bee-79,aruco:317,confirmed,,in_domain,true
3f8554fb9bfa6436ff99,3f8554fb9bfa6436ff99.webp,true,2026-06-10,80,1,aruco,,,decoder_found_id,[2197],2026-06-10/bee-80,aruco:424,confirmed,,in_domain,true
eaf44e9cd88e91c6e406,eaf44e9cd88e91c6e406.webp,true,2026-06-10,81,1,aruco,314,aruco:314,decoder_conflict,[2219],2026-06-10/bee-81,aruco:314,confirmed,,in_domain,true
7219d3f6dcd60a6b97ce,7219d3f6dcd60a6b97ce.webp,true,2026-06-10,81,2,aruco,314,aruco:314,decoder_conflict,"[2197, 2219]",2026-06-10/bee-81,aruco:314,confirmed,,in_domain,true
6d0fd44be87d71af71d6,6d0fd44be87d71af71d6.webp,true,2026-06-10,82,1,aruco,,,decoder_found_id,[3960],2026-06-10/bee-82,aruco:408,confirmed,,in_domain,true
f6794a90d7978a8bf1be,f6794a90d7978a8bf1be.webp,true,2026-06-10,83,1,aruco,278,aruco:278,decoder_conflict,[2219],2026-06-10/bee-83,aruco:278,confirmed,,in_domain,true
7f427f27f0560cefab96,7f427f27f0560cefab96.webp,true,2026-06-10,84,1,aruco,455,aruco:455,decoder_no_confirmation,[],2026-06-10/bee-84,aruco:455,confirmed,,in_domain,true
9b7b0e0872573b67fe8e,9b7b0e0872573b67fe8e.webp,true,2026-06-10,85,1,aruco,296,aruco:296,decoder_confirmed,[296],2026-06-10/bee-85,aruco:296,confirmed,,in_domain,true
d54e96efa90476a6a3d5,d54e96efa90476a6a3d5.webp,true,2026-06-10,86,1,aruco,346,aruco:346,decoder_no_confirmation,[],2026-06-10/bee-86,aruco:346,confirmed,,in_domain,true
dc47480c451804ef984e,dc47480c451804ef984e.webp,true,2026-06-10,87,1,aruco,271,aruco:271,decoder_confirmed,[271],2026-06-10/bee-87,aruco:271,confirmed,,in_domain,true
91d93704e2a888bb2047,91d93704e2a888bb2047.webp,true,2026-06-10,87,2,aruco,271,aruco:271,decoder_no_confirmation,[],2026-06-10/bee-87,aruco:271,confirmed,,in_domain,true
3f1b099d5f0616614dfc,3f1b099d5f0616614dfc.webp,true,2026-06-10,88,1,aruco,,,decoder_found_id,[2197],2026-06-10/bee-88,aruco:426,confirmed,,in_domain,true
77560b80faf6271849cb,77560b80faf6271849cb.webp,true,2026-06-10,88,2,aruco,,,no_tag_decoded,[],2026-06-10/bee-88,aruco:426,confirmed,,in_domain,true
34785b98872dc4a23199,34785b98872dc4a23199.webp,true,2026-06-10,89,1,aruco,302,aruco:302,decoder_conflict,"[2219, 2219]",2026-06-10/bee-89,aruco:302,confirmed,,in_domain,true
dc793dc883e71437fa7d,dc793dc883e71437fa7d.webp,true,2026-06-10,90,1,aruco,299,aruco:299,decoder_conflict,[2397],2026-06-10/bee-90,aruco:299,confirmed,,in_domain,true
cd9d856168e6e2f6492b,cd9d856168e6e2f6492b.webp,true,2026-06-10,91,1,aruco,275,aruco:275,decoder_conflict,"[190, 2197, 2219]",2026-06-10/bee-91,aruco:275,confirmed,,in_domain,true
20219feb10bfd1e66eef,20219feb10bfd1e66eef.webp,true,2026-06-10,92,1,aruco,331,aruco:331,decoder_conflict,[3619],2026-06-10/bee-92,aruco:331,confirmed,,in_domain,true
01b692994011abd21d15,01b692994011abd21d15.webp,true,2026-06-10,93,1,aruco,441,aruco:441,decoder_conflict,[2762],2026-06-10/bee-93,aruco:441,confirmed,,in_domain,true
18fbd518a8b89116619c,18fbd518a8b89116619c.webp,true,2026-06-10,94,1,aruco,,,decoder_found_id,[3434],2026-06-10/bee-94,aruco:377,confirmed,,in_domain,true
abbebf1feab275d4702b,abbebf1feab275d4702b.webp,true,2026-06-10,95,1,aruco,436,aruco:436,decoder_conflict,"[2197, 3619]",2026-06-10/bee-95,aruco:436,confirmed,,in_domain,true
ea8b321a6a9d450d1347,ea8b321a6a9d450d1347.webp,true,2026-06-10,96,1,aruco,300,aruco:300,decoder_conflict,[3619],2026-06-10/bee-96,aruco:300,confirmed,,in_domain,true
55134897eabcf9b576d6,55134897eabcf9b576d6.webp,true,2026-06-10,97,1,aruco,289,aruco:289,decoder_no_confirmation,[],2026-06-10/bee-97,aruco:289,confirmed,,in_domain,true
6b9adbc7a16bfadafbd0,6b9adbc7a16bfadafbd0.webp,true,2026-06-10,98,1,aruco,310,aruco:310,decoder_conflict,[2219],2026-06-10/bee-98,aruco:310,confirmed,,in_domain,true
11f331421397213c8be6,11f331421397213c8be6.webp,true,2026-06-10,98,2,aruco,310,aruco:310,decoder_conflict,[3619],2026-06-10/bee-98,aruco:310,confirmed,,in_domain,true
01a88a75f8e70b4cf55b,01a88a75f8e70b4cf55b.webp,true,2026-06-10,99,1,aruco,,,decoder_found_id,[3619],2026-06-10/bee-99,aruco:272,confirmed,,in_domain,true
2929e0662bffe492a3e7,2929e0662bffe492a3e7.webp,true,2026-06-10,100,1,aruco,,,decoder_found_id,"[378, 3619]",2026-06-10/bee-100,aruco:386,confirmed,,in_domain,true
e081311fed7f47c1ce9a,e081311fed7f47c1ce9a.webp,true,2026-06-10,101,1,aruco,374,aruco:374,decoder_no_confirmation,[],2026-06-10/bee-101,aruco:374,confirmed,,in_domain,true
9a3bad55f74aa40795b7,9a3bad55f74aa40795b7.webp,true,2026-06-10,102,1,aruco,,,decoder_found_id,[2219],2026-06-10/bee-102,aruco:417,confirmed,,in_domain,true
1f0dd4bca3ea49454e6c,1f0dd4bca3ea49454e6c.webp,true,2026-06-10,102,2,aruco,,,no_tag_decoded,[],2026-06-10/bee-102,aruco:417,confirmed,,in_domain,true
9fcf9d5cfff3c7605e52,9fcf9d5cfff3c7605e52.webp,true,2026-06-10,103,1,aruco,417,aruco:417,decoder_conflict,[2013],2026-06-10/bee-103,aruco:417,confirmed,,in_domain,true
7060b9cb888c9ba44401,7060b9cb888c9ba44401.webp,true,2026-06-10,104,1,aruco,297,aruco:297,decoder_conflict,[2197],2026-06-10/bee-104,aruco:297,confirmed,,in_domain,true
e6814b52d89645c3b3a2,e6814b52d89645c3b3a2.webp,true,2026-06-10,105,1,aruco,,,decoder_found_id,[470],2026-06-10/bee-105,aruco:434,confirmed,,in_domain,true
4db83f096e7df6aaae21,4db83f096e7df6aaae21.webp,true,2026-06-10,105,2,aruco,,,no_tag_decoded,[],2026-06-10/bee-105,aruco:434,confirmed,,in_domain,true
f82d0abf8ebd96a230d2,f82d0abf8ebd96a230d2.webp,true,2026-06-10,105,3,aruco,,,no_tag_decoded,[],2026-06-10/bee-105,aruco:434,confirmed,,in_domain,true
78d574f2c6f5df59f8f1,78d574f2c6f5df59f8f1.webp,true,2026-06-10,106,1,aruco,,,decoder_found_id,"[2219, 2219]",2026-06-10/bee-106,aruco:336,confirmed,,in_domain,true
a70e1be64a5d857e0950,a70e1be64a5d857e0950.webp,true,2026-06-10,106,2,aruco,,,no_tag_decoded,[],2026-06-10/bee-106,aruco:336,confirmed,,in_domain,true
bf69a2b53a4384d1685a,bf69a2b53a4384d1685a.webp,true,2026-06-10,107,1,aruco,,,no_tag_decoded,[],2026-06-10/bee-107,aruco:292,confirmed,,in_domain,true
ac7687d6638032c1ebd3,ac7687d6638032c1ebd3.webp,true,2026-06-10,108,1,aruco,269,aruco:269,decoder_confirmed,[269],2026-06-10/bee-108,aruco:269,confirmed,,in_domain,true
28a4b5e05b68b832a8b8,28a4b5e05b68b832a8b8.webp,true,2026-06-10,109,1,aruco,360,aruco:360,decoder_conflict,"[1824, 2219]",2026-06-10/bee-109,aruco:360,confirmed,,in_domain,true
67233ead3fadeceece73,67233ead3fadeceece73.webp,true,2026-06-10,110,1,aruco,,,decoder_found_id,[2219],2026-06-10/bee-110,aruco:287,confirmed,,in_domain,true
efa43cc901cc5d65cd6a,efa43cc901cc5d65cd6a.webp,true,2026-06-10,111,1,aruco,369,aruco:369,decoder_confirmed,[369],2026-06-10/bee-111,aruco:369,confirmed,,in_domain,true
d857dca4fd515ed77eb5,d857dca4fd515ed77eb5.webp,true,2026-06-10,112,1,aruco,349,aruco:349,decoder_confirmed,[349],2026-06-10/bee-112,aruco:349,confirmed,,in_domain,true
7c7c996dd19ae53b0423,7c7c996dd19ae53b0423.webp,true,2026-06-10,113,1,aruco,282,aruco:282,decoder_confirmed,[282],2026-06-10/bee-113,aruco:282,confirmed,,in_domain,true
422d4fbe1c20dce31708,422d4fbe1c20dce31708.webp,true,2026-06-10,113,2,aruco,282,aruco:282,decoder_no_confirmation,[],2026-06-10/bee-113,aruco:282,confirmed,,in_domain,true
987a149d0c231255767a,987a149d0c231255767a.webp,true,2026-06-10,113,3,aruco,282,aruco:282,decoder_no_confirmation,[],2026-06-10/bee-113,aruco:282,confirmed,,in_domain,true
52ed0eb0a42de25022d2,52ed0eb0a42de25022d2.webp,true,2026-06-10,114,1,aruco,354,aruco:354,decoder_no_confirmation,[],2026-06-10/bee-114,aruco:354,confirmed,,in_domain,true
2e78667daf4786b038bc,2e78667daf4786b038bc.webp,true,2026-06-10,115,1,aruco,445,aruco:445,decoder_conflict,"[2197, 3439]",2026-06-10/bee-115,aruco:445,confirmed,,in_domain,true
a2f1dd6254656f64c908,a2f1dd6254656f64c908.webp,true,2026-06-10,116,1,aruco,,,decoder_found_id,"[2219, 2219, 2902]",2026-06-10/bee-116,aruco:308,confirmed,,in_domain,true
ed24ee369b9041de569f,ed24ee369b9041de569f.webp,true,2026-06-10,117,1,aruco,379,aruco:379,decoder_no_confirmation,[],2026-06-10/bee-117,aruco:379,confirmed,,in_domain,true
dd9f9527a9ea3d2fce96,dd9f9527a9ea3d2fce96.webp,true,2026-06-10,117,2,aruco,379,aruco:379,decoder_conflict,[1708],2026-06-10/bee-117,aruco:379,confirmed,,in_domain,true
cd8970686e0f102250fe,cd8970686e0f102250fe.webp,true,2026-06-11,1,1,aruco,,,decoder_found_id,[2219],2026-06-11/bee-1,aruco:462,confirmed,,in_domain,true
a85b6ecccd66e938f2a9,a85b6ecccd66e938f2a9.webp,true,2026-06-11,2,1,aruco,332,aruco:332,decoder_conflict,[2219],2026-06-11/bee-2,aruco:332,confirmed,,in_domain,true
92848ed0651c18bfde30,92848ed0651c18bfde30.webp,true,2026-06-11,3,1,aruco,190,aruco:190,decoder_conflict,[2219],2026-06-11/bee-3,aruco:394,confirmed,,in_domain,true
c9bd7e13b4eed364ac94,c9bd7e13b4eed364ac94.webp,true,2026-06-11,4,1,aruco,306,aruco:306,decoder_confirmed,[306],2026-06-11/bee-4,aruco:306,confirmed,,in_domain,true
6566d87b23b4979453f5,6566d87b23b4979453f5.webp,true,2026-06-11,5,1,aruco,356,aruco:356,decoder_conflict,"[190, 2197]",2026-06-11/bee-5,aruco:356,confirmed,,in_domain,true
7799654972b7fa78cdb7,7799654972b7fa78cdb7.webp,true,2026-06-11,6,1,aruco,355,aruco:355,decoder_conflict,[944],2026-06-11/bee-6,aruco:355,confirmed,,in_domain,true
9bf64f1b13c604e58792,9bf64f1b13c604e58792.webp,true,2026-06-11,7,1,aruco,298,aruco:298,decoder_conflict,[2762],2026-06-11/bee-7,aruco:298,confirmed,,in_domain,true
f188d5815796c527e283,f188d5815796c527e283.webp,true,2026-06-11,7,2,aruco,298,aruco:298,decoder_no_confirmation,[],2026-06-11/bee-7,aruco:298,confirmed,,in_domain,true
014c10cc55f8c779b3b6,014c10cc55f8c779b3b6.webp,true,2026-06-11,8,1,aruco,406,aruco:406,decoder_confirmed,[406],2026-06-11/bee-8,aruco:406,confirmed,,in_domain,true
4fb098dfb7514c0ec995,4fb098dfb7514c0ec995.webp,true,2026-06-11,9,1,aruco,987,aruco:987,decoder_conflict,"[893, 2197, 2219]",2026-06-11/bee-9,aruco:348,confirmed,,in_domain,true
5c505c944709ee7d3c34,5c505c944709ee7d3c34.webp,true,2026-06-11,10,1,aruco,419,aruco:419,decoder_conflict,"[1545, 2354]",2026-06-11/bee-10,aruco:419,confirmed,,in_domain,true
e0860270c4dbe4abf90c,e0860270c4dbe4abf90c.webp,true,2026-06-11,11,1,aruco,352,aruco:352,decoder_conflict,[106],2026-06-11/bee-11,aruco:352,confirmed,,in_domain,true
025640a40f7a702462d8,025640a40f7a702462d8.webp,true,2026-06-11,12,1,aruco,384,aruco:384,decoder_conflict,[2354],2026-06-11/bee-12,aruco:384,confirmed,,in_domain,true
d023740b88c6094ce7b7,d023740b88c6094ce7b7.webp,true,2026-06-11,13,1,aruco,339,aruco:339,decoder_conflict,[2219],2026-06-11/bee-13,aruco:339,confirmed,,in_domain,true
c4bb469c958631e2d378,c4bb469c958631e2d378.webp,true,2026-06-11,13,2,aruco,339,aruco:339,decoder_conflict,[2219],2026-06-11/bee-13,aruco:339,confirmed,,in_domain,true
051b66121a94b4bb427b,051b66121a94b4bb427b.webp,true,2026-06-11,14,1,aruco,190,aruco:190,decoder_conflict,[2308],2026-06-11/bee-14,aruco:411,confirmed,,in_domain,true
611cb619fcf2a4d663c3,611cb619fcf2a4d663c3.webp,true,2026-06-11,15,1,aruco,431,aruco:431,decoder_confirmed,[431],2026-06-11/bee-15,aruco:431,confirmed,,in_domain,true
25e011bc1745e39d211d,25e011bc1745e39d211d.webp,true,2026-06-11,15,2,aruco,431,aruco:431,decoder_no_confirmation,[],2026-06-11/bee-15,aruco:431,confirmed,,in_domain,true
def6277d9ffbdfe264dd,def6277d9ffbdfe264dd.webp,true,2026-06-11,16,1,aruco,466,aruco:466,decoder_conflict,"[414, 2219]",2026-06-11/bee-16,aruco:466,confirmed,,in_domain,true
41d86703cfda02ae39b8,41d86703cfda02ae39b8.webp,true,2026-06-11,17,1,aruco,334,aruco:334,decoder_conflict,[1985],2026-06-11/bee-17,aruco:334,confirmed,,in_domain,true
e58e7fa5503cc3045a91,e58e7fa5503cc3045a91.webp,true,2026-06-11,18,1,aruco,653,aruco:653,decoder_conflict,[425],2026-06-11/bee-18,aruco:273,confirmed,,in_domain,true
5e44b255ee5a899d1e10,5e44b255ee5a899d1e10.webp,true,2026-06-11,19,1,aruco,,,no_tag_decoded,[],2026-06-11/bee-19,,dorsal,,in_domain,true
1a01b4683b909ade0ef5,1a01b4683b909ade0ef5.webp,true,2026-06-11,19,2,aruco,,,decoder_found_id,[17],2026-06-11/bee-19,,dorsal,,in_domain,true
c9b602e290a3760915e8,c9b602e290a3760915e8.webp,true,2026-06-11,20,1,aruco,460,aruco:460,decoder_conflict,[3365],2026-06-11/bee-20,aruco:705,confirmed,,in_domain,true
1b05def24faf80f76df9,1b05def24faf80f76df9.webp,true,2026-06-11,20,2,aruco,460,aruco:460,decoder_conflict,[3619],2026-06-11/bee-20,aruco:705,confirmed,,in_domain,true
6e08cc0cd9f820974be8,6e08cc0cd9f820974be8.webp,true,2026-06-11,21,1,aruco,425,aruco:425,decoder_conflict,[3003],2026-06-11/bee-21,aruco:425,confirmed,,in_domain,true
a11a4024baeb65c4e9ea,a11a4024baeb65c4e9ea.webp,true,2026-06-11,22,1,aruco,347,aruco:347,decoder_conflict,[3434],2026-06-11/bee-22,aruco:347,confirmed,,in_domain,true
6f460db53e70a82f7286,6f460db53e70a82f7286.webp,true,2026-06-11,23,1,aruco,322,aruco:322,decoder_no_confirmation,[],2026-06-11/bee-23,aruco:322,confirmed,,in_domain,true
354892090ee353325e0e,354892090ee353325e0e.webp,true,2026-06-11,23,2,aruco,322,aruco:322,decoder_confirmed_with_competing_ids,"[322, 441, 1800]",2026-06-11/bee-23,aruco:322,confirmed,,in_domain,true
9daa8ebc0f3783905e3c,9daa8ebc0f3783905e3c.webp,true,2026-06-11,24,1,aruco,450,aruco:450,decoder_confirmed,[450],2026-06-11/bee-24,aruco:450,confirmed,,in_domain,true
3cbc97cd8f94f742264b,3cbc97cd8f94f742264b.webp,true,2026-06-11,24,2,aruco,450,aruco:450,decoder_confirmed,[450],2026-06-11/bee-24,aruco:450,confirmed,,in_domain,true
7977c08c59099f1238eb,7977c08c59099f1238eb.webp,true,2026-06-11,25,1,aruco,304,aruco:304,decoder_conflict,[3169],2026-06-11/bee-25,aruco:304,confirmed,,in_domain,true
80aa985d48ce49cdc421,80aa985d48ce49cdc421.webp,true,2026-06-11,26,1,aruco,248,aruco:248,decoder_conflict,"[1302, 2219]",2026-06-11/bee-26,aruco:248,confirmed,,in_domain,true
30134902bedae933e0cc,30134902bedae933e0cc.webp,true,2026-06-11,27,1,aruco,222,aruco:222,decoder_conflict,"[37, 2197]",2026-06-11/bee-27,aruco:222,confirmed,,in_domain,true
3e557c826fad89bc87a9,3e557c826fad89bc87a9.webp,true,2026-06-11,28,1,aruco,,,no_tag_decoded,[],2026-06-11/bee-28,,,possibly 110?,in_domain,true
fab1bbbb595c93d76d9f,fab1bbbb595c93d76d9f.webp,true,2026-06-11,28,2,aruco,,,decoder_found_id,[1537],2026-06-11/bee-28,,,possibly 110?,in_domain,true
8a473f9e7c67765eab68,8a473f9e7c67765eab68.webp,true,2026-06-11,28,3,aruco,,,decoder_found_id,"[145, 2219]",2026-06-11/bee-28,,,possibly 110?,in_domain,true
556e55351c231e91fa40,556e55351c231e91fa40.webp,true,2026-06-11,29,1,aruco,404,aruco:404,decoder_conflict,[3434],2026-06-11/bee-29,aruco:404,confirmed,,in_domain,true
f4eb1f9f66c165243e0a,f4eb1f9f66c165243e0a.webp,true,2026-06-11,29,2,aruco,404,aruco:404,decoder_conflict,"[2219, 2219]",2026-06-11/bee-29,aruco:404,confirmed,,in_domain,true
652edfe545a134427e72,652edfe545a134427e72.webp,true,2026-06-11,29,3,aruco,404,aruco:404,decoder_conflict,[2219],2026-06-11/bee-29,aruco:404,confirmed,,in_domain,true
1de6d35b702f659f5e42,1de6d35b702f659f5e42.webp,true,2026-06-11,30,1,aruco,361,aruco:361,decoder_conflict,"[2219, 2219]",2026-06-11/bee-30,aruco:361,confirmed,,in_domain,true
2a4675a03f7d09cd7196,2a4675a03f7d09cd7196.webp,true,2026-06-11,31,1,aruco,416,aruco:416,decoder_conflict,[2219],2026-06-11/bee-31,aruco:416,confirmed,,in_domain,true
380c42ed274b62641f2c,380c42ed274b62641f2c.webp,true,2026-06-11,31,2,aruco,416,aruco:416,decoder_conflict,[2219],2026-06-11/bee-31,aruco:416,confirmed,,in_domain,true
0f7bb141f6eae253bb8c,0f7bb141f6eae253bb8c.webp,true,2026-06-11,32,1,aruco,372,aruco:372,decoder_confirmed_with_competing_ids,"[372, 3960]",2026-06-11/bee-32,aruco:372,confirmed,,in_domain,true
f47107417b8ee85876db,f47107417b8ee85876db.webp,true,2026-06-11,32,2,aruco,372,aruco:372,decoder_conflict,[2197],2026-06-11/bee-32,aruco:372,confirmed,,in_domain,true
262f1ae7c07fe1ea473c,262f1ae7c07fe1ea473c.webp,true,2026-06-11,33,1,aruco,337,aruco:337,decoder_conflict,[3619],2026-06-11/bee-33,aruco:337,confirmed,,in_domain,true
d41ea8f5ec5393f3b6e3,d41ea8f5ec5393f3b6e3.webp,true,2026-06-11,34,1,aruco,370,aruco:370,decoder_no_confirmation,[],2026-06-11/bee-34,aruco:370,confirmed,,in_domain,true
c3f6d1bab024ae220500,c3f6d1bab024ae220500.webp,true,2026-06-11,35,1,aruco,277,aruco:277,decoder_no_confirmation,[],2026-06-11/bee-35,aruco:277,confirmed,,in_domain,true
8b906963704a3c053b91,8b906963704a3c053b91.webp,true,2026-06-11,35,2,aruco,277,aruco:277,decoder_conflict,"[1582, 2354]",2026-06-11/bee-35,aruco:277,confirmed,,in_domain,true
292827fcc9231448069b,292827fcc9231448069b.webp,true,2026-06-11,36,1,aruco,397,aruco:397,decoder_conflict,"[110, 1824]",2026-06-11/bee-36,aruco:397,confirmed,,in_domain,true
758471bc0d725bd2276e,758471bc0d725bd2276e.webp,true,2026-06-11,37,1,aruco,461,aruco:461,decoder_conflict,[2219],2026-06-11/bee-37,aruco:461,confirmed,,in_domain,true
43d9f499d74ff8d8a844,43d9f499d74ff8d8a844.webp,true,2026-06-11,37,2,aruco,461,aruco:461,decoder_no_confirmation,[],2026-06-11/bee-37,aruco:461,confirmed,,in_domain,true
be73e79124971ef0edd1,be73e79124971ef0edd1.webp,true,2026-06-11,38,1,aruco,284,aruco:284,decoder_conflict,"[1359, 1537]",2026-06-11/bee-38,aruco:284,confirmed,,in_domain,true
80286f3bc954c2e2028c,80286f3bc954c2e2028c.webp,true,2026-06-11,38,2,aruco,284,aruco:284,decoder_confirmed,[284],2026-06-11/bee-38,aruco:284,confirmed,,in_domain,true
7b776b88fa4abc64dbd4,7b776b88fa4abc64dbd4.webp,true,2026-06-11,39,1,aruco,454,aruco:454,decoder_conflict,"[1207, 1476, 2197]",2026-06-11/bee-39,aruco:454,confirmed,,in_domain,true
c465f7e096652560d14d,c465f7e096652560d14d.webp,true,2026-06-11,39,2,aruco,454,aruco:454,decoder_no_confirmation,[],2026-06-11/bee-39,aruco:454,confirmed,,in_domain,true
033e931aa002cb09648b,033e931aa002cb09648b.webp,true,2026-06-11,40,1,aruco,457,aruco:457,decoder_confirmed_with_competing_ids,"[457, 3619]",2026-06-11/bee-40,aruco:457,confirmed,,in_domain,true
cb4a79b304eb32a090f1,cb4a79b304eb32a090f1.webp,true,2026-06-11,41,1,aruco,437,aruco:437,decoder_no_confirmation,[],2026-06-11/bee-41,aruco:387,confirmed,,in_domain,true
fd172d75672d5b088719,fd172d75672d5b088719.webp,true,2026-06-11,41,2,aruco,437,aruco:437,decoder_conflict,[3619],2026-06-11/bee-41,aruco:387,confirmed,,in_domain,true
0a58d069e81bd007e666,0a58d069e81bd007e666.webp,true,2026-06-11,42,1,aruco,291,aruco:291,decoder_conflict,"[2219, 3003]",2026-06-11/bee-42,aruco:291,confirmed,,in_domain,true
c134d466c21192752e40,c134d466c21192752e40.webp,true,2026-06-11,43,1,aruco,449,aruco:449,decoder_conflict,[2058],2026-06-11/bee-43,aruco:449,confirmed,,in_domain,true
f8a942558b33198efddc,f8a942558b33198efddc.webp,true,2026-06-11,44,1,aruco,362,aruco:362,decoder_conflict,"[2219, 2219]",2026-06-11/bee-44,aruco:362,confirmed,,in_domain,true
07dba58af9de9a3a0cf7,07dba58af9de9a3a0cf7.webp,true,2026-06-11,44,2,aruco,362,aruco:362,decoder_no_confirmation,[],2026-06-11/bee-44,aruco:362,confirmed,,in_domain,true
8324498a1204af969818,8324498a1204af969818.webp,true,2026-06-11,45,1,aruco,279,aruco:279,decoder_conflict,[1221],2026-06-11/bee-45,aruco:279,confirmed,,in_domain,true
9cc8b4e8fc658332a4b9,9cc8b4e8fc658332a4b9.webp,true,2026-06-11,46,1,aruco,403,aruco:403,decoder_confirmed,[403],2026-06-11/bee-46,aruco:403,confirmed,,in_domain,true
4c985cd0393e2b9889a1,4c985cd0393e2b9889a1.webp,true,2026-06-11,47,1,aruco,378,aruco:378,decoder_conflict,[2219],2026-06-11/bee-47,aruco:378,confirmed,,in_domain,true
8d086400106d1a7af2f9,8d086400106d1a7af2f9.webp,true,2026-06-11,48,1,aruco,294,aruco:294,decoder_confirmed_with_competing_ids,"[294, 2219, 2219]",2026-06-11/bee-48,aruco:294,confirmed,,in_domain,true
d6f194df54bba7c04f14,d6f194df54bba7c04f14.webp,true,2026-06-11,49,1,aruco,,,decoder_found_id,[3619],2026-06-11/bee-49,,unreadable,actually unreadable,in_domain,true
4fda441cfb30d943b0b5,4fda441cfb30d943b0b5.webp,true,2026-06-11,49,2,aruco,,,no_tag_decoded,[],2026-06-11/bee-49,,unreadable,actually unreadable,in_domain,true
9e05575d5165c0ab30e1,9e05575d5165c0ab30e1.webp,true,2026-06-11,50,1,aruco,301,aruco:301,decoder_conflict,[2208],2026-06-11/bee-50,aruco:301,confirmed,,in_domain,true
bfc54b6bb75f6f4dde44,bfc54b6bb75f6f4dde44.webp,true,2026-06-11,51,1,aruco,,,no_tag_decoded,[],2026-06-11/bee-51,aruco:326,confirmed,,in_domain,true
e00c807df45a0d43110a,e00c807df45a0d43110a.webp,true,2026-06-11,51,2,aruco,,,decoder_found_id,[17],2026-06-11/bee-51,aruco:326,confirmed,,in_domain,true
02fd9d56afac81b11d6a,02fd9d56afac81b11d6a.webp,true,2026-06-11,51,3,aruco,,,decoder_found_id,[326],2026-06-11/bee-51,aruco:326,confirmed,,in_domain,true
ea40b9606172c11a5c5d,ea40b9606172c11a5c5d.webp,true,2026-06-11,52,1,aruco,,,no_tag_decoded,[],2026-06-11/bee-52,aruco:414,confirmed,,in_domain,true
040743e3222c74ecd551,040743e3222c74ecd551.webp,true,2026-06-11,52,2,aruco,,,no_tag_decoded,[],2026-06-11/bee-52,aruco:414,confirmed,,in_domain,true
ebaec5b38f0044ec8d3c,ebaec5b38f0044ec8d3c.webp,true,2026-06-11,53,1,aruco,421,aruco:421,decoder_conflict,"[2197, 2219, 3619]",2026-06-11/bee-53,aruco:421,confirmed,,in_domain,true
a8c8d3f029528e6f4242,a8c8d3f029528e6f4242.webp,true,2026-06-11,53,2,aruco,421,aruco:421,decoder_conflict,"[2197, 2197, 2197]",2026-06-11/bee-53,aruco:421,confirmed,,in_domain,true
29d8c9815a1e9e966cae,29d8c9815a1e9e966cae.webp,true,2026-06-11,54,1,aruco,17,aruco:17,decoder_no_confirmation,[],2026-06-11/bee-54,aruco:319,confirmed,,in_domain,true
4e0cde9d3ddea062dabf,4e0cde9d3ddea062dabf.webp,true,2026-06-11,55,1,aruco,,,decoder_found_id,[2219],2026-06-11/bee-55,aruco:338,confirmed,,in_domain,true
6368f73bb0175b1fbfa9,6368f73bb0175b1fbfa9.webp,true,2026-06-11,55,2,aruco,,,decoder_found_id,[2197],2026-06-11/bee-55,aruco:338,confirmed,,in_domain,true
3481062a85d744a48d20,3481062a85d744a48d20.webp,true,2026-06-11,56,1,aruco,381,aruco:381,decoder_no_confirmation,[],2026-06-11/bee-56,aruco:381,confirmed,,in_domain,true
d3feb9c18fb4b17ff979,d3feb9c18fb4b17ff979.webp,true,2026-06-11,56,2,aruco,381,aruco:381,decoder_conflict,"[216, 2219]",2026-06-11/bee-56,aruco:381,confirmed,,in_domain,true
24ba0f7ce32f3477bb1a,24ba0f7ce32f3477bb1a.webp,true,2026-06-11,57,1,aruco,293,aruco:293,decoder_confirmed,[293],2026-06-11/bee-57,aruco:293,confirmed,,in_domain,true
d4588f3cccd55a1cd90b,d4588f3cccd55a1cd90b.webp,true,2026-06-11,57,2,aruco,293,aruco:293,decoder_conflict,"[190, 3797]",2026-06-11/bee-57,aruco:293,confirmed,,in_domain,true
d7f5e8a93d16741ee6cf,d7f5e8a93d16741ee6cf.webp,true,2026-06-11,58,1,aruco,309,aruco:309,decoder_confirmed,[309],2026-06-11/bee-58,aruco:309,confirmed,,in_domain,true
8df3ad16cb7f63d8f4b5,8df3ad16cb7f63d8f4b5.webp,true,2026-06-11,59,1,aruco,320,aruco:320,decoder_conflict,[2219],2026-06-11/bee-59,aruco:320,confirmed,,in_domain,true
d6a8b1c381b1406f3c71,d6a8b1c381b1406f3c71.webp,true,2026-06-11,60,1,aruco,410,aruco:410,decoder_confirmed_with_competing_ids,"[410, 1556]",2026-06-11/bee-60,aruco:410,confirmed,,in_domain,true
22ba8a4df5496cae6c3e,22ba8a4df5496cae6c3e.webp,true,2026-06-11,61,1,aruco,342,aruco:342,decoder_conflict,[2219],2026-06-11/bee-61,aruco:342,confirmed,,in_domain,true
7690e79c03e20904a9a6,7690e79c03e20904a9a6.webp,true,2026-06-11,62,1,aruco,295,aruco:295,decoder_conflict,[472],2026-06-11/bee-62,aruco:295,confirmed,,in_domain,true
82d8eebd5639ceff9e78,82d8eebd5639ceff9e78.webp,true,2026-06-11,63,1,aruco,359,aruco:359,decoder_conflict,[3339],2026-06-11/bee-63,aruco:359,confirmed,,in_domain,true
b9fbaa4d572412a3a002,b9fbaa4d572412a3a002.webp,true,2026-06-11,64,1,aruco,388,aruco:388,decoder_conflict,[1673],2026-06-11/bee-64,aruco:388,confirmed,,in_domain,true
5e95368d8deada215150,5e95368d8deada215150.webp,true,2026-06-11,65,1,aruco,446,aruco:446,decoder_no_confirmation,[],2026-06-11/bee-65,aruco:446,confirmed,,in_domain,true
059b5b7635515653100e,059b5b7635515653100e.webp,true,2026-06-11,65,2,aruco,446,aruco:446,decoder_confirmed_with_competing_ids,"[446, 2197, 2197, 2219, 3315, 3619]",2026-06-11/bee-65,aruco:446,confirmed,,in_domain,true
379dd22ca990401f7bd6,379dd22ca990401f7bd6.webp,true,2026-06-11,66,1,aruco,17,aruco:17,decoder_conflict,[2219],2026-06-11/bee-66,aruco:402,confirmed,,in_domain,true
d2854b35f10c98994bc9,d2854b35f10c98994bc9.webp,true,2026-06-11,66,2,aruco,17,aruco:17,decoder_conflict,[2219],2026-06-11/bee-66,aruco:402,confirmed,,in_domain,true
f78f75de316856b6d604,f78f75de316856b6d604.webp,true,2026-06-11,67,1,aruco,290,aruco:290,decoder_confirmed_with_competing_ids,"[290, 2219, 3619]",2026-06-11/bee-67,aruco:290,confirmed,,in_domain,true
362bf5b7b400e7c566d3,362bf5b7b400e7c566d3.webp,true,2026-06-11,68,1,aruco,,,decoder_found_id,[3619],2026-06-11/bee-68,,dorsal,,in_domain,true
f2ce8a993412f64fefb0,f2ce8a993412f64fefb0.webp,true,2026-06-11,69,1,aruco,407,aruco:407,decoder_no_confirmation,[],2026-06-11/bee-69,aruco:407,confirmed,,in_domain,true
5cb81c950bc19a9ed6b6,5cb81c950bc19a9ed6b6.webp,true,2026-06-11,70,1,aruco,345,aruco:345,decoder_no_confirmation,[],2026-06-11/bee-70,aruco:345,confirmed,,in_domain,true
80dff94da783eaacc386,80dff94da783eaacc386.webp,true,2026-06-11,70,2,aruco,345,aruco:345,decoder_conflict,"[379, 1061, 2219]",2026-06-11/bee-70,aruco:345,confirmed,,in_domain,true
bc637d73920fdbf5ac1e,bc637d73920fdbf5ac1e.webp,true,2026-06-11,71,1,aruco,316,aruco:316,decoder_no_confirmation,[],2026-06-11/bee-71,aruco:316,confirmed,,in_domain,true
889c4939d3db25085e5e,889c4939d3db25085e5e.webp,true,2026-06-11,71,2,aruco,316,aruco:316,decoder_conflict,[2219],2026-06-11/bee-71,aruco:316,confirmed,,in_domain,true
d68193f01960aea536fb,d68193f01960aea536fb.webp,true,2026-06-11,72,1,aruco,307,aruco:307,decoder_no_confirmation,[],2026-06-11/bee-72,aruco:307,confirmed,,in_domain,true
659b3ee4f1616b70dd51,659b3ee4f1616b70dd51.webp,true,2026-06-11,72,2,aruco,307,aruco:307,decoder_conflict,[3619],2026-06-11/bee-72,aruco:307,confirmed,,in_domain,true
25a897868630597ee0a8,25a897868630597ee0a8.webp,true,2026-06-11,73,1,aruco,467,aruco:467,decoder_conflict,[3619],2026-06-11/bee-73,aruco:467,confirmed,,in_domain,true
f8066bdc1b0b91ae7ece,f8066bdc1b0b91ae7ece.webp,true,2026-06-11,74,1,aruco,,,decoder_found_id,[2219],2026-06-11/bee-74,aruco:329,confirmed,,in_domain,true
28b636cce397f472eba0,28b636cce397f472eba0.webp,true,2026-06-11,74,2,aruco,,,no_tag_decoded,[],2026-06-11/bee-74,aruco:329,confirmed,,in_domain,true
b311898614454d8e77e9,b311898614454d8e77e9.webp,true,2026-06-11,75,1,aruco,366,aruco:366,decoder_conflict,"[1370, 2219]",2026-06-11/bee-75,aruco:366,confirmed,,in_domain,true
fb16b74badae89b74b5a,fb16b74badae89b74b5a.webp,true,2026-06-11,76,1,aruco,311,aruco:311,decoder_no_confirmation,[],2026-06-11/bee-76,aruco:311,confirmed,,in_domain,true
f11cbe25f6e17b268a6a,f11cbe25f6e17b268a6a.webp,true,2026-06-11,77,1,aruco,,,no_tag_decoded,[],2026-06-11/bee-77,aruco:415,confirmed,,in_domain,true
08e9b4d3cdfd9faf6f6c,08e9b4d3cdfd9faf6f6c.webp,true,2026-06-11,78,1,aruco,409,aruco:409,decoder_conflict,[3619],2026-06-11/bee-78,aruco:409,confirmed,,in_domain,true
3dd66c5b425ca72a0d7c,3dd66c5b425ca72a0d7c.webp,true,2026-06-11,79,1,aruco,409,aruco:409,decoder_no_confirmation,[],2026-06-11/bee-79,aruco:409,confirmed,,in_domain,true
4dd5fdf803ade0c549f4,4dd5fdf803ade0c549f4.webp,true,2026-06-11,79,2,aruco,409,aruco:409,decoder_conflict,[2219],2026-06-11/bee-79,aruco:409,confirmed,,in_domain,true
4d08c943f0f629c0cf4a,4d08c943f0f629c0cf4a.webp,true,2026-06-11,80,1,aruco,422,aruco:422,decoder_conflict,[2197],2026-06-11/bee-80,aruco:422,confirmed,,in_domain,true
242e75c4c07cd7df70e1,242e75c4c07cd7df70e1.webp,true,2026-06-11,81,1,aruco,412,aruco:412,decoder_confirmed_with_competing_ids,"[412, 2219]",2026-06-11/bee-81,aruco:412,confirmed,,in_domain,true
53f60801aef26054776f,53f60801aef26054776f.webp,true,2026-06-11,82,1,aruco,255,aruco:255,decoder_conflict,"[430, 3619]",2026-06-11/bee-82,aruco:430,confirmed,,in_domain,true
1e316a48d579e125cfa4,1e316a48d579e125cfa4.webp,true,2026-06-11,82,2,aruco,255,aruco:255,decoder_conflict,[2197],2026-06-11/bee-82,aruco:430,confirmed,,in_domain,true
672628c5dc950f2dd21f,672628c5dc950f2dd21f.webp,true,2026-06-11,83,1,aruco,,,decoder_found_id,[2354],2026-06-11/bee-83,aruco:433,confirmed,,in_domain,true
0bfd58a9961ea73567f5,0bfd58a9961ea73567f5.webp,true,2026-06-11,84,1,aruco,190,aruco:190,decoder_conflict,[2354],2026-06-11/bee-84,aruco:343,confirmed,,in_domain,true
cc84e4b28ae4cb43543f,cc84e4b28ae4cb43543f.webp,true,2026-06-11,84,2,aruco,190,aruco:190,decoder_conflict,[378],2026-06-11/bee-84,aruco:343,confirmed,,in_domain,true
a51471abdb31d11bfd6b,a51471abdb31d11bfd6b.webp,true,2026-06-11,85,1,aruco,285,aruco:285,decoder_conflict,[1830],2026-06-11/bee-85,aruco:285,confirmed,,in_domain,true
173b69df96857e94508e,173b69df96857e94508e.webp,true,2026-06-11,86,1,aruco,439,aruco:439,decoder_confirmed,[439],2026-06-11/bee-86,aruco:439,confirmed,,in_domain,true
fdeaef64e1665b2daca7,fdeaef64e1665b2daca7.webp,true,2026-06-11,86,2,aruco,439,aruco:439,decoder_no_confirmation,[],2026-06-11/bee-86,aruco:439,confirmed,,in_domain,true
134c7aac1ec2ad0230e4,134c7aac1ec2ad0230e4.webp,true,2026-06-11,86,3,aruco,439,aruco:439,decoder_conflict,[3619],2026-06-11/bee-86,aruco:439,confirmed,,in_domain,true
5a05e4a2c47053355252,5a05e4a2c47053355252.webp,true,2026-06-11,87,1,aruco,376,aruco:376,decoder_no_confirmation,[],2026-06-11/bee-87,aruco:376,confirmed,,in_domain,true
edb8734c818bf259dac8,edb8734c818bf259dac8.webp,true,2026-06-11,88,1,aruco,444,aruco:444,decoder_conflict,"[432, 3960]",2026-06-11/bee-88,aruco:444,confirmed,,in_domain,true
57a689217d97a17c861a,57a689217d97a17c861a.webp,true,2026-06-11,89,1,aruco,258,aruco:258,decoder_conflict,[2228],2026-06-11/bee-89,aruco:258,confirmed,,in_domain,true
3c9a92f4af0aff1ef143,3c9a92f4af0aff1ef143.webp,true,2026-06-11,89,2,aruco,258,aruco:258,decoder_conflict,[17],2026-06-11/bee-89,aruco:258,confirmed,,in_domain,true
28a80ce2b2034ce703b0,28a80ce2b2034ce703b0.webp,true,2026-06-11,90,1,aruco,324,aruco:324,decoder_conflict,[3619],2026-06-11/bee-90,aruco:324,confirmed,,in_domain,true
513563beb4fc93d5f83a,513563beb4fc93d5f83a.webp,true,2026-06-11,91,1,aruco,391,aruco:391,decoder_conflict,[3514],2026-06-11/bee-91,aruco:391,confirmed,,in_domain,true
215ecbd302bdecc06d01,215ecbd302bdecc06d01.webp,true,2026-06-11,91,2,aruco,391,aruco:391,decoder_conflict,"[2219, 3545]",2026-06-11/bee-91,aruco:391,confirmed,,in_domain,true
b4a0c3d46416f5d2a2bf,b4a0c3d46416f5d2a2bf.webp,true,2026-06-11,92,1,aruco,364,aruco:364,decoder_conflict,[2197],2026-06-11/bee-92,aruco:364,confirmed,,in_domain,true
2b944b15ffab49107d9b,2b944b15ffab49107d9b.webp,true,2026-06-11,93,1,aruco,358,aruco:358,decoder_confirmed,[358],2026-06-11/bee-93,aruco:358,confirmed,,in_domain,true
b8cf8f7b1fc48815361e,b8cf8f7b1fc48815361e.webp,true,2026-06-11,94,1,aruco,653,aruco:653,decoder_conflict,[190],2026-06-11/bee-94,aruco:390,confirmed,,in_domain,true
156f7186a898f401536d,156f7186a898f401536d.webp,true,2026-06-11,95,1,aruco,437,aruco:437,decoder_no_confirmation,[],2026-06-11/bee-95,aruco:437,confirmed,,in_domain,true
c5e29ad2079a1d0525af,c5e29ad2079a1d0525af.webp,true,2026-06-11,95,2,aruco,437,aruco:437,decoder_confirmed_with_competing_ids,"[432, 437]",2026-06-11/bee-95,aruco:437,confirmed,,in_domain,true
c45efe62a0ad9c97de0d,c45efe62a0ad9c97de0d.webp,true,2026-06-11,96,1,aruco,399,aruco:399,decoder_no_confirmation,[],2026-06-11/bee-96,aruco:399,confirmed,,in_domain,true
c5de4e546cb077886e91,c5de4e546cb077886e91.webp,true,2026-06-11,96,2,aruco,399,aruco:399,decoder_confirmed_with_competing_ids,"[17, 399, 2551]",2026-06-11/bee-96,aruco:399,confirmed,,in_domain,true
bfeaf505ae262eb95454,bfeaf505ae262eb95454.webp,true,2026-06-11,97,1,aruco,351,aruco:351,decoder_confirmed_with_competing_ids,"[351, 3003, 3577]",2026-06-11/bee-97,aruco:351,confirmed,,in_domain,true
bfa95834c5029fc33926,bfa95834c5029fc33926.webp,true,2026-06-11,97,2,aruco,351,aruco:351,decoder_conflict,[2219],2026-06-11/bee-97,aruco:351,confirmed,,in_domain,true
e83d95d32a12b28e660c,e83d95d32a12b28e660c.webp,true,2026-06-11,98,1,aruco,,,no_tag_decoded,[],2026-06-11/bee-98,aruco:432,confirmed,,in_domain,true
01cda108c8a2f9792fdc,01cda108c8a2f9792fdc.webp,true,2026-06-11,99,1,aruco,,,decoder_found_id,"[2197, 3769]",2026-06-11/bee-99,aruco:438,confirmed,,in_domain,true
4353513c737959c40c20,4353513c737959c40c20.webp,true,2026-06-11,99,2,aruco,,,no_tag_decoded,[],2026-06-11/bee-99,aruco:438,confirmed,,in_domain,true
f25f8fbb1b7405cde3b4,f25f8fbb1b7405cde3b4.webp,true,2026-06-11,100,1,aruco,443,aruco:443,decoder_confirmed,[443],2026-06-11/bee-100,aruco:443,confirmed,,in_domain,true
76a9d0a9b99e79e5b5cb,76a9d0a9b99e79e5b5cb.webp,true,2026-06-11,100,2,aruco,443,aruco:443,decoder_no_confirmation,[],2026-06-11/bee-100,aruco:443,confirmed,,in_domain,true
9d76f9129b469ca93c9c,9d76f9129b469ca93c9c.webp,true,2026-06-11,101,1,aruco,315,aruco:315,decoder_conflict,[653],2026-06-11/bee-101,aruco:315,confirmed,,in_domain,true
8afce8ed8c49b575d514,8afce8ed8c49b575d514.webp,true,2026-06-11,102,1,aruco,323,aruco:323,decoder_conflict,[2197],2026-06-11/bee-102,aruco:323,confirmed,,in_domain,true
1d0d6e960751f08f4294,1d0d6e960751f08f4294.webp,true,2026-06-11,102,2,aruco,323,aruco:323,decoder_conflict,[2219],2026-06-11/bee-102,aruco:323,confirmed,,in_domain,true
5022ef38f6652411b34f,5022ef38f6652411b34f.webp,true,2026-06-11,103,1,aruco,423,aruco:423,decoder_conflict,[2219],2026-06-11/bee-103,aruco:423,confirmed,,in_domain,true
e5e72ed432ac3f53f5cf,e5e72ed432ac3f53f5cf.webp,true,2026-06-11,103,2,aruco,423,aruco:423,decoder_conflict,"[1679, 2219, 2219]",2026-06-11/bee-103,aruco:423,confirmed,,in_domain,true
8928f85f5b1ac1ac4540,8928f85f5b1ac1ac4540.webp,true,2026-06-11,104,1,aruco,357,aruco:357,decoder_conflict,"[109, 987, 3230]",2026-06-11/bee-104,aruco:357,confirmed,,in_domain,true
71a4aad288806657281c,71a4aad288806657281c.webp,true,2026-06-11,105,1,aruco,380,aruco:380,decoder_no_confirmation,[],2026-06-11/bee-105,aruco:380,confirmed,,in_domain,true
b84e75902f3c7291927e,b84e75902f3c7291927e.webp,true,2026-06-11,105,2,aruco,380,aruco:380,decoder_conflict,"[2219, 2465]",2026-06-11/bee-105,aruco:380,confirmed,,in_domain,true
77473ff825e3cad6b2b8,77473ff825e3cad6b2b8.webp,true,2026-06-11,106,1,aruco,268,aruco:268,decoder_conflict,[3434],2026-06-11/bee-106,aruco:268,confirmed,,in_domain,true
83e0900fd29e2818fbd4,83e0900fd29e2818fbd4.webp,true,2026-06-11,106,2,aruco,268,aruco:268,decoder_conflict,"[2219, 3960]",2026-06-11/bee-106,aruco:268,confirmed,,in_domain,true
7f40c030dc5dbb88aed4,7f40c030dc5dbb88aed4.webp,true,2026-06-11,107,1,aruco,276,aruco:276,decoder_no_confirmation,[],2026-06-11/bee-107,aruco:276,confirmed,,in_domain,true
7159d13e513f0eee0c52,7159d13e513f0eee0c52.webp,true,2026-06-11,107,2,aruco,276,aruco:276,decoder_conflict,[3434],2026-06-11/bee-107,aruco:276,confirmed,,in_domain,true
8c4bb66be8babb4f4b20,8c4bb66be8babb4f4b20.webp,true,2026-06-11,108,1,aruco,385,aruco:385,decoder_conflict,[3434],2026-06-11/bee-108,aruco:385,confirmed,,in_domain,true
a960cfe0499868f3e48b,a960cfe0499868f3e48b.webp,true,2026-06-11,109,1,aruco,328,aruco:328,decoder_conflict,"[1616, 1833]",2026-06-11/bee-109,aruco:328,confirmed,,in_domain,true
3fbab92904026f6f1f9a,3fbab92904026f6f1f9a.webp,true,2026-06-11,110,1,aruco,429,aruco:429,decoder_confirmed,[429],2026-06-11/bee-110,aruco:429,confirmed,,in_domain,true
1142d0fa33c5d5947973,1142d0fa33c5d5947973.webp,true,2026-06-11,111,1,aruco,375,aruco:375,decoder_conflict,"[3301, 3619]",2026-06-11/bee-111,aruco:375,confirmed,,in_domain,true
de878f77d2098609b8b1,de878f77d2098609b8b1.webp,true,2026-06-11,111,2,aruco,375,aruco:375,decoder_conflict,[2219],2026-06-11/bee-111,aruco:375,confirmed,,in_domain,true
11262bb5408719daa3c2,11262bb5408719daa3c2.webp,true,2026-06-11,111,3,aruco,375,aruco:375,decoder_no_confirmation,[],2026-06-11/bee-111,aruco:375,confirmed,,in_domain,true
32f652e68577c0e7ced2,32f652e68577c0e7ced2.webp,true,2026-06-11,112,1,aruco,325,aruco:325,decoder_conflict,[2208],2026-06-11/bee-112,aruco:325,confirmed,,in_domain,true
7d1824431c437dab5d0e,7d1824431c437dab5d0e.webp,true,2026-06-11,113,1,aruco,274,aruco:274,decoder_no_confirmation,[],2026-06-11/bee-113,aruco:274,confirmed,,in_domain,true
76285bcc31f7185fda4c,76285bcc31f7185fda4c.webp,true,2026-06-11,113,2,aruco,274,aruco:274,decoder_conflict,[396],2026-06-11/bee-113,aruco:274,confirmed,,in_domain,true
411fba646d2445a7caf8,411fba646d2445a7caf8.webp,true,2026-06-11,114,1,aruco,395,aruco:395,decoder_conflict,[2219],2026-06-11/bee-114,aruco:395,confirmed,,in_domain,true
e90e18d6583c804f6f63,e90e18d6583c804f6f63.webp,true,2026-06-11,114,2,aruco,395,aruco:395,decoder_conflict,"[2354, 3577]",2026-06-11/bee-114,aruco:395,confirmed,,in_domain,true
1143b62fed842f21cbeb,1143b62fed842f21cbeb.webp,true,2026-06-11,115,1,aruco,440,aruco:440,decoder_conflict,[2354],2026-06-11/bee-115,aruco:440,confirmed,,in_domain,true
a0306c4135a73a12cadc,a0306c4135a73a12cadc.webp,true,2026-06-11,116,1,aruco,456,aruco:456,decoder_confirmed_with_competing_ids,"[456, 853, 2219]",2026-06-11/bee-116,aruco:456,confirmed,,in_domain,true
914fb5b8bd5f9087ebcd,914fb5b8bd5f9087ebcd.webp,true,2026-06-11,116,2,aruco,456,aruco:456,decoder_confirmed,[456],2026-06-11/bee-116,aruco:456,confirmed,,in_domain,true
fd0c903814c79049420e,fd0c903814c79049420e.webp,true,2026-06-11,117,1,aruco,281,aruco:281,decoder_no_confirmation,[],2026-06-11/bee-117,aruco:281,confirmed,,in_domain,true
8484259b4bfd5e24a469,8484259b4bfd5e24a469.webp,true,2026-06-11,117,2,aruco,281,aruco:281,decoder_no_confirmation,[],2026-06-11/bee-117,aruco:281,confirmed,,in_domain,true
9b25c343cd2bae47aaee,9b25c343cd2bae47aaee.webp,true,2026-06-11,118,1,aruco,472,aruco:472,decoder_conflict,"[129, 3619]",2026-06-11/bee-118,aruco:472,confirmed,,in_domain,true
0b4d6a67e9957a7f49e2,0b4d6a67e9957a7f49e2.webp,true,2026-06-11,119,1,aruco,474,aruco:474,decoder_conflict,[3619],2026-06-11/bee-119,aruco:474,confirmed,,in_domain,true
9bea87c8632ac4e0eb1a,9bea87c8632ac4e0eb1a.webp,true,2026-06-11,119,2,aruco,474,aruco:474,decoder_no_confirmation,[],2026-06-11/bee-119,aruco:474,confirmed,,in_domain,true
4056dea0228e8d1052ac,4056dea0228e8d1052ac.webp,true,2026-06-11,120,1,aruco,476,aruco:476,decoder_confirmed,[476],2026-06-11/bee-120,aruco:476,confirmed,,in_domain,true
e4179799e9dcafdced33,e4179799e9dcafdced33.webp,true,2026-06-11,120,2,aruco,476,aruco:476,decoder_confirmed,[476],2026-06-11/bee-120,aruco:476,confirmed,,in_domain,true
8a1ef9dd13031fc590ac,8a1ef9dd13031fc590ac.webp,true,2026-06-11,121,1,aruco,473,aruco:473,decoder_conflict,"[3003, 3619]",2026-06-11/bee-121,aruco:473,confirmed,,in_domain,true
8c93adb0338a3a179a67,8c93adb0338a3a179a67.webp,true,2026-06-11,122,1,aruco,477,aruco:477,decoder_confirmed,[477],2026-06-11/bee-122,aruco:477,confirmed,,in_domain,true
71351766921629369d13,71351766921629369d13.webp,true,2026-06-11,123,1,aruco,469,aruco:469,decoder_no_confirmation,[],2026-06-11/bee-123,aruco:469,confirmed,,in_domain,true
b37d4c0b8e897c17d3ad,b37d4c0b8e897c17d3ad.webp,true,2026-06-11,123,2,aruco,469,aruco:469,decoder_conflict,"[930, 2219]",2026-06-11/bee-123,aruco:469,confirmed,,in_domain,true
43d7820349dfb9caaeca,43d7820349dfb9caaeca.webp,true,2026-06-11,124,1,aruco,469,aruco:469,decoder_conflict,[2219],2026-06-11/bee-124,aruco:480,confirmed,,in_domain,true
e7f3cff0de7e15219ca0,e7f3cff0de7e15219ca0.webp,true,2026-06-11,125,1,aruco,470,aruco:470,decoder_conflict,"[968, 2644]",2026-06-11/bee-125,aruco:470,confirmed,,in_domain,true
b639a7e8c4aecb385687,b639a7e8c4aecb385687.webp,true,2026-06-11,126,1,aruco,321,aruco:321,decoder_confirmed,[321],2026-06-11/bee-126,aruco:321,confirmed,,in_domain,true
052beda2ba1b09c9dc67,052beda2ba1b09c9dc67.webp,true,2026-06-11,126,2,aruco,321,aruco:321,decoder_no_confirmation,[],2026-06-11/bee-126,aruco:321,confirmed,,in_domain,true
ec7e589dbdcf39d9a496,ec7e589dbdcf39d9a496.webp,true,2026-06-11,127,1,aruco,478,aruco:478,decoder_conflict,"[2219, 3050, 3619]",2026-06-11/bee-127,aruco:478,confirmed,,in_domain,true
4fa0a0a40f718fa94bc3,4fa0a0a40f718fa94bc3.webp,true,2026-06-16,1,1,aruco,471,aruco:471,decoder_conflict,"[2021, 2219]",2026-06-16/bee-1,aruco:471,confirmed,,in_domain,true
896c06de52bc248c6f15,896c06de52bc248c6f15.webp,true,2026-06-16,2,1,aruco,475,aruco:475,decoder_no_confirmation,[],2026-06-16/bee-2,aruco:475,confirmed,,in_domain,true
260ba9bb0946e7ec55c3,260ba9bb0946e7ec55c3.webp,true,2026-06-16,2,2,aruco,475,aruco:475,decoder_no_confirmation,[],2026-06-16/bee-2,aruco:475,confirmed,,in_domain,true
82ada9ac107d1a1c85af,82ada9ac107d1a1c85af.webp,true,2026-06-16,3,1,aruco,479,aruco:479,decoder_conflict,[2197],2026-06-16/bee-3,aruco:479,confirmed,,in_domain,true
81361c079786fed99766,81361c079786fed99766.webp,true,2026-06-16,4,1,aruco,476,aruco:476,decoder_conflict,[2219],2026-06-16/bee-4,aruco:476,confirmed,,in_domain,true
ed850b4df08c52ebe344,ed850b4df08c52ebe344.webp,true,2026-06-16,5,1,aruco,627,aruco:627,decoder_conflict,[3720],2026-06-16/bee-5,aruco:627,confirmed,,in_domain,true
7eea749d59398eca307d,7eea749d59398eca307d.webp,true,2026-06-16,6,1,aruco,385,aruco:385,decoder_conflict,"[2598, 2762]",2026-06-16/bee-6,aruco:385,confirmed,,in_domain,true
a0de134790f1d5bff6d6,a0de134790f1d5bff6d6.webp,true,2026-06-16,7,1,aruco,,,decoder_found_id,[2219],2026-06-16/bee-7,aruco:417,confirmed,,in_domain,true
43279c3ac625e2c49bc6,43279c3ac625e2c49bc6.webp,true,2026-06-16,7,2,aruco,,,no_tag_decoded,[],2026-06-16/bee-7,aruco:417,confirmed,,in_domain,true
101bb245a6a0a83fcf29,101bb245a6a0a83fcf29.webp,true,2026-06-16,8,1,aruco,,,decoder_found_id,[2378],2026-06-16/bee-8,,dorsal,dorsal view,in_domain,true
cdc22330a29594a158ab,cdc22330a29594a158ab.webp,true,2026-06-16,9,1,aruco,709,aruco:709,decoder_confirmed_with_competing_ids,"[709, 2219]",2026-06-16/bee-9,aruco:709,confirmed,,in_domain,true
0c6c2a5b686666783e4d,0c6c2a5b686666783e4d.webp,true,2026-06-16,10,1,aruco,536,aruco:536,decoder_no_confirmation,[],2026-06-16/bee-10,aruco:536,confirmed,,in_domain,true
274976ee234cf82385ca,274976ee234cf82385ca.webp,true,2026-06-16,10,2,aruco,536,aruco:536,decoder_conflict,[2456],2026-06-16/bee-10,aruco:536,confirmed,,in_domain,true
330645531bca6e1e3ec5,330645531bca6e1e3ec5.webp,true,2026-06-16,11,1,aruco,670,aruco:670,decoder_conflict,[3619],2026-06-16/bee-11,aruco:670,confirmed,,in_domain,true
340b26ca5425220a5ff9,340b26ca5425220a5ff9.webp,true,2026-06-16,12,1,aruco,554,aruco:554,decoder_conflict,"[1682, 3619]",2026-06-16/bee-12,aruco:554,confirmed,,in_domain,true
900c63f79d8b7f26e267,900c63f79d8b7f26e267.webp,true,2026-06-16,12,2,aruco,554,aruco:554,decoder_no_confirmation,[],2026-06-16/bee-12,aruco:554,confirmed,,in_domain,true
9635c1fc712524dbaa63,9635c1fc712524dbaa63.webp,true,2026-06-16,13,1,aruco,520,aruco:520,decoder_conflict,"[2177, 2219, 3619]",2026-06-16/bee-13,aruco:520,confirmed,,in_domain,true
a0633f2c37527aff2f4a,a0633f2c37527aff2f4a.webp,true,2026-06-16,14,1,aruco,328,aruco:328,decoder_conflict,[2219],2026-06-16/bee-14,aruco:328,confirmed,,in_domain,true
e508262a204191033578,e508262a204191033578.webp,true,2026-06-16,14,2,aruco,328,aruco:328,decoder_conflict,"[2197, 2197, 2219]",2026-06-16/bee-14,aruco:328,confirmed,,in_domain,true
b20b2c8dd6cd113d0fa3,b20b2c8dd6cd113d0fa3.webp,true,2026-06-16,15,1,aruco,481,aruco:481,decoder_conflict,[3003],2026-06-16/bee-15,aruco:481,confirmed,,in_domain,true
619872c9a0f25ef505f1,619872c9a0f25ef505f1.webp,true,2026-06-16,16,1,aruco,718,aruco:718,decoder_conflict,[2219],2026-06-16/bee-16,aruco:718,confirmed,,in_domain,true
958a9256431622fcbbdc,958a9256431622fcbbdc.webp,true,2026-06-16,17,1,aruco,617,aruco:617,decoder_conflict,[1665],2026-06-16/bee-17,aruco:617,confirmed,,in_domain,true
b001ab9bddf87d4e5bde,b001ab9bddf87d4e5bde.webp,true,2026-06-16,17,2,aruco,617,aruco:617,decoder_conflict,[2219],2026-06-16/bee-17,aruco:617,confirmed,,in_domain,true
86418634abb0fd95459f,86418634abb0fd95459f.webp,true,2026-06-16,18,1,aruco,605,aruco:605,decoder_confirmed_with_competing_ids,"[605, 3619]",2026-06-16/bee-18,aruco:605,confirmed,,in_domain,true
e694684f91a3804664fb,e694684f91a3804664fb.webp,true,2026-06-16,18,2,aruco,605,aruco:605,decoder_no_confirmation,[],2026-06-16/bee-18,aruco:605,confirmed,,in_domain,true
7a1b01c6220966262930,7a1b01c6220966262930.webp,true,2026-06-16,19,1,aruco,233,aruco:233,decoder_conflict,[2219],2026-06-16/bee-19,aruco:233,confirmed,,in_domain,true
ee99955c329653e40a4b,ee99955c329653e40a4b.webp,true,2026-06-16,20,1,aruco,608,aruco:608,decoder_confirmed,[608],2026-06-16/bee-20,aruco:608,confirmed,,in_domain,true
7ff6f8732b9dd51eecff,7ff6f8732b9dd51eecff.webp,true,2026-06-16,20,2,aruco,608,aruco:608,decoder_conflict,[2197],2026-06-16/bee-20,aruco:608,confirmed,,in_domain,true
ac3513803b90852eabbc,ac3513803b90852eabbc.webp,true,2026-06-16,21,1,aruco,491,aruco:491,decoder_conflict,"[525, 2762]",2026-06-16/bee-21,aruco:491,confirmed,,in_domain,true
529cbab7ca9f1e39fdb2,529cbab7ca9f1e39fdb2.webp,true,2026-06-16,22,1,aruco,17,aruco:17,decoder_confirmed,[17],2026-06-16/bee-22,aruco:205,confirmed,,in_domain,true
28eb1daebb1af11c286d,28eb1daebb1af11c286d.webp,true,2026-06-16,22,2,aruco,17,aruco:17,decoder_confirmed,[17],2026-06-16/bee-22,aruco:205,confirmed,,in_domain,true
5d5cbf4126e8a6a268fb,5d5cbf4126e8a6a268fb.webp,true,2026-06-16,23,1,aruco,663,aruco:663,decoder_conflict,"[3169, 3434, 3619]",2026-06-16/bee-23,aruco:663,confirmed,,in_domain,true
0849a1af39722b1f1d01,0849a1af39722b1f1d01.webp,true,2026-06-16,23,2,aruco,663,aruco:663,decoder_conflict,[2219],2026-06-16/bee-23,aruco:663,confirmed,,in_domain,true
75dc46f628b9775682a4,75dc46f628b9775682a4.webp,true,2026-06-16,24,1,aruco,613,aruco:613,decoder_conflict,[3960],2026-06-16/bee-24,aruco:613,confirmed,,in_domain,true
b90fb22df43bc1ad61cd,b90fb22df43bc1ad61cd.webp,true,2026-06-16,24,2,aruco,613,aruco:613,decoder_no_confirmation,[],2026-06-16/bee-24,aruco:613,confirmed,,in_domain,true
5ac4f436ad1c62178e06,5ac4f436ad1c62178e06.webp,true,2026-06-16,25,1,aruco,645,aruco:645,decoder_confirmed,[645],2026-06-16/bee-25,aruco:645,confirmed,,in_domain,true
219fa882e77306ed84d3,219fa882e77306ed84d3.webp,true,2026-06-16,25,2,aruco,645,aruco:645,decoder_confirmed_with_competing_ids,"[645, 1451]",2026-06-16/bee-25,aruco:645,confirmed,,in_domain,true
27d7df3c80bd992de3f9,27d7df3c80bd992de3f9.webp,true,2026-06-16,26,1,aruco,665,aruco:665,decoder_conflict,[2219],2026-06-16/bee-26,aruco:665,confirmed,,in_domain,true
89941f07885e7d24a222,89941f07885e7d24a222.webp,true,2026-06-16,26,2,aruco,665,aruco:665,decoder_conflict,[17],2026-06-16/bee-26,aruco:665,confirmed,,in_domain,true
1a3fad1176ad9008d663,1a3fad1176ad9008d663.webp,true,2026-06-16,27,1,aruco,616,aruco:616,decoder_conflict,[3439],2026-06-16/bee-27,aruco:616,confirmed,,in_domain,true
0b4435807a98e8c60607,0b4435807a98e8c60607.webp,true,2026-06-16,27,2,aruco,616,aruco:616,decoder_no_confirmation,[],2026-06-16/bee-27,aruco:616,confirmed,,in_domain,true
88839a85f8fa7e934a3d,88839a85f8fa7e934a3d.webp,true,2026-06-16,28,1,aruco,322,aruco:322,decoder_confirmed,[322],2026-06-16/bee-28,aruco:322,confirmed,,in_domain,true
7e1fa8775413c908524b,7e1fa8775413c908524b.webp,true,2026-06-16,28,2,aruco,322,aruco:322,decoder_confirmed,[322],2026-06-16/bee-28,aruco:322,confirmed,,in_domain,true
a34cd839fb7acf1fdac0,a34cd839fb7acf1fdac0.webp,true,2026-06-16,29,1,aruco,594,aruco:594,decoder_conflict,"[853, 1708, 3619]",2026-06-16/bee-29,aruco:594,confirmed,,in_domain,true
dcb6be83adcc74d849fe,dcb6be83adcc74d849fe.webp,true,2026-06-16,29,2,aruco,594,aruco:594,decoder_no_confirmation,[],2026-06-16/bee-29,aruco:594,confirmed,,in_domain,true
955f40511b9b48431ba4,955f40511b9b48431ba4.webp,true,2026-06-16,30,1,aruco,733,aruco:733,decoder_conflict,"[485, 3619]",2026-06-16/bee-30,aruco:733,confirmed,,in_domain,true
47021fab438b77f34193,47021fab438b77f34193.webp,true,2026-06-16,30,2,aruco,733,aruco:733,decoder_no_confirmation,[],2026-06-16/bee-30,aruco:733,confirmed,,in_domain,true
c4281ddae301d9ce5adb,c4281ddae301d9ce5adb.webp,true,2026-06-16,31,1,aruco,640,aruco:640,decoder_no_confirmation,[],2026-06-16/bee-31,aruco:640,confirmed,,in_domain,true
812a05109e3e02be8d8a,812a05109e3e02be8d8a.webp,true,2026-06-16,31,2,aruco,640,aruco:640,decoder_conflict,[1673],2026-06-16/bee-31,aruco:640,confirmed,,in_domain,true
909626613cc82d2cc41f,909626613cc82d2cc41f.webp,true,2026-06-16,32,1,aruco,555,aruco:555,decoder_conflict,[887],2026-06-16/bee-32,aruco:555,confirmed,,in_domain,true
ae173fbd0052005faa93,ae173fbd0052005faa93.webp,true,2026-06-16,32,2,aruco,555,aruco:555,decoder_confirmed_with_competing_ids,"[555, 3799]",2026-06-16/bee-32,aruco:555,confirmed,,in_domain,true
b876b9c929d79ee1f8d5,b876b9c929d79ee1f8d5.webp,true,2026-06-16,32,3,aruco,555,aruco:555,decoder_conflict,[1537],2026-06-16/bee-32,aruco:555,confirmed,,in_domain,true
1582ed4028c8b6f80274,1582ed4028c8b6f80274.webp,true,2026-06-16,33,1,aruco,603,aruco:603,decoder_conflict,[2219],2026-06-16/bee-33,aruco:603,confirmed,,in_domain,true
776e3759f95bf3acd8e1,776e3759f95bf3acd8e1.webp,true,2026-06-16,33,2,aruco,603,aruco:603,decoder_conflict,"[8, 2219]",2026-06-16/bee-33,aruco:603,confirmed,,in_domain,true
717ba8176b535649c9ab,717ba8176b535649c9ab.webp,true,2026-06-16,34,1,aruco,708,aruco:708,decoder_conflict,"[424, 3619]",2026-06-16/bee-34,aruco:708,confirmed,,in_domain,true
96ab776dd5b111d3de7f,96ab776dd5b111d3de7f.webp,true,2026-06-16,35,1,aruco,518,aruco:518,decoder_no_confirmation,[],2026-06-16/bee-35,aruco:518,confirmed,,in_domain,true
f88caa7502d160303918,f88caa7502d160303918.webp,true,2026-06-16,36,1,aruco,710,aruco:710,decoder_conflict,[3252],2026-06-16/bee-36,aruco:710,confirmed,,in_domain,true
0e0ba5fe224dfebb86d2,0e0ba5fe224dfebb86d2.webp,true,2026-06-16,36,2,aruco,710,aruco:710,decoder_conflict,"[2255, 2290]",2026-06-16/bee-36,aruco:710,confirmed,,in_domain,true
fe87387cc95151eb90fb,fe87387cc95151eb90fb.webp,true,2026-06-16,37,1,aruco,715,aruco:715,decoder_conflict,[1142],2026-06-16/bee-37,aruco:715,confirmed,,in_domain,true
45f23bc7a4f80c6c5a8d,45f23bc7a4f80c6c5a8d.webp,true,2026-06-16,37,2,aruco,715,aruco:715,decoder_confirmed,[715],2026-06-16/bee-37,aruco:715,confirmed,,in_domain,true
891a668c348833d727b1,891a668c348833d727b1.webp,true,2026-06-16,38,1,aruco,496,aruco:496,decoder_no_confirmation,[],2026-06-16/bee-38,aruco:496,confirmed,,in_domain,true
3794aa4d852f5e2ed61c,3794aa4d852f5e2ed61c.webp,true,2026-06-16,39,1,aruco,497,aruco:497,decoder_conflict,[2219],2026-06-16/bee-39,aruco:497,confirmed,,in_domain,true
b18fa434869c81e1ed47,b18fa434869c81e1ed47.webp,true,2026-06-16,39,2,aruco,497,aruco:497,decoder_conflict,"[2197, 2263, 3619]",2026-06-16/bee-39,aruco:497,confirmed,,in_domain,true
1c2bd3ee2a796f4ca49c,1c2bd3ee2a796f4ca49c.webp,true,2026-06-16,39,3,aruco,497,aruco:497,decoder_conflict,"[3619, 3619]",2026-06-16/bee-39,aruco:497,confirmed,,in_domain,true
fa8ca0e879883dc2a395,fa8ca0e879883dc2a395.webp,true,2026-06-16,40,1,aruco,273,aruco:273,decoder_conflict,[2219],2026-06-16/bee-40,aruco:273,confirmed,,in_domain,true
7d447c8e5250d7f8f8a9,7d447c8e5250d7f8f8a9.webp,true,2026-06-16,40,2,aruco,273,aruco:273,decoder_no_confirmation,[],2026-06-16/bee-40,aruco:273,confirmed,,in_domain,true
2617b23f4160afd4dac7,2617b23f4160afd4dac7.webp,true,2026-06-16,41,1,aruco,628,aruco:628,decoder_conflict,[2219],2026-06-16/bee-41,aruco:628,confirmed,,in_domain,true
c3eb3e65e89eed11f269,c3eb3e65e89eed11f269.webp,true,2026-06-16,42,1,aruco,655,aruco:655,decoder_no_confirmation,[],2026-06-16/bee-42,aruco:655,confirmed,,in_domain,true
e8204c538841273f4d18,e8204c538841273f4d18.webp,true,2026-06-16,42,2,aruco,655,aruco:655,decoder_conflict,[3619],2026-06-16/bee-42,aruco:655,confirmed,,in_domain,true
f0179cda9d26382dc18a,f0179cda9d26382dc18a.webp,true,2026-06-16,43,1,aruco,641,aruco:641,decoder_no_confirmation,[],2026-06-16/bee-43,aruco:641,confirmed,,in_domain,true
dc3e6e2e45946b1b627d,dc3e6e2e45946b1b627d.webp,true,2026-06-16,43,2,aruco,641,aruco:641,decoder_conflict,[3619],2026-06-16/bee-43,aruco:641,confirmed,,in_domain,true
b798a5ecd6213252572f,b798a5ecd6213252572f.webp,true,2026-06-16,44,1,aruco,602,aruco:602,decoder_conflict,[425],2026-06-16/bee-44,aruco:602,confirmed,,in_domain,true
035183349beefe732d88,035183349beefe732d88.webp,true,2026-06-16,44,2,aruco,602,aruco:602,decoder_conflict,[2219],2026-06-16/bee-44,aruco:602,confirmed,,in_domain,true
d49b4a6574608fd86623,d49b4a6574608fd86623.webp,true,2026-06-16,45,1,aruco,695,aruco:695,decoder_conflict,[106],2026-06-16/bee-45,aruco:695,confirmed,,in_domain,true
6cd78ab635b13280a12e,6cd78ab635b13280a12e.webp,true,2026-06-16,45,2,aruco,695,aruco:695,decoder_confirmed,[695],2026-06-16/bee-45,aruco:695,confirmed,,in_domain,true
bc1f6929c0fde39ba66d,bc1f6929c0fde39ba66d.webp,true,2026-06-16,46,1,aruco,619,aruco:619,decoder_conflict,[2219],2026-06-16/bee-46,aruco:619,confirmed,,in_domain,true
cd49744d28af53587f85,cd49744d28af53587f85.webp,true,2026-06-16,46,2,aruco,619,aruco:619,decoder_confirmed,[619],2026-06-16/bee-46,aruco:619,confirmed,,in_domain,true
ee70b788b8d53a47a47c,ee70b788b8d53a47a47c.webp,true,2026-06-16,47,1,aruco,572,aruco:572,decoder_conflict,[2219],2026-06-16/bee-47,aruco:572,confirmed,,in_domain,true
edd7b1abee629cc5f896,edd7b1abee629cc5f896.webp,true,2026-06-16,47,2,aruco,572,aruco:572,decoder_confirmed,[572],2026-06-16/bee-47,aruco:572,confirmed,,in_domain,true
8bd28257bd8207800563,8bd28257bd8207800563.webp,true,2026-06-16,48,1,aruco,416,aruco:416,decoder_conflict,[2219],2026-06-16/bee-48,aruco:416,confirmed,,in_domain,true
b58b131cbc9e2e7e188e,b58b131cbc9e2e7e188e.webp,true,2026-06-16,49,1,aruco,560,aruco:560,decoder_no_confirmation,[],2026-06-16/bee-49,aruco:560,confirmed,,in_domain,true
e05cce231d4af6ddaed7,e05cce231d4af6ddaed7.webp,true,2026-06-16,49,2,aruco,560,aruco:560,decoder_conflict,[3960],2026-06-16/bee-49,aruco:560,confirmed,,in_domain,true
dd7a8a2f019fb7fd990b,dd7a8a2f019fb7fd990b.webp,true,2026-06-16,50,1,aruco,562,aruco:562,decoder_confirmed_with_competing_ids,"[562, 2197]",2026-06-16/bee-50,aruco:562,confirmed,,in_domain,true
416bd3f8cc36bc88b9be,416bd3f8cc36bc88b9be.webp,true,2026-06-16,51,1,aruco,666,aruco:666,decoder_no_confirmation,[],2026-06-16/bee-51,aruco:666,confirmed,,in_domain,true
bdf2ae9d7383bbad3cb6,bdf2ae9d7383bbad3cb6.webp,true,2026-06-16,51,2,aruco,666,aruco:666,decoder_conflict,[2197],2026-06-16/bee-51,aruco:666,confirmed,,in_domain,true
836a7d92e71b981fbd44,836a7d92e71b981fbd44.webp,true,2026-06-16,51,3,aruco,666,aruco:666,decoder_no_confirmation,[],2026-06-16/bee-51,aruco:666,confirmed,,in_domain,true
20f1bdc257681adb8ef7,20f1bdc257681adb8ef7.webp,true,2026-06-16,52,1,aruco,678,aruco:678,decoder_no_confirmation,[],2026-06-16/bee-52,aruco:678,confirmed,,in_domain,true
4f81c31134ad234f1ef1,4f81c31134ad234f1ef1.webp,true,2026-06-16,714,1,aruco,714,aruco:714,decoder_no_confirmation,[],2026-06-16/bee-714,aruco:714,confirmed,,in_domain,true
b5c2d232ff843fbb7a1b,b5c2d232ff843fbb7a1b.webp,true,2026-06-16,715,1,aruco,513,aruco:513,decoder_confirmed,[513],2026-06-16/bee-715,aruco:513,confirmed,,in_domain,true
32918b45a38f6e4fbe18,32918b45a38f6e4fbe18.webp,true,2026-06-16,722,1,aruco,722,aruco:722,decoder_conflict,[2219],2026-06-16/bee-722,aruco:722,confirmed,,in_domain,true
3afb0b995f0a93f4f23d,3afb0b995f0a93f4f23d.webp,true,2026-06-16,723,1,aruco,,,decoder_found_id,"[216, 1297]",2026-06-16/bee-723,aruco:2,confirmed,,in_domain,true
cf017701e205c97c7abf,cf017701e205c97c7abf.webp,true,2026-06-16,723,2,aruco,,,decoder_found_id,"[2219, 2228]",2026-06-16/bee-723,aruco:2,confirmed,,in_domain,true
673ee5b984cd416b19a7,673ee5b984cd416b19a7.webp,true,2026-06-16,724,1,aruco,567,aruco:567,decoder_no_confirmation,[],2026-06-16/bee-724,aruco:567,confirmed,,in_domain,true
1f60c94d71d303fd5d3c,1f60c94d71d303fd5d3c.webp,true,2026-06-16,725,1,aruco,483,aruco:483,decoder_conflict,[1679],2026-06-16/bee-725,aruco:483,confirmed,,in_domain,true
cd9f16d3140a021785a0,cd9f16d3140a021785a0.webp,true,2026-06-16,726,1,aruco,546,aruco:546,decoder_conflict,"[2197, 3619]",2026-06-16/bee-726,aruco:546,confirmed,,in_domain,true
1960c8b926a9c1dcc6cb,1960c8b926a9c1dcc6cb.webp,true,2026-06-16,727,1,aruco,699,aruco:699,decoder_conflict,[2488],2026-06-16/bee-727,aruco:699,confirmed,,in_domain,true
5234a76f0252687dfde0,5234a76f0252687dfde0.webp,true,2026-06-16,728,1,aruco,516,aruco:516,decoder_conflict,[3619],2026-06-16/bee-728,aruco:516,confirmed,,in_domain,true
92fded3be9d82599f393,92fded3be9d82599f393.webp,true,2026-06-16,729,1,aruco,,,decoder_found_id,"[1800, 1891, 2219]",2026-06-16/bee-729,aruco:462,confirmed,,in_domain,true
2585ef1918e6663d9f26,2585ef1918e6663d9f26.webp,true,2026-06-16,730,1,aruco,525,aruco:525,decoder_no_confirmation,[],2026-06-16/bee-730,aruco:525,confirmed,,in_domain,true
87e472c5890ebc4b0418,87e472c5890ebc4b0418.webp,true,2026-06-16,731,1,aruco,306,aruco:306,decoder_conflict,[2762],2026-06-16/bee-731,aruco:306,confirmed,,in_domain,true
f4ef9e5b85a5cef138a8,f4ef9e5b85a5cef138a8.webp,true,2026-06-16,732,1,aruco,488,aruco:488,decoder_confirmed,[488],2026-06-16/bee-732,aruco:488,confirmed,,in_domain,true
bd870593f05f6a291cfe,bd870593f05f6a291cfe.webp,true,2026-06-16,733,1,aruco,17,aruco:17,decoder_no_confirmation,[],2026-06-16/bee-733,aruco:680,confirmed,,in_domain,true
e96106a4ef779b275eb5,e96106a4ef779b275eb5.webp,true,2026-06-16,733,2,aruco,17,aruco:17,decoder_no_confirmation,[],2026-06-16/bee-733,aruco:680,confirmed,,in_domain,true
1129fcd0eb5b6dab8351,1129fcd0eb5b6dab8351.webp,true,2026-06-16,734,1,aruco,660,aruco:660,decoder_no_confirmation,[],2026-06-16/bee-734,aruco:660,confirmed,,in_domain,true
8644c03753070b4e6483,8644c03753070b4e6483.webp,true,2026-06-16,735,1,aruco,571,aruco:571,decoder_no_confirmation,[],2026-06-16/bee-735,aruco:571,confirmed,,in_domain,true
47e8004ff2dd29be34d9,47e8004ff2dd29be34d9.webp,true,2026-06-16,735,2,aruco,571,aruco:571,decoder_confirmed,[571],2026-06-16/bee-735,aruco:571,confirmed,,in_domain,true
6154728c64e520f7f758,6154728c64e520f7f758.webp,true,2026-06-16,736,1,aruco,548,aruco:548,decoder_no_confirmation,[],2026-06-16/bee-736,aruco:548,confirmed,,in_domain,true
30dd4f86f17679749e06,30dd4f86f17679749e06.webp,true,2026-06-16,737,1,aruco,634,aruco:634,decoder_conflict,[2219],2026-06-16/bee-737,aruco:634,confirmed,,in_domain,true
117d515395c0c722b784,117d515395c0c722b784.webp,true,2026-06-16,738,1,aruco,643,aruco:643,decoder_conflict,[2219],2026-06-16/bee-738,aruco:643,confirmed,,in_domain,true
2e7cc53dde979abe9aa5,2e7cc53dde979abe9aa5.webp,true,2026-06-16,739,1,aruco,573,aruco:573,decoder_conflict,"[2208, 2219, 3591]",2026-06-16/bee-739,aruco:573,confirmed,,in_domain,true
797661e72bffc89bb3d5,797661e72bffc89bb3d5.webp,true,2026-06-16,740,1,aruco,724,aruco:724,decoder_conflict,[2219],2026-06-16/bee-740,aruco:724,confirmed,,in_domain,true
ae71a9105fa810c3462a,ae71a9105fa810c3462a.webp,true,2026-06-16,741,1,aruco,568,aruco:568,decoder_confirmed,[568],2026-06-16/bee-741,aruco:568,confirmed,,in_domain,true
874a123b97a5d8e06090,874a123b97a5d8e06090.webp,true,2026-06-16,742,1,aruco,652,aruco:652,decoder_no_confirmation,[],2026-06-16/bee-742,aruco:652,confirmed,,in_domain,true
423e5c550de7cce883de,423e5c550de7cce883de.webp,true,2026-06-16,743,1,aruco,730,aruco:730,decoder_conflict,[2219],2026-06-16/bee-743,aruco:730,confirmed,,in_domain,true
2e04ee6748703372863b,2e04ee6748703372863b.webp,true,2026-06-16,744,1,aruco,517,aruco:517,decoder_confirmed,[517],2026-06-16/bee-744,aruco:517,confirmed,,in_domain,true
3240e5418281e5921bcf,3240e5418281e5921bcf.webp,true,2026-06-16,745,1,aruco,523,aruco:523,decoder_confirmed,[523],2026-06-16/bee-745,aruco:523,confirmed,,in_domain,true
7315c7b3662763b3db48,7315c7b3662763b3db48.webp,true,2026-06-16,746,1,aruco,515,aruco:515,decoder_no_confirmation,[],2026-06-16/bee-746,aruco:515,confirmed,,in_domain,true
06a512dcb3e02cb433dd,06a512dcb3e02cb433dd.webp,true,2026-06-16,746,2,aruco,515,aruco:515,decoder_no_confirmation,[],2026-06-16/bee-746,aruco:515,confirmed,,in_domain,true
62462d5e1d8ddd1446e1,62462d5e1d8ddd1446e1.webp,true,2026-06-16,747,1,aruco,661,aruco:661,decoder_conflict,"[1393, 2219, 2219]",2026-06-16/bee-747,aruco:661,confirmed,,in_domain,true
e86ae05504c2968be3a7,e86ae05504c2968be3a7.webp,true,2026-06-16,748,1,aruco,489,aruco:489,decoder_no_confirmation,[],2026-06-16/bee-748,aruco:489,confirmed,,in_domain,true
57dcfd969751b6fc1f5f,57dcfd969751b6fc1f5f.webp,true,2026-06-16,748,2,aruco,489,aruco:489,decoder_conflict,[2219],2026-06-16/bee-748,aruco:489,confirmed,,in_domain,true
5bb953cea4f38a1dc707,5bb953cea4f38a1dc707.webp,true,2026-06-16,749,1,aruco,653,aruco:653,decoder_conflict,[190],2026-06-16/bee-749,aruco:653,confirmed,,in_domain,true
756e183bf1ca1e71cda2,756e183bf1ca1e71cda2.webp,true,2026-06-16,750,1,aruco,428,aruco:428,decoder_no_confirmation,[],2026-06-16/bee-750,aruco:428,confirmed,,in_domain,true
36cdd4b1e212a0e94026,36cdd4b1e212a0e94026.webp,true,2026-06-16,751,1,aruco,,,decoder_found_id,[17],2026-06-16/bee-751,aruco:285,confirmed,,in_domain,true
c6d0bab642f614be5712,c6d0bab642f614be5712.webp,true,2026-06-16,752,1,aruco,358,aruco:358,decoder_conflict,[3619],2026-06-16/bee-752,aruco:358,confirmed,,in_domain,true
3f884d3dad3bbe0d5178,3f884d3dad3bbe0d5178.webp,true,2026-06-16,753,1,aruco,598,aruco:598,decoder_conflict,"[107, 2333]",2026-06-16/bee-753,aruco:598,confirmed,,in_domain,true
83aa2ce166e15f535e51,83aa2ce166e15f535e51.webp,true,2026-06-16,754,1,aruco,394,aruco:394,decoder_conflict,"[190, 2219]",2026-06-16/bee-754,aruco:467,confirmed,,in_domain,true
727a5090b0daabd7400c,727a5090b0daabd7400c.webp,true,2026-06-16,755,1,aruco,692,aruco:692,decoder_conflict,[2219],2026-06-16/bee-755,aruco:692,confirmed,,in_domain,true
7d01befbba03d7c2f6c4,7d01befbba03d7c2f6c4.webp,true,2026-06-16,756,1,aruco,537,aruco:537,decoder_no_confirmation,[],2026-06-16/bee-756,aruco:537,confirmed,,in_domain,true
314fbe1cb9536b3f73de,314fbe1cb9536b3f73de.webp,true,2026-06-16,757,1,aruco,651,aruco:651,decoder_conflict,"[399, 2219, 2219]",2026-06-16/bee-757,aruco:651,confirmed,,in_domain,true
122001ad1c791b622e80,122001ad1c791b622e80.webp,true,2026-06-16,758,1,aruco,324,aruco:324,decoder_conflict,[495],2026-06-16/bee-758,aruco:324,confirmed,,in_domain,true
794a571e816625b166f5,794a571e816625b166f5.webp,true,2026-06-16,759,1,aruco,487,aruco:487,decoder_no_confirmation,[],2026-06-16/bee-759,aruco:487,confirmed,,in_domain,true
89f30dafdbb12ca70800,89f30dafdbb12ca70800.webp,true,2026-06-16,760,1,aruco,734,aruco:734,decoder_no_confirmation,[],2026-06-16/bee-760,aruco:734,confirmed,,in_domain,true
3c7a39ab21d3a47335fb,3c7a39ab21d3a47335fb.webp,true,2026-06-16,761,1,aruco,532,aruco:532,decoder_confirmed_with_competing_ids,"[532, 2794]",2026-06-16/bee-761,aruco:532,confirmed,,in_domain,true
3bf1b19a3864862dda07,3bf1b19a3864862dda07.webp,true,2026-06-16,762,1,aruco,527,aruco:527,decoder_confirmed,[527],2026-06-16/bee-762,aruco:527,confirmed,,in_domain,true
4760d7185a090681584a,4760d7185a090681584a.webp,true,2026-06-16,763,1,aruco,720,aruco:720,decoder_conflict,[2219],2026-06-16/bee-763,aruco:720,confirmed,,in_domain,true
e751a2d2bbdaddf8a469,e751a2d2bbdaddf8a469.webp,true,2026-06-16,764,1,aruco,553,aruco:553,decoder_conflict,"[2219, 2219]",2026-06-16/bee-764,aruco:553,confirmed,,in_domain,true
43f9ffd5da3eb0c5d5a7,43f9ffd5da3eb0c5d5a7.webp,true,2026-06-16,765,1,aruco,683,aruco:683,decoder_conflict,[653],2026-06-16/bee-765,aruco:683,confirmed,,in_domain,true
d9b03fbb5452ef51edcb,d9b03fbb5452ef51edcb.webp,true,2026-06-16,766,1,aruco,687,aruco:687,decoder_no_confirmation,[],2026-06-16/bee-766,aruco:687,confirmed,,in_domain,true
e95ff13a833a0cab95d4,e95ff13a833a0cab95d4.webp,true,2026-06-16,767,1,aruco,717,aruco:717,decoder_confirmed,[717],2026-06-16/bee-767,aruco:717,confirmed,,in_domain,true
de5d8c3710d5585c7cab,de5d8c3710d5585c7cab.webp,true,2026-06-16,768,1,aruco,697,aruco:697,decoder_conflict,"[190, 1436]",2026-06-16/bee-768,aruco:697,confirmed,,in_domain,true
d7f5561d398e95f592de,d7f5561d398e95f592de.webp,true,2026-06-16,769,1,aruco,618,aruco:618,decoder_conflict,[2197],2026-06-16/bee-769,aruco:618,confirmed,,in_domain,true
0100778337a834b6a0a0,0100778337a834b6a0a0.webp,true,2026-06-16,770,1,aruco,,,decoder_found_id,[3003],2026-06-16/bee-770,aruco:490,confirmed,,in_domain,true
4edebc71bac354338a90,4edebc71bac354338a90.webp,true,2026-06-17,1,1,aruco,592,aruco:592,decoder_conflict,[2219],2026-06-17/bee-1,aruco:592,confirmed,,in_domain,true
83322de3b0772501c24d,83322de3b0772501c24d.webp,true,2026-06-17,1,2,aruco,592,aruco:592,decoder_conflict,[2197],2026-06-17/bee-1,aruco:592,confirmed,,in_domain,true
fb414d2473e3d266aeb1,fb414d2473e3d266aeb1.webp,true,2026-06-17,2,1,aruco,,,decoder_found_id,[490],2026-06-17/bee-2,aruco:490,confirmed,,in_domain,true
09d781f8e97d6947b778,09d781f8e97d6947b778.webp,true,2026-06-17,3,1,aruco,671,aruco:671,decoder_conflict,[2219],2026-06-17/bee-3,aruco:671,confirmed,,in_domain,true
4167512b23bed466eb94,4167512b23bed466eb94.webp,true,2026-06-17,3,2,aruco,671,aruco:671,decoder_conflict,[2219],2026-06-17/bee-3,aruco:671,confirmed,,in_domain,true
b77ff6c580c674f393eb,b77ff6c580c674f393eb.webp,true,2026-06-17,4,1,aruco,,,no_tag_decoded,[],2026-06-17/bee-4,aruco:701,confirmed,,in_domain,true
87c869c1c813c88a4d05,87c869c1c813c88a4d05.webp,true,2026-06-17,4,2,aruco,,,decoder_found_id,[701],2026-06-17/bee-4,aruco:701,confirmed,,in_domain,true
9052427c4f47ac6e9211,9052427c4f47ac6e9211.webp,true,2026-06-17,5,1,aruco,556,aruco:556,decoder_no_confirmation,[],2026-06-17/bee-5,aruco:556,confirmed,,in_domain,true
018b3e82e6664b2af59f,018b3e82e6664b2af59f.webp,true,2026-06-17,6,1,aruco,539,aruco:539,decoder_confirmed,[539],2026-06-17/bee-6,aruco:539,confirmed,,in_domain,true
59848e7b3c06638007f0,59848e7b3c06638007f0.webp,true,2026-06-17,7,1,aruco,692,aruco:692,decoder_conflict,"[190, 2197, 2969]",2026-06-17/bee-7,aruco:692,confirmed,,in_domain,true
118917bd2a7a80c8a4a2,118917bd2a7a80c8a4a2.webp,true,2026-06-17,8,1,aruco,514,aruco:514,decoder_confirmed,[514],2026-06-17/bee-8,aruco:514,confirmed,,in_domain,true
4942af92bb307f2e0386,4942af92bb307f2e0386.webp,true,2026-06-17,9,1,aruco,483,aruco:483,decoder_confirmed,[483],2026-06-17/bee-9,aruco:483,confirmed,,in_domain,true
dab3968445c0381f2e8a,dab3968445c0381f2e8a.webp,true,2026-06-17,10,1,aruco,587,aruco:587,decoder_conflict,[3619],2026-06-17/bee-10,aruco:587,confirmed,,in_domain,true
602c2801b1f02eaa4b6b,602c2801b1f02eaa4b6b.webp,true,2026-06-17,11,1,aruco,390,aruco:390,decoder_no_confirmation,[],2026-06-17/bee-11,aruco:390,confirmed,,in_domain,true
7b7590887b08f43f063e,7b7590887b08f43f063e.webp,true,2026-06-17,12,1,aruco,593,aruco:593,decoder_conflict,[3619],2026-06-17/bee-12,aruco:593,confirmed,,in_domain,true
0a9d227aaa6790deeef1,0a9d227aaa6790deeef1.webp,true,2026-06-17,13,1,aruco,,,decoder_found_id,"[2219, 3265, 3619]",2026-06-17/bee-13,aruco:453,confirmed,,in_domain,true
2a7b384950aae4bc8b4a,2a7b384950aae4bc8b4a.webp,true,2026-06-17,14,1,aruco,711,aruco:711,decoder_confirmed,[711],2026-06-17/bee-14,aruco:711,confirmed,,in_domain,true
a872c5f6736da409413d,a872c5f6736da409413d.webp,true,2026-06-17,15,1,aruco,726,aruco:726,decoder_conflict,[1345],2026-06-17/bee-15,aruco:726,confirmed,,in_domain,true
3e814feab99b0643b124,3e814feab99b0643b124.webp,true,2026-06-17,15,2,aruco,726,aruco:726,decoder_conflict,[3588],2026-06-17/bee-15,aruco:726,confirmed,,in_domain,true
c83180665b086d90c3c6,c83180665b086d90c3c6.webp,true,2026-06-17,16,1,aruco,725,aruco:725,decoder_conflict,[2197],2026-06-17/bee-16,aruco:725,confirmed,,in_domain,true
bd7142b6518b147f7635,bd7142b6518b147f7635.webp,true,2026-06-17,17,1,aruco,672,aruco:672,decoder_conflict,"[1537, 2219]",2026-06-17/bee-17,aruco:672,confirmed,,in_domain,true
0f69b4bcf9a2b162b06b,0f69b4bcf9a2b162b06b.webp,true,2026-06-17,18,1,aruco,662,aruco:662,decoder_no_confirmation,[],2026-06-17/bee-18,aruco:662,confirmed,,in_domain,true
4f156ba33a96d77becba,4f156ba33a96d77becba.webp,true,2026-06-17,18,2,aruco,662,aruco:662,decoder_no_confirmation,[],2026-06-17/bee-18,aruco:662,confirmed,,in_domain,true
b552afb80d4007fbc9ce,b552afb80d4007fbc9ce.webp,true,2026-06-17,19,1,aruco,538,aruco:538,decoder_conflict,[2977],2026-06-17/bee-19,aruco:538,confirmed,,in_domain,true
cc7ffde8e3d9123538ae,cc7ffde8e3d9123538ae.webp,true,2026-06-17,20,1,aruco,693,aruco:693,decoder_conflict,[2197],2026-06-17/bee-20,aruco:693,confirmed,,in_domain,true
84a110e70f8f67bd88e5,84a110e70f8f67bd88e5.webp,true,2026-06-17,21,1,aruco,551,aruco:551,decoder_no_confirmation,[],2026-06-17/bee-21,aruco:551,confirmed,,in_domain,true
31dbedaebcc5c1740a76,31dbedaebcc5c1740a76.webp,true,2026-06-17,22,1,aruco,649,aruco:649,decoder_conflict,[17],2026-06-17/bee-22,aruco:649,confirmed,,in_domain,true
4365c5ff8f1394b55b0a,4365c5ff8f1394b55b0a.webp,true,2026-06-17,23,1,aruco,,,no_tag_decoded,[],2026-06-17/bee-23,aruco:734,confirmed,,in_domain,true
fb31508e67c1f53fb5ae,fb31508e67c1f53fb5ae.webp,true,2026-06-17,24,1,aruco,449,aruco:449,decoder_conflict,[3003],2026-06-17/bee-24,aruco:449,confirmed,,in_domain,true
56980d369c0753bf34b5,56980d369c0753bf34b5.webp,true,2026-06-17,25,1,aruco,,,decoder_found_id,[2762],2026-06-17/bee-25,aruco:641,confirmed,,in_domain,true
3a80d1069d65d60797a2,3a80d1069d65d60797a2.webp,true,2026-06-17,26,1,aruco,510,aruco:510,decoder_confirmed_with_competing_ids,"[510, 1708]",2026-06-17/bee-26,aruco:510,confirmed,,in_domain,true
245fb7b62e697dd8b7f3,245fb7b62e697dd8b7f3.webp,true,2026-06-17,27,1,aruco,141,aruco:141,decoder_confirmed,[141],2026-06-17/bee-27,aruco:141,confirmed,,in_domain,true
07f4eee869b260f00d7f,07f4eee869b260f00d7f.webp,true,2026-06-17,28,1,aruco,679,aruco:679,decoder_conflict,"[2354, 2794]",2026-06-17/bee-28,aruco:679,confirmed,,in_domain,true
edc4244056d6e01b948f,edc4244056d6e01b948f.webp,true,2026-06-17,28,2,aruco,679,aruco:679,decoder_conflict,"[1370, 2219]",2026-06-17/bee-28,aruco:679,confirmed,,in_domain,true
bbe98fddbc9d29e7fad4,bbe98fddbc9d29e7fad4.webp,true,2026-06-17,29,1,aruco,,,no_tag_decoded,[],2026-06-17/bee-29,aruco:56,confirmed,,in_domain,true
5b7e4a6db6c6fef8004f,5b7e4a6db6c6fef8004f.webp,true,2026-06-17,29,2,aruco,,,decoder_found_id,[3619],2026-06-17/bee-29,aruco:56,confirmed,,in_domain,true
db3afd3690b83ca52a81,db3afd3690b83ca52a81.webp,true,2026-06-17,30,1,aruco,397,aruco:397,decoder_no_confirmation,[],2026-06-17/bee-30,aruco:397,confirmed,,in_domain,true
d863c7b5a66c1f062429,d863c7b5a66c1f062429.webp,true,2026-06-17,30,2,aruco,397,aruco:397,decoder_conflict,[3619],2026-06-17/bee-30,aruco:397,confirmed,,in_domain,true
0b6e575f91d081ab7943,0b6e575f91d081ab7943.webp,true,2026-06-17,31,1,aruco,607,aruco:607,decoder_conflict,[3619],2026-06-17/bee-31,aruco:607,confirmed,,in_domain,true
21d9f335d16383221e13,21d9f335d16383221e13.webp,true,2026-06-17,32,1,aruco,570,aruco:570,decoder_no_confirmation,[],2026-06-17/bee-32,aruco:570,confirmed,,in_domain,true
8ee47feb57c954fe4982,8ee47feb57c954fe4982.webp,true,2026-06-17,32,2,aruco,570,aruco:570,decoder_no_confirmation,[],2026-06-17/bee-32,aruco:570,confirmed,,in_domain,true
5ef12d680a44b0ba9ef8,5ef12d680a44b0ba9ef8.webp,true,2026-06-17,33,1,aruco,723,aruco:723,decoder_conflict,[3577],2026-06-17/bee-33,aruco:723,confirmed,,in_domain,true
978c6451bb0f7d668320,978c6451bb0f7d668320.webp,true,2026-06-17,33,2,aruco,723,aruco:723,decoder_conflict,[3365],2026-06-17/bee-33,aruco:723,confirmed,,in_domain,true
0940dedd7c60f8853ae6,0940dedd7c60f8853ae6.webp,true,2026-06-17,34,1,aruco,608,aruco:608,decoder_confirmed_with_competing_ids,"[608, 2219]",2026-06-17/bee-34,aruco:608,confirmed,,in_domain,true
a4e409e13427f2d55bbf,a4e409e13427f2d55bbf.webp,true,2026-06-17,35,1,aruco,675,aruco:675,decoder_no_confirmation,[],2026-06-17/bee-35,aruco:675,confirmed,,in_domain,true
f5795c157952bd74bf19,f5795c157952bd74bf19.webp,true,2026-06-17,36,1,aruco,493,aruco:493,decoder_no_confirmation,[],2026-06-17/bee-36,aruco:493,confirmed,,in_domain,true
bd19702761f07c505ef0,bd19702761f07c505ef0.webp,true,2026-06-17,36,2,aruco,493,aruco:493,decoder_conflict,"[2762, 3588, 3700]",2026-06-17/bee-36,aruco:493,confirmed,,in_domain,true
f0167622882122ce3a52,f0167622882122ce3a52.webp,true,2026-06-17,37,1,aruco,729,aruco:729,decoder_conflict,"[472, 3619]",2026-06-17/bee-37,aruco:729,confirmed,,in_domain,true
a4491a456a2fc7826bdb,a4491a456a2fc7826bdb.webp,true,2026-06-17,37,2,aruco,729,aruco:729,decoder_conflict,[2698],2026-06-17/bee-37,aruco:729,confirmed,,in_domain,true
82c0e069f5cf1ef2ac69,82c0e069f5cf1ef2ac69.webp,true,2026-06-17,38,1,aruco,646,aruco:646,decoder_confirmed_with_competing_ids,"[646, 1511]",2026-06-17/bee-38,aruco:646,confirmed,,in_domain,true
785abd19738d59d1ac28,785abd19738d59d1ac28.webp,true,2026-06-17,39,1,aruco,,,decoder_found_id,[2226],2026-06-17/bee-39,aruco:666,confirmed,,in_domain,true
76a035e623b0a33d3675,76a035e623b0a33d3675.webp,true,2026-06-17,39,2,aruco,,,decoder_found_id,[666],2026-06-17/bee-39,aruco:666,confirmed,,in_domain,true
a4d0f751905ac0b8edcd,a4d0f751905ac0b8edcd.webp,true,2026-06-17,40,1,aruco,596,aruco:596,decoder_conflict,[2219],2026-06-17/bee-40,aruco:596,confirmed,,in_domain,true
f9f9abc9966ba79923d6,f9f9abc9966ba79923d6.webp,true,2026-06-17,41,1,aruco,519,aruco:519,decoder_confirmed,[519],2026-06-17/bee-41,aruco:519,confirmed,,in_domain,true
ad933f815ad76c07a4a3,ad933f815ad76c07a4a3.webp,true,2026-06-17,41,2,aruco,519,aruco:519,decoder_conflict,[2197],2026-06-17/bee-41,aruco:519,confirmed,,in_domain,true
2065cf0231055b7ebb8b,2065cf0231055b7ebb8b.webp,true,2026-06-17,42,1,aruco,705,aruco:705,decoder_confirmed,[705],2026-06-17/bee-42,aruco:705,confirmed,,in_domain,true
abc6838e5d4b19f8fc0b,abc6838e5d4b19f8fc0b.webp,true,2026-06-17,43,1,aruco,615,aruco:615,decoder_conflict,[3619],2026-06-17/bee-43,aruco:615,confirmed,,in_domain,true
ade1ecc0c48680fef159,ade1ecc0c48680fef159.webp,true,2026-06-17,43,2,aruco,615,aruco:615,decoder_no_confirmation,[],2026-06-17/bee-43,aruco:615,confirmed,,in_domain,true
2295759a4d7eaddfd5c4,2295759a4d7eaddfd5c4.webp,true,2026-06-17,44,1,aruco,416,aruco:416,decoder_conflict,[2219],2026-06-17/bee-44,aruco:416,confirmed,,in_domain,true
32dcf759aa14eb6e3f49,32dcf759aa14eb6e3f49.webp,true,2026-06-17,44,2,aruco,416,aruco:416,decoder_conflict,[2219],2026-06-17/bee-44,aruco:416,confirmed,,in_domain,true
95f767611f1009e098ea,95f767611f1009e098ea.webp,true,2026-06-17,45,1,aruco,,,no_tag_decoded,[],2026-06-17/bee-45,aruco:233,confirmed,,in_domain,true
c4c66da37cb47692cc5e,c4c66da37cb47692cc5e.webp,true,2026-06-17,45,2,aruco,,,no_tag_decoded,[],2026-06-17/bee-45,aruco:233,confirmed,,in_domain,true
daaa43cf2c4c29835aad,daaa43cf2c4c29835aad.webp,true,2026-06-17,46,1,aruco,569,aruco:569,decoder_conflict,[2354],2026-06-17/bee-46,aruco:569,confirmed,,in_domain,true
946e5a8e7934d5f16a41,946e5a8e7934d5f16a41.webp,true,2026-06-17,47,1,aruco,431,aruco:431,decoder_no_confirmation,[],2026-06-17/bee-47,aruco:431,confirmed,,in_domain,true
7b34b4f8dde58c2c5619,7b34b4f8dde58c2c5619.webp,true,2026-06-17,47,2,aruco,431,aruco:431,decoder_conflict,[2219],2026-06-17/bee-47,aruco:431,confirmed,,in_domain,true
a288edf6a2d409640eea,a288edf6a2d409640eea.webp,true,2026-06-17,48,1,aruco,653,aruco:653,decoder_no_confirmation,[],2026-06-17/bee-48,aruco:689,confirmed,,in_domain,true
27111c79a6f94a45579a,27111c79a6f94a45579a.webp,true,2026-06-17,48,2,aruco,653,aruco:653,decoder_conflict,"[145, 2219]",2026-06-17/bee-48,aruco:689,confirmed,,in_domain,true
26c340120dbef585c688,26c340120dbef585c688.webp,true,2026-06-17,49,1,aruco,624,aruco:624,decoder_no_confirmation,[],2026-06-17/bee-49,aruco:624,confirmed,,in_domain,true
0c23a0ee0c122707fa01,0c23a0ee0c122707fa01.webp,true,2026-06-17,50,1,aruco,321,aruco:321,decoder_confirmed,[321],2026-06-17/bee-50,aruco:321,confirmed,,in_domain,true
46b795162c31b7677af8,46b795162c31b7677af8.webp,true,2026-06-17,51,1,aruco,355,aruco:355,decoder_no_confirmation,[],2026-06-17/bee-51,aruco:355,confirmed,,in_domain,true
58700d5794b5899066ed,58700d5794b5899066ed.webp,true,2026-06-17,52,1,aruco,625,aruco:625,decoder_confirmed_with_competing_ids,"[625, 2221]",2026-06-17/bee-52,aruco:625,confirmed,,in_domain,true
4cf17c06ff26a99e30d0,4cf17c06ff26a99e30d0.webp,true,2026-06-17,53,1,aruco,544,aruco:544,decoder_conflict,[2219],2026-06-17/bee-53,aruco:544,confirmed,,in_domain,true
0440d9f6db27fab3f768,0440d9f6db27fab3f768.webp,true,2026-06-17,54,1,aruco,647,aruco:647,decoder_no_confirmation,[],2026-06-17/bee-54,aruco:647,confirmed,,in_domain,true
aa7b47a1e0dba8ef62b5,aa7b47a1e0dba8ef62b5.webp,true,2026-06-17,54,2,aruco,647,aruco:647,decoder_confirmed,[647],2026-06-17/bee-54,aruco:647,confirmed,,in_domain,true
3482456d0204c124a085,3482456d0204c124a085.webp,true,2026-06-17,55,1,aruco,728,aruco:728,decoder_conflict,[17],2026-06-17/bee-55,aruco:728,confirmed,,in_domain,true
e7d46fa90b2a672af5bb,e7d46fa90b2a672af5bb.webp,true,2026-06-17,55,2,aruco,728,aruco:728,decoder_conflict,[3619],2026-06-17/bee-55,aruco:728,confirmed,,in_domain,true
cd4ace6c968c69ad5ac6,cd4ace6c968c69ad5ac6.webp,true,2026-06-17,56,1,aruco,536,aruco:536,decoder_no_confirmation,[],2026-06-17/bee-56,aruco:536,confirmed,,in_domain,true
1572d11ba0a27c624170,1572d11ba0a27c624170.webp,true,2026-06-17,57,1,aruco,644,aruco:644,decoder_confirmed_with_competing_ids,"[17, 235, 644]",2026-06-17/bee-57,aruco:644,confirmed,,in_domain,true
5a5e041cf15a3a95c5e8,5a5e041cf15a3a95c5e8.webp,true,2026-06-17,58,1,aruco,716,aruco:716,decoder_conflict,[3456],2026-06-17/bee-58,aruco:716,confirmed,,in_domain,true
418715647b4cacb55a91,418715647b4cacb55a91.webp,true,2026-06-17,59,1,aruco,657,aruco:657,decoder_no_confirmation,[],2026-06-17/bee-59,aruco:657,confirmed,,in_domain,true
89d8b070bb4e5127f3cd,89d8b070bb4e5127f3cd.webp,true,2026-06-17,60,1,aruco,576,aruco:576,decoder_no_confirmation,[],2026-06-17/bee-60,aruco:576,confirmed,,in_domain,true
c17c9144ab2489eb7f48,c17c9144ab2489eb7f48.webp,true,2026-06-17,60,2,aruco,576,aruco:576,decoder_conflict,[1370],2026-06-17/bee-60,aruco:576,confirmed,,in_domain,true
23463c52d75883b6f5d6,23463c52d75883b6f5d6.webp,true,2026-06-17,61,1,aruco,541,aruco:541,decoder_conflict,[2197],2026-06-17/bee-61,aruco:541,confirmed,,in_domain,true
49e5badaa6db8ddee5f1,49e5badaa6db8ddee5f1.webp,true,2026-06-17,62,1,aruco,531,aruco:531,decoder_no_confirmation,[],2026-06-17/bee-62,aruco:531,confirmed,,in_domain,true
efb56e79b31875e07afd,efb56e79b31875e07afd.webp,true,2026-06-17,62,2,aruco,531,aruco:531,decoder_conflict,[2219],2026-06-17/bee-62,aruco:531,confirmed,,in_domain,true
88bd26377272ad90007e,88bd26377272ad90007e.webp,true,2026-06-17,63,1,aruco,622,aruco:622,decoder_confirmed,[622],2026-06-17/bee-63,aruco:622,confirmed,,in_domain,true
fdef5261dff99b959947,fdef5261dff99b959947.webp,true,2026-06-17,64,1,aruco,563,aruco:563,decoder_no_confirmation,[],2026-06-17/bee-64,aruco:563,confirmed,,in_domain,true
3fed407df6382e5027e3,3fed407df6382e5027e3.webp,true,2026-06-17,65,1,aruco,575,aruco:575,decoder_no_confirmation,[],2026-06-17/bee-65,aruco:575,confirmed,,in_domain,true
5d6c2c1382d8f76f7377,5d6c2c1382d8f76f7377.webp,true,2026-06-17,66,1,aruco,681,aruco:681,decoder_conflict,"[2203, 3317]",2026-06-17/bee-66,aruco:681,confirmed,,in_domain,true
ecd9f951a4ada2524c09,ecd9f951a4ada2524c09.webp,true,2026-06-17,67,1,aruco,579,aruco:579,decoder_conflict,[3619],2026-06-17/bee-67,aruco:579,confirmed,,in_domain,true
2ea2393e157769396541,2ea2393e157769396541.webp,true,2026-06-17,68,1,aruco,684,aruco:684,decoder_conflict,[2263],2026-06-17/bee-68,aruco:684,confirmed,,in_domain,true
b21ba37ee24d461ef49b,b21ba37ee24d461ef49b.webp,true,2026-06-17,69,1,aruco,512,aruco:512,decoder_confirmed,[512],2026-06-17/bee-69,aruco:512,confirmed,,in_domain,true
e9bd0314efdfdb177d6a,e9bd0314efdfdb177d6a.webp,true,2026-06-17,70,1,aruco,583,aruco:583,decoder_no_confirmation,[],2026-06-17/bee-70,,unreadable,,in_domain,true
b0def820038e9007630a,b0def820038e9007630a.webp,true,2026-06-17,71,1,aruco,719,aruco:719,decoder_no_confirmation,[],2026-06-17/bee-71,aruco:719,confirmed,,in_domain,true
8b43ab841fa07b98ef5c,8b43ab841fa07b98ef5c.webp,true,2026-06-17,72,1,aruco,503,aruco:503,decoder_no_confirmation,[],2026-06-17/bee-72,aruco:503,confirmed,,in_domain,true
83f7ca93f02fb51b6a41,83f7ca93f02fb51b6a41.webp,true,2026-06-17,72,2,aruco,503,aruco:503,decoder_conflict,"[696, 3185]",2026-06-17/bee-72,aruco:503,confirmed,,in_domain,true
b05dbcd909211d08a9ac,b05dbcd909211d08a9ac.webp,true,2026-06-22,1,1,aruco,653,aruco:653,decoder_conflict,"[2219, 2219]",2026-06-22/bee-1,aruco:188,confirmed,,in_domain,true
dbeeb4f59bf5aab602a4,dbeeb4f59bf5aab602a4.webp,true,2026-06-22,2,1,aruco,615,aruco:615,decoder_conflict,[1679],2026-06-22/bee-2,aruco:615,confirmed,,in_domain,true
c70e99e377ac852f7622,c70e99e377ac852f7622.webp,true,2026-06-22,3,1,aruco,519,aruco:519,decoder_conflict,[2219],2026-06-22/bee-3,aruco:519,confirmed,,in_domain,true
51976d4ad5bbc8debc19,51976d4ad5bbc8debc19.webp,true,2026-06-22,4,1,aruco,,,no_tag_decoded,[],2026-06-22/bee-4,aruco:735,confirmed,,in_domain,true
fa2c67aa211984417452,fa2c67aa211984417452.webp,true,2026-06-22,5,1,aruco,,,no_tag_decoded,[],2026-06-22/bee-5,aruco:557,confirmed,,in_domain,true
c8668969dd0d283f8192,c8668969dd0d283f8192.webp,true,2026-06-22,5,2,aruco,,,decoder_found_id,[2219],2026-06-22/bee-5,aruco:557,confirmed,,in_domain,true
2ca04c62019a1d6eb29b,2ca04c62019a1d6eb29b.webp,true,2026-06-22,6,1,aruco,608,aruco:608,decoder_no_confirmation,[],2026-06-22/bee-6,aruco:608,confirmed,,in_domain,true
dbb7f09a134ab88b1e04,dbb7f09a134ab88b1e04.webp,true,2026-06-22,7,1,aruco,,,no_tag_decoded,[],2026-06-22/bee-7,aruco:589,confirmed,,in_domain,true
dddd6b6632b313dfca59,dddd6b6632b313dfca59.webp,true,2026-06-22,8,1,aruco,586,aruco:586,decoder_no_confirmation,[],2026-06-22/bee-8,aruco:586,confirmed,,in_domain,true
1d2515660b5e664b08e1,1d2515660b5e664b08e1.webp,true,2026-06-22,8,2,aruco,586,aruco:586,decoder_conflict,[2219],2026-06-22/bee-8,aruco:586,confirmed,,in_domain,true
099441fad4b9daaf5751,099441fad4b9daaf5751.webp,true,2026-06-22,9,1,aruco,502,aruco:502,decoder_no_confirmation,[],2026-06-22/bee-9,aruco:502,confirmed,,in_domain,true
2194b68125cc009987d7,2194b68125cc009987d7.webp,true,2026-06-22,10,1,aruco,601,aruco:601,decoder_conflict,[2219],2026-06-22/bee-10,aruco:601,confirmed,,in_domain,true
bf4509fe4aadbd2d381e,bf4509fe4aadbd2d381e.webp,true,2026-06-22,10,2,aruco,601,aruco:601,decoder_confirmed,[601],2026-06-22/bee-10,aruco:601,confirmed,,in_domain,true
17725223730edcb2e8b5,17725223730edcb2e8b5.webp,true,2026-06-22,11,1,aruco,564,aruco:564,decoder_no_confirmation,[],2026-06-22/bee-11,aruco:564,confirmed,,in_domain,true
2234b2494663e843fc2b,2234b2494663e843fc2b.webp,true,2026-06-22,11,2,aruco,564,aruco:564,decoder_confirmed,[564],2026-06-22/bee-11,aruco:564,confirmed,,in_domain,true
fed9beff251b04343d7f,fed9beff251b04343d7f.webp,true,2026-06-22,12,1,aruco,690,aruco:690,decoder_no_confirmation,[],2026-06-22/bee-12,aruco:690,confirmed,,in_domain,true
41a32180dbcaef9153a7,41a32180dbcaef9153a7.webp,true,2026-06-22,12,2,aruco,690,aruco:690,decoder_no_confirmation,[],2026-06-22/bee-12,aruco:690,confirmed,,in_domain,true
89369797080bc30697ba,89369797080bc30697ba.webp,true,2026-06-22,13,1,aruco,632,aruco:632,decoder_no_confirmation,[],2026-06-22/bee-13,aruco:632,confirmed,,in_domain,true
8c5192381f5b2f69a55e,8c5192381f5b2f69a55e.webp,true,2026-06-22,14,1,aruco,611,aruco:611,decoder_conflict,[2613],2026-06-22/bee-14,aruco:611,confirmed,,in_domain,true
97747ee5d6635c967529,97747ee5d6635c967529.webp,true,2026-06-22,15,1,aruco,588,aruco:588,decoder_confirmed,[588],2026-06-22/bee-15,aruco:588,confirmed,,in_domain,true
3319718026e1e9002b4d,3319718026e1e9002b4d.webp,true,2026-06-22,16,1,aruco,591,aruco:591,decoder_conflict,[1679],2026-06-22/bee-16,aruco:591,confirmed,,in_domain,true
74a3a370baf834f71b0f,74a3a370baf834f71b0f.webp,true,2026-06-22,17,1,aruco,706,aruco:706,decoder_confirmed,[706],2026-06-22/bee-17,aruco:706,confirmed,,in_domain,true
2ed63e23c058bf6bcca8,2ed63e23c058bf6bcca8.webp,true,2026-06-22,18,1,aruco,500,aruco:500,decoder_no_confirmation,[],2026-06-22/bee-18,aruco:500,confirmed,,in_domain,true
237b836f7feb2e9e6f3d,237b836f7feb2e9e6f3d.webp,true,2026-06-22,18,2,aruco,500,aruco:500,decoder_conflict,[125],2026-06-22/bee-18,aruco:500,confirmed,,in_domain,true
4878ddff82212dc5045f,4878ddff82212dc5045f.webp,true,2026-06-22,19,1,aruco,639,aruco:639,decoder_no_confirmation,[],2026-06-22/bee-19,aruco:639,confirmed,,in_domain,true
e97b29b2b4ac7f3314b9,e97b29b2b4ac7f3314b9.webp,true,2026-06-22,20,1,aruco,522,aruco:522,decoder_conflict,[1345],2026-06-22/bee-20,aruco:522,confirmed,,in_domain,true
7e9114f286574cae7fdf,7e9114f286574cae7fdf.webp,true,2026-06-22,20,2,aruco,522,aruco:522,decoder_confirmed,[522],2026-06-22/bee-20,aruco:522,confirmed,,in_domain,true
7764f245bda5feb05494,7764f245bda5feb05494.webp,true,2026-06-22,21,1,aruco,664,aruco:664,decoder_conflict,[2219],2026-06-22/bee-21,aruco:664,confirmed,,in_domain,true
85d80f62c6250cee6574,85d80f62c6250cee6574.webp,true,2026-06-22,22,1,aruco,321,aruco:321,decoder_conflict,[2219],2026-06-22/bee-22,aruco:321,confirmed,,in_domain,true
159976569bd2c961ba0a,159976569bd2c961ba0a.webp,true,2026-06-22,23,1,aruco,475,aruco:475,decoder_conflict,[1032],2026-06-22/bee-23,aruco:475,confirmed,,in_domain,true
f0cc6af1f67b2f7e56bd,f0cc6af1f67b2f7e56bd.webp,true,2026-06-22,24,1,aruco,657,aruco:657,decoder_no_confirmation,[],2026-06-22/bee-24,aruco:657,confirmed,,in_domain,true
5edbe61070392dd379a0,5edbe61070392dd379a0.webp,true,2026-06-22,25,1,aruco,704,aruco:704,decoder_conflict,[1302],2026-06-22/bee-25,aruco:704,confirmed,,in_domain,true
3d05a8dc34737ca57755,3d05a8dc34737ca57755.webp,true,2026-06-22,26,1,aruco,484,aruco:484,decoder_no_confirmation,[],2026-06-22/bee-26,aruco:484,confirmed,,in_domain,true
fc3f48ca8b143a803b75,fc3f48ca8b143a803b75.webp,true,2026-06-22,27,1,aruco,508,aruco:508,decoder_no_confirmation,[],2026-06-22/bee-27,aruco:508,confirmed,,in_domain,true
69b1fea219665ad9c323,69b1fea219665ad9c323.webp,true,2026-06-22,28,1,aruco,595,aruco:595,decoder_conflict,[3619],2026-06-22/bee-28,aruco:595,confirmed,,in_domain,true
ab6b2f9c2d4c69df1fc1,ab6b2f9c2d4c69df1fc1.webp,true,2026-06-22,29,1,aruco,536,aruco:536,decoder_conflict,[3619],2026-06-22/bee-29,aruco:536,confirmed,,in_domain,true
a04c8b21d07f1b9be50b,a04c8b21d07f1b9be50b.webp,true,2026-06-22,30,1,aruco,582,aruco:582,decoder_conflict,[1679],2026-06-22/bee-30,aruco:582,confirmed,,in_domain,true
ab718fcf43999c79509c,ab718fcf43999c79509c.webp,true,2026-06-22,31,1,aruco,674,aruco:674,decoder_no_confirmation,[],2026-06-22/bee-31,aruco:674,confirmed,,in_domain,true
72cd7e88047cc21e4a4c,72cd7e88047cc21e4a4c.webp,true,2026-06-22,32,1,aruco,545,aruco:545,decoder_no_confirmation,[],2026-06-22/bee-32,aruco:545,confirmed,,in_domain,true
7c0a80808d8f294c898c,7c0a80808d8f294c898c.webp,true,2026-06-22,33,1,aruco,637,aruco:637,decoder_no_confirmation,[],2026-06-22/bee-33,aruco:637,confirmed,,in_domain,true
b191dc6aa4bbed9ebb40,b191dc6aa4bbed9ebb40.webp,true,2026-06-22,33,2,aruco,637,aruco:637,decoder_no_confirmation,[],2026-06-22/bee-33,aruco:637,confirmed,,in_domain,true
1c63f10cd70ba414220c,1c63f10cd70ba414220c.webp,true,2026-06-22,34,1,aruco,507,aruco:507,decoder_conflict,[1833],2026-06-22/bee-34,aruco:507,confirmed,,in_domain,true
d2f37bdc7a5b73817370,d2f37bdc7a5b73817370.webp,true,2026-06-22,35,1,aruco,,,no_tag_decoded,[],2026-06-22/bee-35,aruco:495,confirmed,,in_domain,true
c01fafaa311146d8f80c,c01fafaa311146d8f80c.webp,true,2026-06-22,36,1,aruco,565,aruco:565,decoder_conflict,[3619],2026-06-22/bee-36,aruco:565,confirmed,,in_domain,true
012b78d89c8aff21a7fc,012b78d89c8aff21a7fc.webp,true,2026-06-22,37,1,aruco,636,aruco:636,decoder_conflict,[2219],2026-06-22/bee-37,aruco:636,confirmed,,in_domain,true
1d01733befd3afef4f17,1d01733befd3afef4f17.webp,true,2026-06-22,38,1,aruco,581,aruco:581,decoder_confirmed_with_competing_ids,"[581, 2613, 2762]",2026-06-22/bee-38,aruco:581,confirmed,,in_domain,true
4ddc82f5685a611b7d1d,4ddc82f5685a611b7d1d.webp,true,2026-06-22,39,1,aruco,676,aruco:676,decoder_no_confirmation,[],2026-06-22/bee-39,aruco:676,confirmed,,in_domain,true
e2ee224f3f19b80d990a,e2ee224f3f19b80d990a.webp,true,2026-06-22,40,1,aruco,539,aruco:539,decoder_no_confirmation,[],2026-06-22/bee-40,aruco:539,confirmed,,in_domain,true
0961eb08135903f48829,0961eb08135903f48829.webp,true,2026-06-22,41,1,aruco,,,decoder_found_id,"[17, 1824]",2026-06-22/bee-41,aruco:56,confirmed,,in_domain,true
1e408c95a9f67bd962d3,1e408c95a9f67bd962d3.webp,true,2026-06-22,42,1,aruco,685,aruco:685,decoder_conflict,[1725],2026-06-22/bee-42,aruco:685,confirmed,,in_domain,true
b6f863c97598132519ec,b6f863c97598132519ec.webp,true,2026-06-22,43,1,aruco,599,aruco:599,decoder_no_confirmation,[],2026-06-22/bee-43,aruco:599,confirmed,,in_domain,true
041387b74837e0910872,041387b74837e0910872.webp,true,2026-06-22,44,1,aruco,703,aruco:703,decoder_conflict,"[2219, 3960]",2026-06-22/bee-44,aruco:703,confirmed,,in_domain,true
1ffcc725e52280fcd937,1ffcc725e52280fcd937.webp,true,2026-06-22,45,1,aruco,629,aruco:629,decoder_no_confirmation,[],2026-06-22/bee-45,aruco:629,confirmed,,in_domain,true
f0a8671a60f60f60e930,f0a8671a60f60f60e930.webp,true,2026-06-22,45,2,aruco,629,aruco:629,decoder_conflict,[2208],2026-06-22/bee-45,aruco:629,confirmed,,in_domain,true
e2b6b4cc824579265121,e2b6b4cc824579265121.webp,true,2026-06-22,46,1,aruco,626,aruco:626,decoder_no_confirmation,[],2026-06-22/bee-46,aruco:626,confirmed,,in_domain,true
3b96cd86d52c753ab39c,3b96cd86d52c753ab39c.webp,true,2026-06-22,46,2,aruco,626,aruco:626,decoder_no_confirmation,[],2026-06-22/bee-46,aruco:626,confirmed,,in_domain,true
4e69ff11b607be852301,4e69ff11b607be852301.webp,true,2026-06-22,47,1,aruco,686,aruco:686,decoder_confirmed_with_competing_ids,"[686, 3619]",2026-06-22/bee-47,aruco:686,confirmed,,in_domain,true
351a13f13c9f3bd1a61b,351a13f13c9f3bd1a61b.webp,true,2026-06-22,48,1,aruco,543,aruco:543,decoder_no_confirmation,[],2026-06-22/bee-48,aruco:543,confirmed,,in_domain,true
c579fcddbfe9ee1ea975,c579fcddbfe9ee1ea975.webp,true,2026-06-22,49,1,aruco,633,aruco:633,decoder_conflict,[2219],2026-06-22/bee-49,aruco:633,confirmed,,in_domain,true
00673764819076a73c07,00673764819076a73c07.webp,true,2026-06-22,50,1,aruco,494,aruco:494,decoder_no_confirmation,[],2026-06-22/bee-50,aruco:494,confirmed,,in_domain,true
4935144f925da85076db,4935144f925da85076db.webp,true,2026-06-22,50,2,aruco,494,aruco:494,decoder_no_confirmation,[],2026-06-22/bee-50,aruco:494,confirmed,,in_domain,true
aae9cd4b21c4f0b5cf9a,aae9cd4b21c4f0b5cf9a.webp,true,2026-06-22,51,1,aruco,584,aruco:584,decoder_confirmed,[584],2026-06-22/bee-51,aruco:584,confirmed,,in_domain,true
b0fd27712b8aa9deabd4,b0fd27712b8aa9deabd4.webp,true,2026-06-22,52,1,aruco,574,aruco:574,decoder_conflict,"[2219, 3619]",2026-06-22/bee-52,aruco:574,confirmed,,in_domain,true
bc983be2ce024a90afdc,bc983be2ce024a90afdc.webp,true,2026-06-22,53,1,aruco,492,aruco:492,decoder_conflict,[425],2026-06-22/bee-53,aruco:492,confirmed,,in_domain,true
19896c24a9a0a2a2cb5a,19896c24a9a0a2a2cb5a.webp,true,2026-06-22,54,1,aruco,642,aruco:642,decoder_no_confirmation,[],2026-06-22/bee-54,aruco:642,confirmed,,in_domain,true
f57c9a76aa990f52be38,f57c9a76aa990f52be38.webp,true,2026-06-22,55,1,aruco,655,aruco:655,decoder_conflict,[3619],2026-06-22/bee-55,aruco:655,confirmed,,in_domain,true
6b3bb9eea8ab307e7190,6b3bb9eea8ab307e7190.webp,true,2026-06-22,56,1,aruco,273,aruco:273,decoder_conflict,[2219],2026-06-22/bee-56,aruco:273,confirmed,,in_domain,true
45a62b73d6cac22997d8,45a62b73d6cac22997d8.webp,true,2026-06-22,57,1,aruco,700,aruco:700,decoder_conflict,[2219],2026-06-22/bee-57,,unreadable,corrupted image - not captured in the first place,in_domain,true
e3b0c44298fc1c149afb,e3b0c44298fc1c149afb.webp,false,2026-06-22,57,2,aruco,700,aruco:700,image_read_failed,[],2026-06-22/bee-57,,unreadable,corrupted image - not captured in the first place,in_domain,true
2d3f8756a6e4ce332a07,2d3f8756a6e4ce332a07.webp,true,2026-06-23,1,1,aruco,612,aruco:612,decoder_confirmed,[612],2026-06-23/bee-1,aruco:612,confirmed,,in_domain,true
a97ec355946cac64166b,a97ec355946cac64166b.webp,true,2026-06-23,2,1,aruco,731,aruco:731,decoder_confirmed,[731],2026-06-23/bee-2,aruco:731,confirmed,,in_domain,true
fb6d22bef976cba43f19,fb6d22bef976cba43f19.webp,true,2026-06-23,2,2,aruco,731,aruco:731,decoder_conflict,"[378, 2465]",2026-06-23/bee-2,aruco:731,confirmed,,in_domain,true
ea7dd87ea920e7cedecd,ea7dd87ea920e7cedecd.webp,true,2026-06-23,3,1,aruco,521,aruco:521,decoder_no_confirmation,[],2026-06-23/bee-3,aruco:521,confirmed,,in_domain,true
1d6258340b35816579d6,1d6258340b35816579d6.webp,true,2026-06-23,3,2,aruco,521,aruco:521,decoder_conflict,"[1132, 3365]",2026-06-23/bee-3,aruco:521,confirmed,,in_domain,true
12ab2a44ecdec0a21f24,12ab2a44ecdec0a21f24.webp,true,2026-06-23,4,1,aruco,610,aruco:610,decoder_confirmed,[610],2026-06-23/bee-4,aruco:610,confirmed,,in_domain,true
f44e9189c0aebc1e6bb6,f44e9189c0aebc1e6bb6.webp,true,2026-06-23,5,1,aruco,485,aruco:485,decoder_confirmed_with_competing_ids,"[485, 3619]",2026-06-23/bee-5,aruco:485,confirmed,,in_domain,true
96f724962365bb738cf3,96f724962365bb738cf3.webp,true,2026-06-23,6,1,aruco,585,aruco:585,decoder_conflict,[2219],2026-06-23/bee-6,aruco:585,confirmed,,in_domain,true
9ec99591f6faee5bc916,9ec99591f6faee5bc916.webp,true,2026-06-23,7,1,aruco,631,aruco:631,decoder_conflict,"[2197, 2219]",2026-06-23/bee-7,aruco:631,confirmed,,in_domain,true
be45f881c3e34a3909a3,be45f881c3e34a3909a3.webp,true,2026-06-23,8,1,aruco,600,aruco:600,decoder_conflict,"[2197, 3434]",2026-06-23/bee-8,aruco:600,confirmed,,in_domain,true
7d927972f58c40dbff59,7d927972f58c40dbff59.webp,true,2026-06-23,9,1,aruco,552,aruco:552,decoder_confirmed,[552],2026-06-23/bee-9,aruco:552,confirmed,,in_domain,true
7623199fa386eae198ba,7623199fa386eae198ba.webp,true,2026-06-23,9,2,aruco,552,aruco:552,decoder_no_confirmation,[],2026-06-23/bee-9,aruco:552,confirmed,,in_domain,true
da7aca0ee77b0910cc46,da7aca0ee77b0910cc46.webp,true,2026-06-23,10,1,aruco,621,aruco:621,decoder_confirmed_with_competing_ids,"[621, 2219]",2026-06-23/bee-10,aruco:621,confirmed,,in_domain,true
4e7c34180d4caea8ccb2,4e7c34180d4caea8ccb2.webp,true,2026-06-23,11,1,aruco,505,aruco:505,decoder_confirmed,[505],2026-06-23/bee-11,aruco:505,confirmed,,in_domain,true
36a75fb74d4f79718060,36a75fb74d4f79718060.webp,true,2026-06-23,12,1,aruco,526,aruco:526,decoder_conflict,[2197],2026-06-23/bee-12,aruco:526,confirmed,,in_domain,true
6081589244d1c1190ff4,6081589244d1c1190ff4.webp,true,2026-06-23,13,1,aruco,501,aruco:501,decoder_conflict,[1537],2026-06-23/bee-13,aruco:501,confirmed,,in_domain,true
599e10be5d48af837094,599e10be5d48af837094.webp,true,2026-06-23,13,2,aruco,501,aruco:501,decoder_conflict,"[441, 2219, 3339]",2026-06-23/bee-13,aruco:501,confirmed,,in_domain,true
639eb4b4a11feaf6e453,639eb4b4a11feaf6e453.webp,true,2026-06-23,14,1,aruco,498,aruco:498,decoder_conflict,"[1345, 2219]",2026-06-23/bee-14,aruco:498,confirmed,,in_domain,true
b5c29e06725c7ec1cb14,b5c29e06725c7ec1cb14.webp,true,2026-06-23,15,1,aruco,508,aruco:508,decoder_conflict,[3434],2026-06-23/bee-15,aruco:508,confirmed,,in_domain,true
f25150715da814ca226a,f25150715da814ca226a.webp,true,2026-06-23,16,1,aruco,709,aruco:709,decoder_conflict,[3619],2026-06-23/bee-16,aruco:709,confirmed,,in_domain,true
aeacfa641d8fb8b35ed5,aeacfa641d8fb8b35ed5.webp,true,2026-06-23,17,1,aruco,554,aruco:554,decoder_conflict,[470],2026-06-23/bee-17,aruco:554,confirmed,,in_domain,true
a45d2ea3ade3ab1aa5c8,a45d2ea3ade3ab1aa5c8.webp,true,2026-06-23,18,1,aruco,577,aruco:577,decoder_conflict,[2219],2026-06-23/bee-18,aruco:577,confirmed,,in_domain,true
f8c2599411fcb5bb39cd,f8c2599411fcb5bb39cd.webp,true,2026-06-23,18,2,aruco,577,aruco:577,decoder_no_confirmation,[],2026-06-23/bee-18,aruco:577,confirmed,,in_domain,true
c17720885ca2aadf6915,c17720885ca2aadf6915.webp,true,2026-06-23,19,1,aruco,578,aruco:578,decoder_conflict,"[2219, 2488]",2026-06-23/bee-19,aruco:578,confirmed,,in_domain,true
5ef6e6f04d45052d5d2b,5ef6e6f04d45052d5d2b.webp,true,2026-06-23,19,2,aruco,578,aruco:578,decoder_conflict,"[2219, 3095]",2026-06-23/bee-19,aruco:578,confirmed,,in_domain,true
8b0ba9c061877a8f7e1d,8b0ba9c061877a8f7e1d.webp,true,2026-06-23,20,1,aruco,656,aruco:656,decoder_confirmed,[656],2026-06-23/bee-20,aruco:656,confirmed,,in_domain,true
d31eacf01e764e194847,d31eacf01e764e194847.webp,true,2026-06-23,20,2,aruco,656,aruco:656,decoder_confirmed_with_competing_ids,"[656, 2219, 2219]",2026-06-23/bee-20,aruco:656,confirmed,,in_domain,true
9ff9ea7f9ae4f31700a4,9ff9ea7f9ae4f31700a4.webp,true,2026-06-23,21,1,aruco,535,aruco:535,decoder_no_confirmation,[],2026-06-23/bee-21,aruco:535,confirmed,,in_domain,true
012fd1a360203a328574,012fd1a360203a328574.webp,true,2026-06-23,21,2,aruco,535,aruco:535,decoder_conflict,[3327],2026-06-23/bee-21,aruco:535,confirmed,,in_domain,true
21ecc838cfa9c6831d10,21ecc838cfa9c6831d10.webp,true,2026-06-23,22,1,aruco,188,aruco:188,decoder_no_confirmation,[],2026-06-23/bee-22,aruco:188,confirmed,,in_domain,true
2bf67751549521110627,2bf67751549521110627.webp,true,2026-06-23,22,2,aruco,188,aruco:188,decoder_conflict,[1198],2026-06-23/bee-22,aruco:188,confirmed,,in_domain,true
ce94af19762cf4fc4fd3,ce94af19762cf4fc4fd3.webp,true,2026-06-23,23,1,aruco,492,aruco:492,decoder_confirmed,[492],2026-06-23/bee-23,aruco:492,confirmed,,in_domain,true
b805ead8a399a804ec8f,b805ead8a399a804ec8f.webp,true,2026-06-23,24,1,aruco,733,aruco:733,decoder_conflict,[2219],2026-06-23/bee-24,aruco:733,confirmed,,in_domain,true
7038f2960fa2572b57f5,7038f2960fa2572b57f5.webp,true,2026-06-23,25,1,aruco,655,aruco:655,decoder_conflict,[3315],2026-06-23/bee-25,aruco:655,confirmed,,in_domain,true
01f4138844463eb9c633,01f4138844463eb9c633.webp,true,2026-06-23,26,1,aruco,502,aruco:502,decoder_no_confirmation,[],2026-06-23/bee-26,aruco:502,confirmed,,in_domain,true
e4911025af4feca3deb2,e4911025af4feca3deb2.webp,true,2026-06-23,26,2,aruco,502,aruco:502,decoder_confirmed,[502],2026-06-23/bee-26,aruco:502,confirmed,,in_domain,true
761d46b67a30d4db9f15,761d46b67a30d4db9f15.webp,true,2026-06-23,27,1,aruco,614,aruco:614,decoder_confirmed,[614],2026-06-23/bee-27,aruco:614,confirmed,,in_domain,true
d38336603aa4e20b1543,d38336603aa4e20b1543.webp,true,2026-06-23,27,2,aruco,614,aruco:614,decoder_no_confirmation,[],2026-06-23/bee-27,aruco:614,confirmed,,in_domain,true
3e07cdcf73f53192c84b,3e07cdcf73f53192c84b.webp,true,2026-06-23,28,1,aruco,702,aruco:702,decoder_confirmed,[702],2026-06-23/bee-28,aruco:702,confirmed,,in_domain,true
3751650db7ab692f8d1f,3751650db7ab692f8d1f.webp,true,2026-06-23,28,2,aruco,702,aruco:702,decoder_conflict,[1708],2026-06-23/bee-28,aruco:702,confirmed,,in_domain,true
4f80764059019dc0bfbb,4f80764059019dc0bfbb.webp,true,2026-06-23,29,1,aruco,650,aruco:650,decoder_confirmed,[650],2026-06-23/bee-29,aruco:650,confirmed,,in_domain,true
595468656b25d52e591f,595468656b25d52e591f.webp,true,2026-06-23,29,2,aruco,650,aruco:650,decoder_no_confirmation,[],2026-06-23/bee-29,aruco:650,confirmed,,in_domain,true
479a9271c16e6a122771,479a9271c16e6a122771.webp,true,2026-06-23,30,1,aruco,580,aruco:580,decoder_conflict,"[1370, 2219]",2026-06-23/bee-30,aruco:580,confirmed,,in_domain,true
2bd71d05e92b5dd5bfa6,2bd71d05e92b5dd5bfa6.webp,true,2026-06-23,30,2,aruco,580,aruco:580,decoder_conflict,[2219],2026-06-23/bee-30,aruco:580,confirmed,,in_domain,true
578987ecd22dc174a4ed,578987ecd22dc174a4ed.webp,true,2026-06-23,31,1,aruco,732,aruco:732,decoder_conflict,"[190, 1221, 2762, 3960]",2026-06-23/bee-31,aruco:732,confirmed,,in_domain,true
01238cb493475c265dba,01238cb493475c265dba.webp,true,2026-06-23,32,1,aruco,707,aruco:707,decoder_confirmed_with_competing_ids,"[103, 707]",2026-06-23/bee-32,aruco:707,confirmed,,in_domain,true
56152aac37c282aaf387,56152aac37c282aaf387.webp,true,2026-06-23,33,1,aruco,694,aruco:694,decoder_conflict,[1645],2026-06-23/bee-33,aruco:694,confirmed,,in_domain,true
b188892f5aca438f4591,b188892f5aca438f4591.webp,true,2026-06-23,33,2,aruco,694,aruco:694,decoder_no_confirmation,[],2026-06-23/bee-33,aruco:694,confirmed,,in_domain,true
da060e6c2b2976005473,da060e6c2b2976005473.webp,true,2026-06-23,34,1,aruco,712,aruco:712,decoder_conflict,[425],2026-06-23/bee-34,aruco:712,confirmed,,in_domain,true
8eeb7726497c97db15f9,8eeb7726497c97db15f9.webp,true,2026-06-23,34,2,aruco,712,aruco:712,decoder_conflict,[2219],2026-06-23/bee-34,aruco:712,confirmed,,in_domain,true
b0fb741a1583738ce6e1,b0fb741a1583738ce6e1.webp,true,2026-06-23,35,1,aruco,590,aruco:590,decoder_conflict,[3619],2026-06-23/bee-35,aruco:590,confirmed,,in_domain,true
134a1269ea9a25583e68,134a1269ea9a25583e68.webp,true,2026-06-23,36,1,aruco,987,aruco:987,decoder_conflict,[216],2026-06-23/bee-36,aruco:558,confirmed,,in_domain,true
4d14d19cbcba7000a8d9,4d14d19cbcba7000a8d9.webp,true,2026-06-23,37,1,aruco,667,aruco:667,decoder_no_confirmation,[],2026-06-23/bee-37,aruco:667,confirmed,,in_domain,true
3b936236fd495ea36b97,3b936236fd495ea36b97.webp,true,2026-06-23,37,2,aruco,667,aruco:667,decoder_conflict,[2197],2026-06-23/bee-37,aruco:667,confirmed,,in_domain,true
4756159fa3f0afbe3be8,4756159fa3f0afbe3be8.webp,true,2026-06-23,38,1,aruco,659,aruco:659,decoder_conflict,[1833],2026-06-23/bee-38,aruco:659,confirmed,,in_domain,true
ee3d464ecb77509f9f6f,ee3d464ecb77509f9f6f.webp,true,2026-06-23,38,2,aruco,659,aruco:659,decoder_conflict,[2219],2026-06-23/bee-38,aruco:659,confirmed,,in_domain,true
b9843899f558513bf908,b9843899f558513bf908.webp,true,2026-06-23,39,1,aruco,504,aruco:504,decoder_no_confirmation,[],2026-06-23/bee-39,aruco:504,confirmed,,in_domain,true
e411a8e4a808e6b76f6b,e411a8e4a808e6b76f6b.webp,true,2026-06-23,39,2,aruco,504,aruco:504,decoder_no_confirmation,[],2026-06-23/bee-39,aruco:504,confirmed,,in_domain,true
fbe251ac54fe9c17506a,fbe251ac54fe9c17506a.webp,true,2026-06-23,40,1,aruco,597,aruco:597,decoder_conflict,[2219],2026-06-23/bee-40,aruco:597,confirmed,,in_domain,true
a4128f751a876f6f9a51,a4128f751a876f6f9a51.webp,true,2026-06-23,40,2,aruco,597,aruco:597,decoder_no_confirmation,[],2026-06-23/bee-40,aruco:597,confirmed,,in_domain,true
cb3a6fbf12cb16ce9921,cb3a6fbf12cb16ce9921.webp,true,2026-06-23,41,1,aruco,654,aruco:654,decoder_conflict,[2219],2026-06-23/bee-41,aruco:654,confirmed,,in_domain,true
7305092e3ecfe07fdc9c,7305092e3ecfe07fdc9c.webp,true,2026-06-23,41,2,aruco,654,aruco:654,decoder_confirmed,[654],2026-06-23/bee-41,aruco:654,confirmed,,in_domain,true
a0d43bdc87c7c01361e5,a0d43bdc87c7c01361e5.webp,true,2026-06-23,41,3,aruco,654,aruco:654,decoder_conflict,[3619],2026-06-23/bee-41,aruco:654,confirmed,,in_domain,true
0033ebbd092133b59b6a,0033ebbd092133b59b6a.webp,true,2026-06-23,42,1,aruco,696,aruco:696,decoder_no_confirmation,[],2026-06-23/bee-42,aruco:696,confirmed,,in_domain,true
e4191d4963ec9455eec2,e4191d4963ec9455eec2.webp,true,2026-06-23,43,1,aruco,542,aruco:542,decoder_conflict,[2219],2026-06-23/bee-43,aruco:542,confirmed,,in_domain,true
91c845b9228995e6d42c,91c845b9228995e6d42c.webp,true,2026-06-23,44,1,aruco,506,aruco:506,decoder_conflict,"[16, 1830, 3619]",2026-06-23/bee-44,aruco:506,confirmed,,in_domain,true
b647de4072ee2f20fa01,b647de4072ee2f20fa01.webp,true,2026-06-23,44,2,aruco,506,aruco:506,decoder_conflict,[110],2026-06-23/bee-44,aruco:506,confirmed,,in_domain,true
ee5722f0c21e5d2b7da6,ee5722f0c21e5d2b7da6.webp,true,2026-06-23,45,1,aruco,614,aruco:614,decoder_conflict,"[2219, 2219]",2026-06-23/bee-45,aruco:614,confirmed,,in_domain,true
f2b0b1c62347396023e4,f2b0b1c62347396023e4.webp,true,2026-06-23,45,2,aruco,614,aruco:614,decoder_conflict,[3577],2026-06-23/bee-45,aruco:614,confirmed,,in_domain,true
e5e8e05047471f6d3265,e5e8e05047471f6d3265.webp,true,2026-06-23,46,1,aruco,682,aruco:682,decoder_conflict,[2219],2026-06-23/bee-46,aruco:682,confirmed,,in_domain,true
73bb0266c6018aeb8715,73bb0266c6018aeb8715.webp,true,2026-06-24,1,1,aruco,606,aruco:606,decoder_confirmed_with_competing_ids,"[606, 2197]",2026-06-24/bee-1,aruco:606,confirmed,,in_domain,true
21069c8ff5d0ac589ea1,21069c8ff5d0ac589ea1.webp,true,2026-06-24,2,1,aruco,441,aruco:441,decoder_conflict,[987],2026-06-24/bee-2,aruco:441,confirmed,,in_domain,true
c9222407896d5045d011,c9222407896d5045d011.webp,true,2026-06-24,3,1,aruco,547,aruco:547,decoder_no_confirmation,[],2026-06-24/bee-3,aruco:547,confirmed,,in_domain,true
503a2fa6a6e25520f07c,503a2fa6a6e25520f07c.webp,true,2026-06-24,4,1,aruco,529,aruco:529,decoder_no_confirmation,[],2026-06-24/bee-4,aruco:529,confirmed,,in_domain,true
ecf643800cf70b8432f8,ecf643800cf70b8432f8.webp,true,2026-06-24,4,2,aruco,529,aruco:529,decoder_confirmed,[529],2026-06-24/bee-4,aruco:529,confirmed,,in_domain,true
d2f2d5e87d73f8484ff4,d2f2d5e87d73f8484ff4.webp,true,2026-06-24,5,1,aruco,511,aruco:511,decoder_conflict,[3339],2026-06-24/bee-5,aruco:511,confirmed,,in_domain,true
63c8bf8bb0bcdfd2959b,63c8bf8bb0bcdfd2959b.webp,true,2026-06-24,6,1,aruco,528,aruco:528,decoder_no_confirmation,[],2026-06-24/bee-6,aruco:528,confirmed,,in_domain,true
d503d34ac3517156237d,d503d34ac3517156237d.webp,true,2026-06-24,7,1,aruco,550,aruco:550,decoder_no_confirmation,[],2026-06-24/bee-7,aruco:550,confirmed,,in_domain,true
7e9dedfbb0899e287ceb,7e9dedfbb0899e287ceb.webp,true,2026-06-24,8,1,aruco,540,aruco:540,decoder_no_confirmation,[],2026-06-24/bee-8,aruco:540,confirmed,,in_domain,true
d1e4dfe6934f4fd462ba,d1e4dfe6934f4fd462ba.webp,true,2026-06-24,9,1,aruco,713,aruco:713,decoder_no_confirmation,[],2026-06-24/bee-9,aruco:713,confirmed,,in_domain,true
4ae4854cb7619b1110d3,4ae4854cb7619b1110d3.webp,true,2026-06-24,10,1,aruco,566,aruco:566,decoder_conflict,[2219],2026-06-24/bee-10,aruco:566,confirmed,,in_domain,true
40a43bdc803746375524,40a43bdc803746375524.webp,true,2026-06-24,11,1,aruco,609,aruco:609,decoder_conflict,[2219],2026-06-24/bee-11,aruco:609,confirmed,,in_domain,true
f973d3b640245be77f70,f973d3b640245be77f70.webp,true,2026-06-24,12,1,aruco,499,aruco:499,decoder_no_confirmation,[],2026-06-24/bee-12,aruco:499,confirmed,,in_domain,true
d05f8c13810764d6bd13,d05f8c13810764d6bd13.webp,true,2026-06-24,12,2,aruco,499,aruco:499,decoder_confirmed_with_competing_ids,"[499, 3619]",2026-06-24/bee-12,aruco:499,confirmed,,in_domain,true
9332e0eed4b93092b498,9332e0eed4b93092b498.webp,true,2026-06-24,13,1,aruco,482,aruco:482,decoder_conflict,[2221],2026-06-24/bee-13,aruco:482,confirmed,,in_domain,true
5bf6865a2289bacdb6a0,5bf6865a2289bacdb6a0.webp,true,2026-06-24,13,2,aruco,482,aruco:482,decoder_conflict,"[1345, 2219]",2026-06-24/bee-13,aruco:482,confirmed,,in_domain,true
8792e5db395582becca6,8792e5db395582becca6.webp,true,2026-06-24,14,1,aruco,549,aruco:549,decoder_confirmed_with_competing_ids,"[549, 2197]",2026-06-24/bee-14,aruco:549,confirmed,,in_domain,true
a376a5a765cbbb6704e4,a376a5a765cbbb6704e4.webp,true,2026-06-24,15,1,aruco,648,aruco:648,decoder_conflict,[3619],2026-06-24/bee-15,aruco:648,confirmed,,in_domain,true
62f94fa5b3f707970ba6,62f94fa5b3f707970ba6.webp,true,2026-06-24,16,1,aruco,561,aruco:561,decoder_confirmed,[561],2026-06-24/bee-16,aruco:561,confirmed,,in_domain,true
9eba60c78110b8354bd0,9eba60c78110b8354bd0.webp,true,2026-06-24,17,1,aruco,635,aruco:635,decoder_conflict,"[17, 3619]",2026-06-24/bee-17,aruco:635,confirmed,,in_domain,true
fe9abfa7564daf146b17,fe9abfa7564daf146b17.webp,true,2026-06-24,18,1,aruco,626,aruco:626,decoder_conflict,"[2219, 3619]",2026-06-24/bee-18,aruco:626,confirmed,,in_domain,true
37044538425a22676672,37044538425a22676672.webp,true,2026-06-24,19,1,aruco,629,aruco:629,decoder_no_confirmation,[],2026-06-24/bee-19,aruco:629,confirmed,,in_domain,true
3fc99502417cc111e9fc,3fc99502417cc111e9fc.webp,true,2026-06-24,20,1,aruco,727,aruco:727,decoder_conflict,"[17, 3619]",2026-06-24/bee-20,aruco:727,confirmed,,in_domain,true
f7e59ed7a0bd8c2df5d3,f7e59ed7a0bd8c2df5d3.webp,true,2026-06-24,20,2,aruco,727,aruco:727,decoder_conflict,"[3301, 3619]",2026-06-24/bee-20,aruco:727,confirmed,,in_domain,true
6961682e3e58f0d53720,6961682e3e58f0d53720.webp,true,2026-06-24,21,1,aruco,559,aruco:559,decoder_no_confirmation,[],2026-06-24/bee-21,aruco:559,confirmed,,in_domain,true
6a1baab81ed20d962969,6a1baab81ed20d962969.webp,true,2026-06-24,21,2,aruco,559,aruco:559,decoder_confirmed,[559],2026-06-24/bee-21,aruco:559,confirmed,,in_domain,true
cd87bddc67f58fc81383,cd87bddc67f58fc81383.webp,true,2026-06-24,22,1,aruco,530,aruco:530,decoder_conflict,"[37, 3209]",2026-06-24/bee-22,aruco:530,confirmed,,in_domain,true
d9efe47c5705662ee5cc,d9efe47c5705662ee5cc.webp,true,2026-06-24,23,1,aruco,677,aruco:677,decoder_no_confirmation,[],2026-06-24/bee-23,aruco:677,confirmed,,in_domain,true
155ec17bd77df0d8bd13,155ec17bd77df0d8bd13.webp,true,2026-06-24,24,1,aruco,731,aruco:731,decoder_conflict,[391],2026-06-24/bee-24,aruco:731,confirmed,,in_domain,true
cc9c095544f1ea03c80c,cc9c095544f1ea03c80c.webp,true,2026-06-24,25,1,aruco,647,aruco:647,decoder_confirmed_with_competing_ids,"[647, 3619]",2026-06-24/bee-25,aruco:647,confirmed,,in_domain,true
22e4944b5d206a458d16,22e4944b5d206a458d16.webp,true,2026-06-24,26,1,aruco,688,aruco:688,decoder_conflict,[3434],2026-06-24/bee-26,aruco:688,confirmed,,in_domain,true
8541b2d0bb0ed453bb3b,8541b2d0bb0ed453bb3b.webp,true,2026-06-24,27,1,aruco,844,aruco:844,decoder_conflict,"[216, 336, 2219]",2026-06-24/bee-27,aruco:844,confirmed,,in_domain,true
372865d7b702e5abc9ef,372865d7b702e5abc9ef.webp,true,2026-06-24,28,1,aruco,923,aruco:923,decoder_conflict,[470],2026-06-24/bee-28,aruco:923,confirmed,,in_domain,true
069b870f6576ad22087e,069b870f6576ad22087e.webp,true,2026-06-24,29,1,aruco,866,aruco:866,decoder_conflict,"[2219, 3399, 3619]",2026-06-24/bee-29,aruco:866,confirmed,,in_domain,true
80a414abf3f1c35ebacb,80a414abf3f1c35ebacb.webp,true,2026-06-24,30,1,aruco,737,aruco:737,decoder_no_confirmation,[],2026-06-24/bee-30,aruco:737,confirmed,,in_domain,true
6b30b2433ff29cc740b0,6b30b2433ff29cc740b0.webp,true,2026-06-24,30,2,aruco,737,aruco:737,decoder_conflict,[2219],2026-06-24/bee-30,aruco:737,confirmed,,in_domain,true
580a65912486f926e5cb,580a65912486f926e5cb.webp,true,2026-06-24,31,1,aruco,848,aruco:848,decoder_conflict,"[2197, 3434]",2026-06-24/bee-31,aruco:848,confirmed,,in_domain,true
6437f903a6e86096b6f3,6437f903a6e86096b6f3.webp,true,2026-06-24,32,1,aruco,843,aruco:843,decoder_no_confirmation,[],2026-06-24/bee-32,aruco:843,confirmed,,in_domain,true
73a509a4920c5cdb95b9,73a509a4920c5cdb95b9.webp,true,2026-06-24,32,2,aruco,843,aruco:843,decoder_confirmed,[843],2026-06-24/bee-32,aruco:843,confirmed,,in_domain,true
e0053e88e875c6c5eaa0,e0053e88e875c6c5eaa0.webp,true,2026-06-24,33,1,aruco,812,aruco:812,decoder_confirmed_with_competing_ids,"[812, 3619]",2026-06-24/bee-33,aruco:812,confirmed,,in_domain,true
182e16fe919e4cc0ca5e,182e16fe919e4cc0ca5e.webp,true,2026-06-24,34,1,aruco,813,aruco:813,decoder_no_confirmation,[],2026-06-24/bee-34,aruco:813,confirmed,,in_domain,true
34ac82c74ca5ffbeab0c,34ac82c74ca5ffbeab0c.webp,true,2026-06-24,34,2,aruco,813,aruco:813,decoder_confirmed,[813],2026-06-24/bee-34,aruco:813,confirmed,,in_domain,true
0811cc66f3f2729d4005,0811cc66f3f2729d4005.webp,true,2026-06-24,35,1,aruco,748,aruco:748,decoder_no_confirmation,[],2026-06-24/bee-35,aruco:748,confirmed,,in_domain,true
9bd6fa8e5bc394ab9aac,9bd6fa8e5bc394ab9aac.webp,true,2026-06-24,35,2,aruco,748,aruco:748,decoder_conflict,[3619],2026-06-24/bee-35,aruco:748,confirmed,,in_domain,true
7606400447baebb60cdf,7606400447baebb60cdf.webp,true,2026-06-24,36,1,aruco,919,aruco:919,decoder_conflict,[1582],2026-06-24/bee-36,aruco:919,confirmed,,in_domain,true
8fa6b8149337a19c9239,8fa6b8149337a19c9239.webp,true,2026-06-24,36,2,aruco,919,aruco:919,decoder_conflict,"[2219, 3252]",2026-06-24/bee-36,aruco:919,confirmed,,in_domain,true
c94a1911cf3856114c07,c94a1911cf3856114c07.webp,true,2026-06-24,37,1,aruco,774,aruco:774,decoder_conflict,[2219],2026-06-24/bee-37,aruco:774,confirmed,,in_domain,true
adde1ca151a146ad5df0,adde1ca151a146ad5df0.webp,true,2026-06-24,38,1,aruco,492,aruco:492,decoder_conflict,[1370],2026-06-24/bee-38,aruco:492,confirmed,,in_domain,true
fccaea6d9c83c15ed3f0,fccaea6d9c83c15ed3f0.webp,true,2026-06-24,39,1,aruco,777,aruco:777,decoder_confirmed,[777],2026-06-24/bee-39,aruco:777,confirmed,,in_domain,true
f6ac4395c3e57b43362a,f6ac4395c3e57b43362a.webp,true,2026-06-24,40,1,aruco,692,aruco:692,decoder_conflict,[1645],2026-06-24/bee-40,aruco:586,confirmed,,in_domain,true
cd9db116c847b837f913,cd9db116c847b837f913.webp,true,2026-06-24,41,1,aruco,689,aruco:689,decoder_no_confirmation,[],2026-06-24/bee-41,aruco:689,confirmed,,in_domain,true
a3aea44723a9fe024f53,a3aea44723a9fe024f53.webp,true,2026-06-24,42,1,aruco,817,aruco:817,decoder_conflict,"[2197, 2219, 3619]",2026-06-24/bee-42,aruco:817,confirmed,,in_domain,true
43bb78edf160af420792,43bb78edf160af420792.webp,true,2026-06-24,43,1,aruco,890,aruco:890,decoder_conflict,[3619],2026-06-24/bee-43,aruco:890,confirmed,,in_domain,true
077b3e67705184b066eb,077b3e67705184b066eb.webp,true,2026-06-24,43,2,aruco,890,aruco:890,decoder_confirmed_with_competing_ids,"[890, 2219]",2026-06-24/bee-43,aruco:890,confirmed,,in_domain,true
a645139828f23456ab94,a645139828f23456ab94.webp,true,2026-06-24,44,1,aruco,757,aruco:757,decoder_conflict,"[404, 3309]",2026-06-24/bee-44,aruco:757,confirmed,,in_domain,true
efb7e20b9e1409d013c6,efb7e20b9e1409d013c6.webp,true,2026-06-30,1,1,aruco,828,aruco:828,decoder_conflict,[2219],2026-06-30/bee-1,aruco:828,confirmed,,in_domain,true
0b46e71641a7c0addd53,0b46e71641a7c0addd53.webp,true,2026-06-30,1,2,aruco,828,aruco:828,decoder_no_confirmation,[],2026-06-30/bee-1,aruco:828,confirmed,,in_domain,true
42ddef3aa2cb612091ef,42ddef3aa2cb612091ef.webp,true,2026-06-30,2,1,aruco,925,aruco:925,decoder_conflict,[3813],2026-06-30/bee-2,aruco:925,confirmed,,in_domain,true
9440c9c019eff89634d8,9440c9c019eff89634d8.webp,true,2026-06-30,3,1,aruco,805,aruco:805,decoder_conflict,[2219],2026-06-30/bee-3,aruco:805,confirmed,,in_domain,true
f39aee5a26d8160cc299,f39aee5a26d8160cc299.webp,true,2026-06-30,4,1,aruco,859,aruco:859,decoder_conflict,[17],2026-06-30/bee-4,aruco:859,confirmed,,in_domain,true
1d627988dabea1bfbac2,1d627988dabea1bfbac2.webp,true,2026-06-30,5,1,aruco,876,aruco:876,decoder_conflict,[2219],2026-06-30/bee-5,aruco:876,confirmed,,in_domain,true
65c7579af0ee130e92c3,65c7579af0ee130e92c3.webp,true,2026-06-30,5,2,aruco,876,aruco:876,decoder_no_confirmation,[],2026-06-30/bee-5,aruco:876,confirmed,,in_domain,true
21a8dafff93147ec2735,21a8dafff93147ec2735.webp,true,2026-06-30,6,1,aruco,929,aruco:929,decoder_conflict,[2531],2026-06-30/bee-6,aruco:929,confirmed,,in_domain,true
3279173db0a134ed2a73,3279173db0a134ed2a73.webp,true,2026-06-30,6,2,aruco,929,aruco:929,decoder_no_confirmation,[],2026-06-30/bee-6,aruco:929,confirmed,,in_domain,true
f728735e611755d66f4c,f728735e611755d66f4c.webp,true,2026-06-30,7,1,aruco,787,aruco:787,decoder_conflict,[2219],2026-06-30/bee-7,aruco:787,confirmed,,in_domain,true
4f11ebe2e7655d21c382,4f11ebe2e7655d21c382.webp,true,2026-06-30,7,2,aruco,787,aruco:787,decoder_conflict,[17],2026-06-30/bee-7,aruco:787,confirmed,,in_domain,true
546d235d4dec9a890c57,546d235d4dec9a890c57.webp,true,2026-06-30,8,1,aruco,829,aruco:829,decoder_no_confirmation,[],2026-06-30/bee-8,aruco:829,confirmed,,in_domain,true
81f4efddaa0e5bf1cc60,81f4efddaa0e5bf1cc60.webp,true,2026-06-30,9,1,aruco,770,aruco:770,decoder_conflict,[2981],2026-06-30/bee-9,aruco:770,confirmed,,in_domain,true
69a76a8618619786e47e,69a76a8618619786e47e.webp,true,2026-07-01,1,1,aruco,904,aruco:904,decoder_no_confirmation,[],2026-07-01/bee-1,aruco:904,confirmed,,in_domain,true
3c6cf3f0c3089c637b59,3c6cf3f0c3089c637b59.webp,true,2026-07-01,2,1,aruco,851,aruco:851,decoder_conflict,[3577],2026-07-01/bee-2,aruco:851,confirmed,,in_domain,true
c7aaabe90732caae3bd6,c7aaabe90732caae3bd6.webp,true,2026-07-01,3,1,aruco,759,aruco:759,decoder_confirmed_with_competing_ids,"[392, 759, 3619]",2026-07-01/bee-3,aruco:759,confirmed,,in_domain,true
4c408ccbacf12dea0eb4,4c408ccbacf12dea0eb4.webp,true,2026-07-01,750,1,aruco,750,aruco:750,decoder_confirmed,[750],2026-07-01/bee-750,aruco:750,confirmed,,in_domain,true
0798329aa4d7cb9bac03,0798329aa4d7cb9bac03.webp,true,2026-07-01,751,1,aruco,778,aruco:778,decoder_conflict,[2197],2026-07-01/bee-751,aruco:778,confirmed,,in_domain,true
e1ed6570ce6dcc4e70a1,e1ed6570ce6dcc4e70a1.webp,true,2026-07-01,752,1,aruco,835,aruco:835,decoder_conflict,"[2219, 3619]",2026-07-01/bee-752,aruco:835,confirmed,,in_domain,true
79be7a14b59a19837161,79be7a14b59a19837161.webp,true,2026-07-01,753,1,aruco,875,aruco:875,decoder_conflict,[2197],2026-07-01/bee-753,aruco:875,confirmed,,in_domain,true
bcbe92bec519baec09a6,bcbe92bec519baec09a6.webp,true,2026-07-01,754,1,aruco,804,aruco:804,decoder_no_confirmation,[],2026-07-01/bee-754,aruco:804,confirmed,,in_domain,true
38fc6743747ca2537284,38fc6743747ca2537284.webp,true,2026-07-01,755,1,aruco,920,aruco:920,decoder_no_confirmation,[],2026-07-01/bee-755,aruco:920,confirmed,,in_domain,true
01b50016c0a874ed9961,01b50016c0a874ed9961.webp,true,2026-07-01,756,1,aruco,833,aruco:833,decoder_conflict,[2219],2026-07-01/bee-756,aruco:833,confirmed,,in_domain,true
93780d35475ccb1f0ec4,93780d35475ccb1f0ec4.webp,true,2026-07-01,757,1,aruco,889,aruco:889,decoder_no_confirmation,[],2026-07-01/bee-757,aruco:889,confirmed,,in_domain,true
859e263219999056d911,859e263219999056d911.webp,true,2026-07-01,757,2,aruco,889,aruco:889,decoder_no_confirmation,[],2026-07-01/bee-757,aruco:889,confirmed,,in_domain,true
f72a92f7810787d4da86,f72a92f7810787d4da86.webp,true,2026-07-01,758,1,aruco,744,aruco:744,decoder_conflict,[2013],2026-07-01/bee-758,aruco:744,confirmed,,in_domain,true
30c4e811dec826535465,30c4e811dec826535465.webp,true,2026-07-01,759,1,aruco,743,aruco:743,decoder_conflict,[653],2026-07-01/bee-759,aruco:743,confirmed,,in_domain,true
cf46730594b63e34f54b,cf46730594b63e34f54b.webp,true,2026-07-01,760,1,aruco,819,aruco:819,decoder_confirmed,[819],2026-07-01/bee-760,aruco:819,confirmed,,in_domain,true
2297e3af65ba63b38a08,2297e3af65ba63b38a08.webp,true,2026-07-01,761,1,aruco,841,aruco:841,decoder_no_confirmation,[],2026-07-01/bee-761,aruco:841,confirmed,,in_domain,true
8c7dfd4c3fc2afce9256,8c7dfd4c3fc2afce9256.webp,true,2026-07-01,761,2,aruco,841,aruco:841,decoder_conflict,"[1250, 2219, 3175]",2026-07-01/bee-761,aruco:841,confirmed,,in_domain,true
a408a399e4df83068e2f,a408a399e4df83068e2f.webp,true,2026-07-01,762,1,aruco,840,aruco:840,decoder_no_confirmation,[],2026-07-01/bee-762,aruco:840,confirmed,,in_domain,true
f0b170dd6fea77818710,f0b170dd6fea77818710.webp,true,2026-07-01,763,1,aruco,739,aruco:739,decoder_no_confirmation,[],2026-07-01/bee-763,aruco:739,confirmed,,in_domain,true
0e36bd322566175deea4,0e36bd322566175deea4.webp,true,2026-07-01,764,1,aruco,807,aruco:807,decoder_no_confirmation,[],2026-07-01/bee-764,aruco:807,confirmed,,in_domain,true
23cd51466e3d1f134183,23cd51466e3d1f134183.webp,true,2026-07-01,764,2,aruco,807,aruco:807,decoder_no_confirmation,[],2026-07-01/bee-764,aruco:807,confirmed,,in_domain,true
f467e84adbb2595a2a07,f467e84adbb2595a2a07.webp,true,2026-07-01,765,1,aruco,891,aruco:891,decoder_no_confirmation,[],2026-07-01/bee-765,aruco:891,confirmed,,in_domain,true
a10295eecc1a4bf162f2,a10295eecc1a4bf162f2.webp,true,2026-07-01,765,2,aruco,891,aruco:891,decoder_confirmed,[891],2026-07-01/bee-765,aruco:891,confirmed,,in_domain,true
943109ce515cb6d91a2f,943109ce515cb6d91a2f.webp,true,2026-07-01,766,1,aruco,788,aruco:788,decoder_confirmed,[788],2026-07-01/bee-766,aruco:788,confirmed,,in_domain,true
1dc0e3037d29ee4941d9,1dc0e3037d29ee4941d9.webp,true,2026-07-01,767,1,aruco,846,aruco:846,decoder_conflict,[2219],2026-07-01/bee-767,aruco:846,confirmed,,in_domain,true
14ced5183674d722332d,14ced5183674d722332d.webp,true,2026-07-01,767,2,aruco,846,aruco:846,decoder_conflict,[683],2026-07-01/bee-767,aruco:846,confirmed,,in_domain,true
a59f82bf82a7b2798573,a59f82bf82a7b2798573.webp,true,2026-07-01,768,1,aruco,818,aruco:818,decoder_confirmed,[818],2026-07-01/bee-768,aruco:818,confirmed,,in_domain,true
c163b21d85cdd9921c40,c163b21d85cdd9921c40.webp,true,2026-07-01,769,1,aruco,776,aruco:776,decoder_no_confirmation,[],2026-07-01/bee-769,aruco:776,confirmed,,in_domain,true
db2429b69ee00be44f8f,db2429b69ee00be44f8f.webp,true,2026-07-01,770,1,aruco,768,aruco:768,decoder_no_confirmation,[],2026-07-01/bee-770,aruco:768,confirmed,,in_domain,true
344654d18aa1a59c458d,344654d18aa1a59c458d.webp,true,2026-07-01,770,2,aruco,768,aruco:768,decoder_no_confirmation,[],2026-07-01/bee-770,aruco:768,confirmed,,in_domain,true
b3edf8043bcd03a14fcc,b3edf8043bcd03a14fcc.webp,true,2026-07-01,771,1,aruco,758,aruco:758,decoder_confirmed,[758],2026-07-01/bee-771,aruco:758,confirmed,,in_domain,true
0d0b2115562785c51c7b,0d0b2115562785c51c7b.webp,true,2026-07-06,1,1,aruco,862,aruco:862,decoder_conflict,[1459],2026-07-06/bee-1,aruco:862,confirmed,,in_domain,true
3cce361c52fcb15b7023,3cce361c52fcb15b7023.webp,true,2026-07-06,1,2,aruco,862,aruco:862,decoder_conflict,[3443],2026-07-06/bee-1,aruco:862,confirmed,,in_domain,true
ccfe068c0d438fd59add,ccfe068c0d438fd59add.webp,true,2026-07-06,2,1,aruco,773,aruco:773,decoder_conflict,[2219],2026-07-06/bee-2,aruco:773,confirmed,,in_domain,true
5296bb99efc562b95746,5296bb99efc562b95746.webp,true,2026-07-06,3,1,aruco,930,aruco:930,decoder_confirmed,[930],2026-07-06/bee-3,aruco:930,confirmed,,in_domain,true
d26bb114113ecc58f362,d26bb114113ecc58f362.webp,true,2026-07-06,4,1,aruco,881,aruco:881,decoder_no_confirmation,[],2026-07-06/bee-4,aruco:881,confirmed,,in_domain,true
fe47bd3baf6df3bb9cac,fe47bd3baf6df3bb9cac.webp,true,2026-07-06,5,1,aruco,906,aruco:906,decoder_conflict,[2219],2026-07-06/bee-5,aruco:906,confirmed,,in_domain,true
6d1d4f10ddcff02e76bf,6d1d4f10ddcff02e76bf.webp,true,2026-07-06,6,1,aruco,823,aruco:823,decoder_conflict,[1370],2026-07-06/bee-6,aruco:823,confirmed,,in_domain,true
9708ff1c90d22e88e5c0,9708ff1c90d22e88e5c0.webp,true,2026-07-06,7,1,aruco,885,aruco:885,decoder_conflict,[987],2026-07-06/bee-7,aruco:885,confirmed,,in_domain,true
43f396bf846a77378687,43f396bf846a77378687.webp,true,2026-07-06,8,1,aruco,809,aruco:809,decoder_conflict,[1370],2026-07-06/bee-8,aruco:809,confirmed,,in_domain,true
30e2b4ffe396cada7537,30e2b4ffe396cada7537.webp,true,2026-07-06,9,1,aruco,190,aruco:190,decoder_conflict,[2219],2026-07-06/bee-9,aruco:825,confirmed,,in_domain,true
7107e2425dd6fcb14aff,7107e2425dd6fcb14aff.webp,true,2026-07-06,9,2,aruco,190,aruco:190,decoder_conflict,[17],2026-07-06/bee-9,aruco:825,confirmed,,in_domain,true
394f5d4dea2fa0478cd9,394f5d4dea2fa0478cd9.webp,true,2026-07-06,10,1,aruco,928,aruco:928,decoder_conflict,"[2197, 2219, 2219, 3619]",2026-07-06/bee-10,aruco:928,confirmed,,in_domain,true
30e53ce67b1f1531707d,30e53ce67b1f1531707d.webp,true,2026-07-06,10,2,aruco,928,aruco:928,decoder_conflict,[2370],2026-07-06/bee-10,aruco:928,confirmed,,in_domain,true
57f433e01f69903427e9,57f433e01f69903427e9.webp,true,2026-07-06,11,1,aruco,837,aruco:837,decoder_confirmed_with_competing_ids,"[837, 2197]",2026-07-06/bee-11,aruco:837,confirmed,,in_domain,true
5ac80b5347d84a37ab5f,5ac80b5347d84a37ab5f.webp,true,2026-07-06,11,2,aruco,837,aruco:837,decoder_no_confirmation,[],2026-07-06/bee-11,aruco:837,confirmed,,in_domain,true
636ab0b2a475c21e7649,636ab0b2a475c21e7649.webp,true,2026-07-06,12,1,aruco,931,aruco:931,decoder_no_confirmation,[],2026-07-06/bee-12,aruco:931,confirmed,,in_domain,true
05dd303d7ddfa44d60c1,05dd303d7ddfa44d60c1.webp,true,2026-07-06,13,1,aruco,907,aruco:907,decoder_confirmed_with_competing_ids,"[907, 2197]",2026-07-06/bee-13,aruco:907,confirmed,,in_domain,true
e570eabc44016dd56a64,e570eabc44016dd56a64.webp,true,2026-07-06,13,2,aruco,907,aruco:907,decoder_conflict,[2219],2026-07-06/bee-13,aruco:907,confirmed,,in_domain,true
78082dad23ca013b4a0e,78082dad23ca013b4a0e.webp,true,2026-07-06,14,1,aruco,895,aruco:895,decoder_conflict,[2226],2026-07-06/bee-14,aruco:895,confirmed,,in_domain,true
524e70972aceb3c94e4e,524e70972aceb3c94e4e.webp,true,2026-07-07,1,1,aruco,647,aruco:647,decoder_conflict,[2541],2026-07-07/bee-1,aruco:647,confirmed,,in_domain,true
9aba6abe978edae9a98e,9aba6abe978edae9a98e.webp,true,2026-07-07,2,1,aruco,836,aruco:836,decoder_no_confirmation,[],2026-07-07/bee-2,aruco:836,confirmed,,in_domain,true
bb352fc78c5d2f0ef20b,bb352fc78c5d2f0ef20b.webp,true,2026-07-07,3,1,aruco,745,aruco:745,decoder_conflict,"[2219, 2219]",2026-07-07/bee-3,aruco:745,confirmed,,in_domain,true
a1d01aa60bda82889675,a1d01aa60bda82889675.webp,true,2026-07-07,3,2,aruco,745,aruco:745,decoder_conflict,"[2219, 2343]",2026-07-07/bee-3,aruco:745,confirmed,,in_domain,true
52cc0cf543bc8c3c37f5,52cc0cf543bc8c3c37f5.webp,true,2026-07-07,4,1,aruco,893,aruco:893,decoder_conflict,[2013],2026-07-07/bee-4,aruco:893,confirmed,,in_domain,true
e6933ead888d6276e472,e6933ead888d6276e472.webp,true,2026-07-07,5,1,aruco,865,aruco:865,decoder_conflict,[80],2026-07-07/bee-5,aruco:865,confirmed,,in_domain,true
9f071f05770b40d77c21,9f071f05770b40d77c21.webp,true,2026-07-07,6,1,aruco,918,aruco:918,decoder_conflict,[3434],2026-07-07/bee-6,aruco:918,confirmed,,in_domain,true
d2f214681b88686628bc,d2f214681b88686628bc.webp,true,2026-07-07,7,1,aruco,821,aruco:821,decoder_conflict,"[3215, 3813]",2026-07-07/bee-7,aruco:821,confirmed,,in_domain,true
f9dbf810ab2e913491fd,f9dbf810ab2e913491fd.webp,true,2026-07-07,8,1,aruco,858,aruco:858,decoder_conflict,[2219],2026-07-07/bee-8,aruco:858,confirmed,,in_domain,true
df9dcac0bf808c250825,df9dcac0bf808c250825.webp,true,2026-07-07,8,2,aruco,858,aruco:858,decoder_confirmed,[858],2026-07-07/bee-8,aruco:858,confirmed,,in_domain,true
f928e3ef1ae421799b91,f928e3ef1ae421799b91.webp,true,2026-07-07,9,1,aruco,848,aruco:848,decoder_conflict,[3619],2026-07-07/bee-9,aruco:848,confirmed,,in_domain,true
2219fa847a6a7b47961e,2219fa847a6a7b47961e.webp,true,2026-07-07,9,2,aruco,848,aruco:848,decoder_conflict,[2219],2026-07-07/bee-9,aruco:848,confirmed,,in_domain,true
541a6e5d824065cb1e2c,541a6e5d824065cb1e2c.webp,true,2026-07-07,10,1,aruco,869,aruco:869,decoder_confirmed,[869],2026-07-07/bee-10,aruco:869,confirmed,,in_domain,true
3e6740b9a5bdc05e2238,3e6740b9a5bdc05e2238.webp,true,2026-07-07,11,1,aruco,806,aruco:806,decoder_conflict,[2219],2026-07-07/bee-11,aruco:806,confirmed,,in_domain,true
ef7a58b61e48574ae8c2,ef7a58b61e48574ae8c2.webp,true,2026-07-07,11,2,aruco,806,aruco:806,decoder_no_confirmation,[],2026-07-07/bee-11,aruco:806,confirmed,,in_domain,true
2864e3637bb3b60ee2bc,2864e3637bb3b60ee2bc.webp,true,2026-07-07,12,1,aruco,908,aruco:908,decoder_conflict,"[2197, 2219]",2026-07-07/bee-12,aruco:908,confirmed,,in_domain,true
9c9a0cdaee986651fb14,9c9a0cdaee986651fb14.webp,true,2026-07-07,13,1,aruco,785,aruco:785,decoder_conflict,"[1583, 3572]",2026-07-07/bee-13,aruco:785,confirmed,,in_domain,true
d5cebb079adc5a45ba81,d5cebb079adc5a45ba81.webp,true,2026-07-07,14,1,aruco,880,aruco:880,decoder_confirmed,[880],2026-07-07/bee-14,aruco:880,confirmed,,in_domain,true
5c217622543194ba880c,5c217622543194ba880c.webp,true,2026-07-07,15,1,aruco,755,aruco:755,decoder_no_confirmation,[],2026-07-07/bee-15,aruco:755,confirmed,,in_domain,true
f524a0f99fb1731c3df7,f524a0f99fb1731c3df7.webp,true,2026-07-07,16,1,aruco,860,aruco:860,decoder_no_confirmation,[],2026-07-07/bee-16,aruco:860,confirmed,,in_domain,true
1627060840ded4952981,1627060840ded4952981.webp,true,2026-07-07,17,1,aruco,864,aruco:864,decoder_confirmed,[864],2026-07-07/bee-17,aruco:864,confirmed,,in_domain,true
6cfd89fcb101d1020d88,6cfd89fcb101d1020d88.webp,true,2026-07-07,18,1,aruco,856,aruco:856,decoder_conflict,[3619],2026-07-07/bee-18,aruco:856,confirmed,,in_domain,true
a29fe9b40ec98c2d1708,a29fe9b40ec98c2d1708.webp,true,2026-07-07,19,1,aruco,822,aruco:822,decoder_conflict,[3619],2026-07-07/bee-19,aruco:822,confirmed,,in_domain,true
dd66ac36ce18c808950f,dd66ac36ce18c808950f.webp,true,2026-07-07,19,2,aruco,822,aruco:822,decoder_confirmed,[822],2026-07-07/bee-19,aruco:822,confirmed,,in_domain,true
e0ec90c8767476585428,e0ec90c8767476585428.webp,true,2026-07-07,20,1,aruco,907,aruco:907,decoder_confirmed,[907],2026-07-07/bee-20,aruco:907,confirmed,,in_domain,true
62dd13857266389a3194,62dd13857266389a3194.webp,true,2026-07-07,21,1,aruco,,,decoder_found_id,"[29, 3960]",2026-07-07/bee-21,aruco:928,confirmed,,in_domain,true
57d8c8e466fb006b523d,57d8c8e466fb006b523d.webp,true,2026-07-07,22,1,aruco,927,aruco:927,decoder_conflict,[2762],2026-07-07/bee-22,aruco:927,confirmed,,in_domain,true
da626926e13fb967ae46,da626926e13fb967ae46.webp,true,2026-07-07,22,2,aruco,927,aruco:927,decoder_no_confirmation,[],2026-07-07/bee-22,aruco:927,confirmed,,in_domain,true
c16e12c729206ef3effb,c16e12c729206ef3effb.webp,true,2026-07-07,23,1,aruco,793,aruco:793,decoder_conflict,[2197],2026-07-07/bee-23,aruco:793,confirmed,,in_domain,true
564d41a30487c1272d95,564d41a30487c1272d95.webp,true,2026-07-07,24,1,aruco,791,aruco:791,decoder_conflict,[2219],2026-07-07/bee-24,aruco:791,confirmed,,in_domain,true
39f6ec1fbf20af414025,39f6ec1fbf20af414025.webp,true,2026-07-07,25,1,aruco,905,aruco:905,decoder_conflict,[3619],2026-07-07/bee-25,aruco:905,confirmed,,in_domain,true
fc9d473008b35b43876e,fc9d473008b35b43876e.webp,true,2026-07-07,25,2,aruco,905,aruco:905,decoder_conflict,[2219],2026-07-07/bee-25,aruco:905,confirmed,,in_domain,true
00baa99d10f320bdb276,00baa99d10f320bdb276.webp,true,2026-07-07,26,1,aruco,867,aruco:867,decoder_confirmed_with_competing_ids,"[105, 867]",2026-07-07/bee-26,aruco:867,confirmed,,in_domain,true
9e99b41cd0b08b663f33,9e99b41cd0b08b663f33.webp,true,2026-07-07,26,2,aruco,867,aruco:867,decoder_no_confirmation,[],2026-07-07/bee-26,aruco:867,confirmed,,in_domain,true
786449c416a6598c4719,786449c416a6598c4719.webp,true,2026-07-07,27,1,aruco,802,aruco:802,decoder_conflict,[17],2026-07-07/bee-27,aruco:802,confirmed,,in_domain,true
279c34c3fa96cacdf27b,279c34c3fa96cacdf27b.webp,true,2026-07-07,28,1,aruco,798,aruco:798,decoder_conflict,[2255],2026-07-07/bee-28,aruco:798,confirmed,,in_domain,true
84142adc3c04915850a0,84142adc3c04915850a0.webp,true,2026-07-07,29,1,aruco,771,aruco:771,decoder_no_confirmation,[],2026-07-07/bee-29,aruco:771,confirmed,,in_domain,true
2c8feb83ada5e089e3b8,2c8feb83ada5e089e3b8.webp,true,2026-07-07,29,2,aruco,771,aruco:771,decoder_conflict,[17],2026-07-07/bee-29,aruco:771,confirmed,,in_domain,true
8b59bcd1ed222c3b3d22,8b59bcd1ed222c3b3d22.webp,true,2026-07-07,30,1,aruco,888,aruco:888,decoder_confirmed,[888],2026-07-07/bee-30,aruco:888,confirmed,,in_domain,true
ad048a4023f4da9bf96b,ad048a4023f4da9bf96b.webp,true,2026-07-07,30,2,aruco,888,aruco:888,decoder_conflict,[3619],2026-07-07/bee-30,aruco:888,confirmed,,in_domain,true
d3b1824280ee854b81dd,d3b1824280ee854b81dd.webp,true,2026-07-07,31,1,aruco,834,aruco:834,decoder_conflict,[942],2026-07-07/bee-31,aruco:834,confirmed,,in_domain,true
c64977946ca9db676942,c64977946ca9db676942.webp,true,2026-07-07,32,1,aruco,899,aruco:899,decoder_conflict,[2219],2026-07-07/bee-32,aruco:899,confirmed,,in_domain,true
03e21501f5238605d41f,03e21501f5238605d41f.webp,true,2026-07-07,32,2,aruco,899,aruco:899,decoder_conflict,[110],2026-07-07/bee-32,aruco:899,confirmed,,in_domain,true
9aeb6791d51fec8824bd,9aeb6791d51fec8824bd.webp,true,2026-07-07,33,1,aruco,781,aruco:781,decoder_confirmed,[781],2026-07-07/bee-33,aruco:781,confirmed,,in_domain,true
dad8db3f607e25830480,dad8db3f607e25830480.webp,true,2026-07-07,34,1,aruco,37,aruco:37,decoder_conflict,[2219],2026-07-07/bee-34,aruco:810,confirmed,,in_domain,true
a0503176838dcf8e3e63,a0503176838dcf8e3e63.webp,true,2026-07-07,35,1,aruco,924,aruco:924,decoder_confirmed,[924],2026-07-07/bee-35,aruco:924,confirmed,,in_domain,true
20f2f38d9e837c2beea7,20f2f38d9e837c2beea7.webp,true,2026-07-07,35,2,aruco,924,aruco:924,decoder_no_confirmation,[],2026-07-07/bee-35,aruco:924,confirmed,,in_domain,true
5063cdee8bd4462fa897,5063cdee8bd4462fa897.webp,true,2026-07-07,36,1,aruco,825,aruco:825,decoder_no_confirmation,[],2026-07-07/bee-36,aruco:825,confirmed,,in_domain,true
d5c985c0b49600a5fd98,d5c985c0b49600a5fd98.webp,true,2026-07-07,37,1,aruco,775,aruco:775,decoder_no_confirmation,[],2026-07-07/bee-37,aruco:775,confirmed,,in_domain,true
084f3fff8a3df5c00eea,084f3fff8a3df5c00eea.webp,true,2026-07-07,37,2,aruco,775,aruco:775,decoder_no_confirmation,[],2026-07-07/bee-37,aruco:775,confirmed,,in_domain,true
84e05405fa6559c678e0,84e05405fa6559c678e0.webp,true,2026-07-07,38,1,aruco,816,aruco:816,decoder_conflict,[17],2026-07-07/bee-38,aruco:816,confirmed,,in_domain,true
25186d364cfc756167b6,25186d364cfc756167b6.webp,true,2026-07-07,39,1,aruco,910,aruco:910,decoder_no_confirmation,[],2026-07-07/bee-39,aruco:910,confirmed,,in_domain,true
d7e39b22718486c8416c,d7e39b22718486c8416c.webp,true,2026-07-07,39,2,aruco,910,aruco:910,decoder_conflict,[2219],2026-07-07/bee-39,aruco:910,confirmed,,in_domain,true
fb6a9d0b929ba1333d5c,fb6a9d0b929ba1333d5c.webp,true,2026-07-07,40,1,aruco,884,aruco:884,decoder_conflict,[1302],2026-07-07/bee-40,aruco:884,confirmed,,in_domain,true
d18c73e92e850f17c74c,d18c73e92e850f17c74c.webp,true,2026-07-07,40,2,aruco,884,aruco:884,decoder_conflict,[2197],2026-07-07/bee-40,aruco:884,confirmed,,in_domain,true
e2b3cd7ef35a6c6db624,e2b3cd7ef35a6c6db624.webp,true,2026-07-07,41,1,aruco,769,aruco:769,decoder_confirmed,[769],2026-07-07/bee-41,aruco:769,confirmed,,in_domain,true
a416ce8a26a3db25d846,a416ce8a26a3db25d846.webp,true,2026-07-07,42,1,aruco,753,aruco:753,decoder_conflict,[653],2026-07-07/bee-42,aruco:753,confirmed,,in_domain,true
d5005d28696df80e0231,d5005d28696df80e0231.webp,true,2026-07-07,42,2,aruco,753,aruco:753,decoder_no_confirmation,[],2026-07-07/bee-42,aruco:753,confirmed,,in_domain,true
a76048b9b4933583d570,a76048b9b4933583d570.webp,true,2026-07-07,43,1,aruco,886,aruco:886,decoder_confirmed,[886],2026-07-07/bee-43,aruco:886,confirmed,,in_domain,true
f47e1d96e99c923cf1a7,f47e1d96e99c923cf1a7.webp,true,2026-07-07,44,1,aruco,826,aruco:826,decoder_conflict,"[2219, 2219]",2026-07-07/bee-44,aruco:826,confirmed,,in_domain,true
46e7ef43ff6e35d377c9,46e7ef43ff6e35d377c9.webp,true,2026-07-07,44,2,aruco,826,aruco:826,decoder_conflict,[131],2026-07-07/bee-44,aruco:826,confirmed,,in_domain,true
bf498378eb16b71726fb,bf498378eb16b71726fb.webp,true,2026-07-07,45,1,aruco,830,aruco:830,decoder_conflict,[2219],2026-07-07/bee-45,aruco:830,confirmed,,in_domain,true
a7c136c5f2f1a248fc3e,a7c136c5f2f1a248fc3e.webp,true,2026-07-07,45,2,aruco,830,aruco:830,decoder_conflict,[2219],2026-07-07/bee-45,aruco:830,confirmed,,in_domain,true
b494a95c162731c9ce9f,b494a95c162731c9ce9f.webp,true,2026-07-07,46,1,aruco,811,aruco:811,decoder_conflict,[3619],2026-07-07/bee-46,aruco:811,confirmed,,in_domain,true
0b1778d11b68667ef7bf,0b1778d11b68667ef7bf.webp,true,2026-07-07,46,2,aruco,811,aruco:811,decoder_conflict,[3439],2026-07-07/bee-46,aruco:811,confirmed,,in_domain,true
ef3ff427ad5246d44338,ef3ff427ad5246d44338.webp,true,2026-07-07,47,1,aruco,761,aruco:761,decoder_confirmed_with_competing_ids,"[761, 2219, 2219]",2026-07-07/bee-47,aruco:761,confirmed,,in_domain,true
89d8035576f238755042,89d8035576f238755042.webp,true,2026-07-07,48,1,aruco,808,aruco:808,decoder_conflict,[2219],2026-07-07/bee-48,aruco:808,confirmed,,in_domain,true
b8af61ad9d06469d1c34,b8af61ad9d06469d1c34.webp,true,2026-07-07,48,2,aruco,808,aruco:808,decoder_no_confirmation,[],2026-07-07/bee-48,aruco:808,confirmed,,in_domain,true
ae92f637267328501ca4,ae92f637267328501ca4.webp,true,2026-07-07,49,1,aruco,814,aruco:814,decoder_no_confirmation,[],2026-07-07/bee-49,aruco:814,confirmed,,in_domain,true
a3001a122f8807ebf222,a3001a122f8807ebf222.webp,true,2026-07-07,49,2,aruco,814,aruco:814,decoder_conflict,[1556],2026-07-07/bee-49,aruco:814,confirmed,,in_domain,true
f3c1d25133a787ec1d14,f3c1d25133a787ec1d14.webp,true,2026-07-07,50,1,aruco,901,aruco:901,decoder_conflict,[2219],2026-07-07/bee-50,aruco:901,confirmed,,in_domain,true
18919589bce224fc6043,18919589bce224fc6043.webp,true,2026-07-07,50,2,aruco,901,aruco:901,decoder_conflict,[2598],2026-07-07/bee-50,aruco:901,confirmed,,in_domain,true
9df8b47a0735880d73ba,9df8b47a0735880d73ba.webp,true,2026-07-07,51,1,aruco,765,aruco:765,decoder_conflict,[3073],2026-07-07/bee-51,aruco:765,confirmed,,in_domain,true
1b1e8152eec74c421d23,1b1e8152eec74c421d23.webp,true,2026-07-07,51,2,aruco,765,aruco:765,decoder_no_confirmation,[],2026-07-07/bee-51,aruco:765,confirmed,,in_domain,true
ae1682b49a5ff6c29547,ae1682b49a5ff6c29547.webp,true,2026-07-07,52,1,aruco,783,aruco:783,decoder_conflict,[3434],2026-07-07/bee-52,aruco:783,confirmed,,in_domain,true
f371324271e3172c4bb6,f371324271e3172c4bb6.webp,true,2026-07-07,52,2,aruco,783,aruco:783,decoder_conflict,[1645],2026-07-07/bee-52,aruco:783,confirmed,,in_domain,true
1c3c9c9cb3691a0f4f61,1c3c9c9cb3691a0f4f61.webp,true,2026-07-07,53,1,aruco,874,aruco:874,decoder_conflict,[2219],2026-07-07/bee-53,aruco:874,confirmed,,in_domain,true
b416ad5fa83318c40b1a,b416ad5fa83318c40b1a.webp,true,2026-07-07,54,1,aruco,393,aruco:393,decoder_conflict,[2219],2026-07-07/bee-54,aruco:932,confirmed,,in_domain,true
4ff26296878431c98ee5,4ff26296878431c98ee5.webp,true,2026-07-07,54,2,aruco,393,aruco:393,decoder_conflict,"[1004, 2219]",2026-07-07/bee-54,aruco:932,confirmed,,in_domain,true
f8035405776e1a4d16fc,f8035405776e1a4d16fc.webp,true,2026-07-07,55,1,aruco,779,aruco:779,decoder_conflict,[3619],2026-07-07/bee-55,aruco:779,confirmed,,in_domain,true
2c4a4cb2ce221d3a8cfb,2c4a4cb2ce221d3a8cfb.webp,true,2026-07-07,55,2,aruco,779,aruco:779,decoder_conflict,[3619],2026-07-07/bee-55,aruco:779,confirmed,,in_domain,true
330650209fce7e434ebe,330650209fce7e434ebe.webp,true,2026-07-07,56,1,aruco,751,aruco:751,decoder_confirmed,[751],2026-07-07/bee-56,aruco:751,confirmed,,in_domain,true
6b782392d7f953a22227,6b782392d7f953a22227.webp,true,2026-07-07,56,2,aruco,751,aruco:751,decoder_conflict,[3294],2026-07-07/bee-56,aruco:751,confirmed,,in_domain,true
1e862f7276200ded0b68,1e862f7276200ded0b68.webp,true,2026-07-07,57,1,aruco,877,aruco:877,decoder_no_confirmation,[],2026-07-07/bee-57,aruco:877,confirmed,,in_domain,true
db93ea1bdb4d5a2521ad,db93ea1bdb4d5a2521ad.webp,true,2026-07-07,57,2,aruco,877,aruco:877,decoder_no_confirmation,[],2026-07-07/bee-57,aruco:877,confirmed,,in_domain,true
a665263a3bc92a8c8230,a665263a3bc92a8c8230.webp,true,2026-07-07,58,1,aruco,897,aruco:897,decoder_conflict,[2219],2026-07-07/bee-58,aruco:897,confirmed,,in_domain,true
21392dcc19fa8c292bc7,21392dcc19fa8c292bc7.webp,true,2026-07-07,59,1,aruco,882,aruco:882,decoder_no_confirmation,[],2026-07-07/bee-59,aruco:882,confirmed,,in_domain,true
88f47b83e362efaeb65e,88f47b83e362efaeb65e.webp,true,2026-07-07,60,1,aruco,900,aruco:900,decoder_conflict,[1691],2026-07-07/bee-60,aruco:900,confirmed,,in_domain,true
187ffc4829f765acf8f1,187ffc4829f765acf8f1.webp,true,2026-07-07,60,2,aruco,900,aruco:900,decoder_conflict,[2219],2026-07-07/bee-60,aruco:900,confirmed,,in_domain,true
4387dd5edba37b529192,4387dd5edba37b529192.webp,true,2026-07-07,61,1,aruco,917,aruco:917,decoder_confirmed,[917],2026-07-07/bee-61,aruco:917,confirmed,,in_domain,true
b9b20156529c9035e79b,b9b20156529c9035e79b.webp,true,2026-07-07,62,1,aruco,903,aruco:903,decoder_conflict,[2219],2026-07-07/bee-62,aruco:903,confirmed,,in_domain,true
5f8a869e2cf884dc7497,5f8a869e2cf884dc7497.webp,true,2026-07-07,62,2,aruco,903,aruco:903,decoder_no_confirmation,[],2026-07-07/bee-62,aruco:903,confirmed,,in_domain,true
7beec8237b95f593f721,7beec8237b95f593f721.webp,true,2026-07-07,63,1,aruco,883,aruco:883,decoder_conflict,[3619],2026-07-07/bee-63,aruco:883,confirmed,,in_domain,true
dba22524d42fb22480a6,dba22524d42fb22480a6.webp,true,2026-07-07,63,2,aruco,883,aruco:883,decoder_conflict,"[250, 2197, 2219]",2026-07-07/bee-63,aruco:883,confirmed,,in_domain,true
ba68b65cd9d6a274ff8e,ba68b65cd9d6a274ff8e.webp,true,2026-07-07,64,1,aruco,842,aruco:842,decoder_conflict,"[2219, 2803, 3434]",2026-07-07/bee-64,aruco:842,confirmed,,in_domain,true
c339f5765d06e7582f3b,c339f5765d06e7582f3b.webp,true,2026-07-07,65,1,aruco,824,aruco:824,decoder_confirmed,[824],2026-07-07/bee-65,aruco:824,confirmed,,in_domain,true
df0c3daf3ef8fbc35259,df0c3daf3ef8fbc35259.webp,true,2026-07-07,66,1,aruco,916,aruco:916,decoder_no_confirmation,[],2026-07-07/bee-66,aruco:916,confirmed,,in_domain,true
3d056eb0d84f85af0f15,3d056eb0d84f85af0f15.webp,true,2026-07-07,67,1,aruco,747,aruco:747,decoder_confirmed,[747],2026-07-07/bee-67,aruco:747,confirmed,,in_domain,true
289bd7a0ad9c27910aac,289bd7a0ad9c27910aac.webp,true,2026-07-07,68,1,aruco,852,aruco:852,decoder_no_confirmation,[],2026-07-07/bee-68,aruco:852,confirmed,,in_domain,true
4c840268108a8afb6be0,4c840268108a8afb6be0.webp,true,2026-07-07,68,2,aruco,852,aruco:852,decoder_conflict,"[542, 2203]",2026-07-07/bee-68,aruco:852,confirmed,,in_domain,true
6c993e9266063a293a77,6c993e9266063a293a77.webp,true,2026-07-07,69,1,aruco,921,aruco:921,decoder_conflict,[3619],2026-07-07/bee-69,aruco:921,confirmed,,in_domain,true
41c7b88673dc88821d82,41c7b88673dc88821d82.webp,true,2026-07-07,69,2,aruco,921,aruco:921,decoder_conflict,[2613],2026-07-07/bee-69,aruco:921,confirmed,,in_domain,true
9e9b3ea8c84d95fd793d,9e9b3ea8c84d95fd793d.webp,true,2026-07-08,1,1,aruco,878,aruco:878,decoder_conflict,[3960],2026-07-08/bee-1,aruco:878,confirmed,,in_domain,true
f4d9392af65859d49d4b,f4d9392af65859d49d4b.webp,true,2026-07-08,2,1,aruco,926,aruco:926,decoder_conflict,[2745],2026-07-08/bee-2,aruco:926,confirmed,,in_domain,true
53cee2ea7605d78f047c,53cee2ea7605d78f047c.webp,true,2026-07-08,3,1,aruco,896,aruco:896,decoder_conflict,[2219],2026-07-08/bee-3,aruco:896,confirmed,,in_domain,true
70cdae10218ae3b44a63,70cdae10218ae3b44a63.webp,true,2026-07-08,4,1,aruco,780,aruco:780,decoder_conflict,[2219],2026-07-08/bee-4,aruco:780,confirmed,,in_domain,true
d83e3f9b1b487449bc83,d83e3f9b1b487449bc83.webp,true,2026-07-08,5,1,aruco,870,aruco:870,decoder_confirmed_with_competing_ids,"[870, 2219]",2026-07-08/bee-5,aruco:870,confirmed,,in_domain,true
65f9e69d71f228a92f79,65f9e69d71f228a92f79.webp,true,2026-07-08,6,1,aruco,911,aruco:911,decoder_conflict,[2197],2026-07-08/bee-6,aruco:911,confirmed,,in_domain,true
fde120f0d628acdb7cc1,fde120f0d628acdb7cc1.webp,true,2026-07-08,7,1,aruco,738,aruco:738,decoder_conflict,[2219],2026-07-08/bee-7,aruco:738,confirmed,,in_domain,true
edb3fe5949ed978a6896,edb3fe5949ed978a6896.webp,true,2026-07-08,8,1,aruco,756,aruco:756,decoder_conflict,[425],2026-07-08/bee-8,aruco:756,confirmed,,in_domain,true
dc16cb4714647da5b3c6,dc16cb4714647da5b3c6.webp,true,2026-07-08,8,2,aruco,756,aruco:756,decoder_conflict,"[2219, 2219]",2026-07-08/bee-8,aruco:756,confirmed,,in_domain,true
35faa5f68f0b15321744,35faa5f68f0b15321744.webp,true,2026-07-08,9,1,aruco,752,aruco:752,decoder_conflict,[2219],2026-07-08/bee-9,aruco:752,confirmed,,in_domain,true
65bd6c684c98c8dd483e,65bd6c684c98c8dd483e.webp,true,2026-07-08,10,1,aruco,767,aruco:767,decoder_conflict,"[1127, 3488]",2026-07-08/bee-10,aruco:767,confirmed,,in_domain,true
1ca5bd5b76065d9184a1,1ca5bd5b76065d9184a1.webp,true,2026-07-08,11,1,aruco,800,aruco:800,decoder_conflict,[3252],2026-07-08/bee-11,aruco:800,confirmed,,in_domain,true
cd7ff398e831eadf4ae9,cd7ff398e831eadf4ae9.webp,true,2026-07-08,12,1,aruco,847,aruco:847,decoder_no_confirmation,[],2026-07-08/bee-12,aruco:847,confirmed,,in_domain,true
79cfa1825a67594fa52f,79cfa1825a67594fa52f.webp,true,2026-07-08,13,1,aruco,762,aruco:762,decoder_no_confirmation,[],2026-07-08/bee-13,aruco:762,confirmed,,in_domain,true
6cd2c374752e55fcaf65,6cd2c374752e55fcaf65.webp,true,2026-07-08,14,1,aruco,872,aruco:872,decoder_conflict,[158],2026-07-08/bee-14,aruco:872,confirmed,,in_domain,true
b2a7d664ec46babed397,b2a7d664ec46babed397.webp,true,2026-07-08,15,1,aruco,742,aruco:742,decoder_conflict,[3619],2026-07-08/bee-15,aruco:742,confirmed,,in_domain,true
07bfac3f887a65dea034,07bfac3f887a65dea034.webp,true,2026-07-08,16,1,aruco,928,aruco:928,decoder_conflict,[1236],2026-07-08/bee-16,aruco:928,confirmed,,in_domain,true
bd4394bec30929343c3d,bd4394bec30929343c3d.webp,true,2026-07-08,16,2,aruco,928,aruco:928,decoder_conflict,[2488],2026-07-08/bee-16,aruco:928,confirmed,,in_domain,true
ab13e4c9c8198ef264dc,ab13e4c9c8198ef264dc.webp,true,2026-07-08,17,1,aruco,892,aruco:892,decoder_conflict,[2820],2026-07-08/bee-17,aruco:892,confirmed,,in_domain,true
5c3c87088bf4f37307e0,5c3c87088bf4f37307e0.webp,true,2026-07-08,17,2,aruco,892,aruco:892,decoder_conflict,"[1302, 1679, 2197, 3339]",2026-07-08/bee-17,aruco:892,confirmed,,in_domain,true
fcd14c932928451a50d9,fcd14c932928451a50d9.webp,true,2026-07-08,18,1,aruco,17,aruco:17,decoder_conflict,[2219],2026-07-08/bee-18,aruco:853,confirmed,,in_domain,true
40c87c0edf64a070dc72,40c87c0edf64a070dc72.webp,true,2026-07-08,19,1,aruco,,,decoder_found_id,[2219],2026-07-08/bee-19,aruco:820,confirmed,,in_domain,true
2e1ca57fd41899e6a860,2e1ca57fd41899e6a860.webp,true,2026-07-08,19,1,aruco,820,aruco:820,decoder_confirmed_with_competing_ids,"[820, 2219, 3619]",2026-07-08/bee-19,aruco:820,confirmed,,in_domain,true
40becfb6e47e22479403,40becfb6e47e22479403.webp,true,2026-07-08,20,1,aruco,915,aruco:915,decoder_conflict,[2219],2026-07-08/bee-20,aruco:915,confirmed,,in_domain,true
797a9095278690e316c4,797a9095278690e316c4.webp,true,2026-07-08,20,2,aruco,915,aruco:915,decoder_conflict,[3619],2026-07-08/bee-20,aruco:915,confirmed,,in_domain,true
65b29057a0f822346e33,65b29057a0f822346e33.webp,true,2026-07-08,21,1,aruco,839,aruco:839,decoder_confirmed,[839],2026-07-08/bee-21,aruco:839,confirmed,,in_domain,true
027d87c750856a3e2b80,027d87c750856a3e2b80.webp,true,2026-07-08,21,2,aruco,839,aruco:839,decoder_conflict,[2219],2026-07-08/bee-21,aruco:839,confirmed,,in_domain,true
efeb65b20505084eb795,efeb65b20505084eb795.webp,true,2026-07-08,22,1,aruco,879,aruco:879,decoder_no_confirmation,[],2026-07-08/bee-22,aruco:879,confirmed,,in_domain,true
c0a199965a82d5e9a6e7,c0a199965a82d5e9a6e7.webp,true,2026-07-08,22,2,aruco,879,aruco:879,decoder_no_confirmation,[],2026-07-08/bee-22,aruco:879,confirmed,,in_domain,true
b6c7deaf30a036c5ae12,b6c7deaf30a036c5ae12.webp,true,2026-07-08,23,1,aruco,871,aruco:871,decoder_conflict,[2219],2026-07-08/bee-23,aruco:871,confirmed,,in_domain,true
4d31db566b6c3e96f235,4d31db566b6c3e96f235.webp,true,2026-07-08,23,2,aruco,871,aruco:871,decoder_conflict,[3619],2026-07-08/bee-23,aruco:871,confirmed,,in_domain,true
4dbd38a5a99836851716,4dbd38a5a99836851716.webp,true,2026-07-08,24,1,aruco,763,aruco:763,decoder_conflict,[3003],2026-07-08/bee-24,aruco:763,confirmed,,in_domain,true
713523af8b92498a4e7a,713523af8b92498a4e7a.webp,true,2026-07-08,25,1,aruco,749,aruco:749,decoder_confirmed,[749],2026-07-08/bee-25,aruco:749,confirmed,,in_domain,true
e5e35e1836b5acd12332,e5e35e1836b5acd12332.webp,true,2026-07-08,26,1,aruco,746,aruco:746,decoder_conflict,"[2219, 3619]",2026-07-08/bee-26,aruco:746,confirmed,,in_domain,true
495f8a9d8390336ddafa,495f8a9d8390336ddafa.webp,true,2026-07-08,26,2,aruco,746,aruco:746,decoder_conflict,[2219],2026-07-08/bee-26,aruco:746,confirmed,,in_domain,true
116518d6b07aef3cbbb5,116518d6b07aef3cbbb5.webp,true,2026-07-08,27,1,aruco,849,aruco:849,decoder_no_confirmation,[],2026-07-08/bee-27,aruco:849,confirmed,,in_domain,true
f8285c811eb47497149e,f8285c811eb47497149e.webp,true,2026-07-08,28,1,aruco,902,aruco:902,decoder_conflict,[3619],2026-07-08/bee-28,aruco:902,confirmed,,in_domain,true
c7a5b6189ca63ffd3189,c7a5b6189ca63ffd3189.webp,true,2026-07-08,28,2,aruco,902,aruco:902,decoder_conflict,[379],2026-07-08/bee-28,aruco:902,confirmed,,in_domain,true
3e1685137162c9dad9b9,3e1685137162c9dad9b9.webp,true,2026-07-08,29,1,aruco,754,aruco:754,decoder_confirmed_with_competing_ids,"[754, 2219]",2026-07-08/bee-29,aruco:754,confirmed,,in_domain,true
ce4116eda335dca9ef5d,ce4116eda335dca9ef5d.webp,true,2026-07-08,30,1,aruco,786,aruco:786,decoder_conflict,[17],2026-07-08/bee-30,aruco:786,confirmed,,in_domain,true
2d49d5602b3ace54e4cc,2d49d5602b3ace54e4cc.webp,true,2026-07-08,31,1,aruco,831,aruco:831,decoder_confirmed_with_competing_ids,"[831, 987, 2803]",2026-07-08/bee-31,aruco:831,confirmed,,in_domain,true
3dfacbfdc67d4f884b71,3dfacbfdc67d4f884b71.webp,true,2026-07-08,32,1,aruco,909,aruco:909,decoder_conflict,[2219],2026-07-08/bee-32,aruco:909,confirmed,,in_domain,true
3f1f02f19b321b5e58d2,3f1f02f19b321b5e58d2.webp,true,2026-07-08,32,2,aruco,909,aruco:909,decoder_conflict,[2219],2026-07-08/bee-32,aruco:909,confirmed,,in_domain,true
3f76ed384ae1cb359fb0,3f76ed384ae1cb359fb0.webp,true,2026-07-08,33,1,aruco,913,aruco:913,decoder_conflict,[2762],2026-07-08/bee-33,aruco:913,confirmed,,in_domain,true
7278e332109070fa2f50,7278e332109070fa2f50.webp,true,2026-07-08,34,1,aruco,922,aruco:922,decoder_no_confirmation,[],2026-07-08/bee-34,aruco:922,confirmed,,in_domain,true
9efd31e9ee660c02fab3,9efd31e9ee660c02fab3.webp,true,2026-07-08,34,2,aruco,922,aruco:922,decoder_no_confirmation,[],2026-07-08/bee-34,aruco:922,confirmed,,in_domain,true
ea8ffc81e9cbee17f344,ea8ffc81e9cbee17f344.webp,true,2026-07-08,35,1,aruco,912,aruco:912,decoder_no_confirmation,[],2026-07-08/bee-35,aruco:912,confirmed,,in_domain,true
830008cb5574a1e3e993,830008cb5574a1e3e993.webp,true,2026-07-08,36,1,aruco,799,aruco:799,decoder_confirmed_with_competing_ids,"[799, 1679, 3619]",2026-07-08/bee-36,aruco:799,confirmed,,in_domain,true
23467555359a18d53eaf,23467555359a18d53eaf.webp,true,2026-07-08,37,1,aruco,784,aruco:784,decoder_conflict,[2219],2026-07-08/bee-37,aruco:784,confirmed,,in_domain,true
4a52a17365fc8951d080,4a52a17365fc8951d080.webp,true,2026-07-08,37,2,aruco,784,aruco:784,decoder_conflict,[2219],2026-07-08/bee-37,aruco:784,confirmed,,in_domain,true
94b9652aab1ac0d8c6a5,94b9652aab1ac0d8c6a5.webp,true,2026-07-08,38,1,aruco,760,aruco:760,decoder_no_confirmation,[],2026-07-08/bee-38,aruco:760,confirmed,,in_domain,true
87e0b3fbc93f774dedb3,87e0b3fbc93f774dedb3.webp,true,2026-07-08,39,1,aruco,854,aruco:854,decoder_conflict,[2219],2026-07-08/bee-39,aruco:854,confirmed,,in_domain,true
eb229a6af27c8c04bbab,eb229a6af27c8c04bbab.webp,true,2026-07-08,40,1,aruco,814,aruco:814,decoder_no_confirmation,[],2026-07-08/bee-40,aruco:914,confirmed,,in_domain,true
c0dd2f878b1f07762ba4,c0dd2f878b1f07762ba4.webp,true,2026-07-08,41,1,aruco,857,aruco:857,decoder_no_confirmation,[],2026-07-08/bee-41,aruco:857,confirmed,,in_domain,true
cc1145ecd95af8b84c3c,cc1145ecd95af8b84c3c.webp,true,2026-07-08,42,1,aruco,881,aruco:881,decoder_conflict,"[2058, 2219]",2026-07-08/bee-42,aruco:881,confirmed,,in_domain,true
3bcabb1cd20421bfaf94,3bcabb1cd20421bfaf94.webp,true,2026-07-08,43,1,aruco,897,aruco:897,decoder_conflict,[3619],2026-07-08/bee-43,aruco:897,confirmed,,in_domain,true
4b87ae9233b4cac2a64f,4b87ae9233b4cac2a64f.webp,true,2026-07-08,44,1,aruco,814,aruco:814,decoder_no_confirmation,[],2026-07-08/bee-44,aruco:814,confirmed,,in_domain,true
1a0bb832efd8f65496e4,1a0bb832efd8f65496e4.webp,true,2026-07-08,44,1,aruco,814,aruco:814,decoder_conflict,[441],2026-07-08/bee-44,aruco:814,confirmed,,in_domain,true
86f4527e604f2302a336,86f4527e604f2302a336.webp,true,2026-07-08,45,1,aruco,190,aruco:190,decoder_conflict,[2219],2026-07-08/bee-45,aruco:903,confirmed,,in_domain,true
4c1933d6559320221b78,4c1933d6559320221b78.webp,true,2026-07-08,46,1,aruco,826,aruco:826,decoder_no_confirmation,[],2026-07-08/bee-46,aruco:826,confirmed,,in_domain,true
811d1fac19793031ed62,811d1fac19793031ed62.webp,true,2026-07-13,1,1,aruco,740,aruco:740,decoder_conflict,[3003],2026-07-13/bee-1,aruco:740,confirmed,,in_domain,true
6ae49a9bb789345e6795,6ae49a9bb789345e6795.webp,true,2026-07-13,1,2,aruco,740,aruco:740,decoder_conflict,[3619],2026-07-13/bee-1,aruco:740,confirmed,,in_domain,true
41ab09fca4a981034110,41ab09fca4a981034110.webp,true,2026-07-13,2,1,aruco,832,aruco:832,decoder_confirmed_with_competing_ids,"[832, 2217]",2026-07-13/bee-2,aruco:832,confirmed,,in_domain,true
67d6742bdf1f73b1a701,67d6742bdf1f73b1a701.webp,true,2026-07-13,3,1,aruco,898,aruco:898,decoder_conflict,"[2312, 3619]",2026-07-13/bee-3,aruco:898,confirmed,,in_domain,true
2c8b3d4182865f62cb59,2c8b3d4182865f62cb59.webp,true,2026-07-13,4,1,aruco,868,aruco:868,decoder_confirmed,[868],2026-07-13/bee-4,aruco:868,confirmed,,in_domain,true
a0960bd1c40a3a600ad9,a0960bd1c40a3a600ad9.webp,true,2026-07-13,4,2,aruco,868,aruco:868,decoder_conflict,[2219],2026-07-13/bee-4,aruco:868,confirmed,,in_domain,true
3e6ce82cea5859e417f9,3e6ce82cea5859e417f9.webp,true,2026-07-13,5,1,aruco,766,aruco:766,decoder_conflict,[2219],2026-07-13/bee-5,aruco:766,confirmed,,in_domain,true
62165684e416cd57ee0b,62165684e416cd57ee0b.webp,true,2026-07-13,5,2,aruco,766,aruco:766,decoder_no_confirmation,[],2026-07-13/bee-5,aruco:766,confirmed,,in_domain,true
a18b0aea6a006eb9bd45,a18b0aea6a006eb9bd45.webp,true,2026-07-13,6,1,aruco,838,aruco:838,decoder_conflict,[3619],2026-07-13/bee-6,aruco:838,confirmed,,in_domain,true
e5d1f9bbe6b9ccfa6723,e5d1f9bbe6b9ccfa6723.webp,true,2026-07-13,7,1,aruco,894,aruco:894,decoder_conflict,[2219],2026-07-13/bee-7,aruco:894,confirmed,,in_domain,true
32838be83f1d523417a9,32838be83f1d523417a9.webp,true,2026-07-13,7,2,aruco,894,aruco:894,decoder_conflict,[2197],2026-07-13/bee-7,aruco:894,confirmed,,in_domain,true
258919751348f21d285f,258919751348f21d285f.webp,true,2026-07-13,8,1,aruco,,,no_tag_decoded,[],2026-07-13/bee-8,aruco:762,confirmed,,in_domain,true
ecbbe4f4840aae5ef5da,ecbbe4f4840aae5ef5da.webp,true,2026-07-13,9,1,aruco,814,aruco:814,decoder_conflict,[987],2026-07-13/bee-9,aruco:814,confirmed,,in_domain,true
35f7c54ab3f86c5a19a3,35f7c54ab3f86c5a19a3.webp,true,2026-07-13,10,1,aruco,826,aruco:826,decoder_conflict,[2219],2026-07-13/bee-10,aruco:826,confirmed,,in_domain,true
73459d6bfd5c69fe6c04,73459d6bfd5c69fe6c04.webp,true,2026-07-13,11,1,aruco,850,aruco:850,decoder_no_confirmation,[],2026-07-13/bee-11,aruco:850,confirmed,,in_domain,true
8ffccd687c750717033e,8ffccd687c750717033e.webp,true,2026-07-13,12,1,aruco,764,aruco:764,decoder_conflict,[3619],2026-07-13/bee-12,aruco:764,confirmed,,in_domain,true
cc2c4c401db2c0f8cac1,cc2c4c401db2c0f8cac1.webp,true,2026-07-13,12,2,aruco,764,aruco:764,decoder_no_confirmation,[],2026-07-13/bee-12,aruco:764,confirmed,,in_domain,true
2eb37527135ee72540bc,2eb37527135ee72540bc.webp,true,2026-07-13,13,1,aruco,855,aruco:855,decoder_confirmed_with_competing_ids,"[855, 3619, 3619]",2026-07-13/bee-13,aruco:855,confirmed,,in_domain,true
1c9bc4986fdd7732fc7f,1c9bc4986fdd7732fc7f.webp,true,2026-07-13,14,1,aruco,782,aruco:782,decoder_no_confirmation,[],2026-07-13/bee-14,aruco:782,confirmed,,in_domain,true
0df7ca915b1f5b0b2899,0df7ca915b1f5b0b2899.webp,true,2026-07-13,15,1,aruco,772,aruco:772,decoder_conflict,"[2219, 2455]",2026-07-13/bee-15,aruco:772,confirmed,,in_domain,true
2315b4f16d9389f3dc7e,2315b4f16d9389f3dc7e.webp,true,2026-07-13,15,2,aruco,772,aruco:772,decoder_conflict,[1370],2026-07-13/bee-15,aruco:772,confirmed,,in_domain,true
877cdbcb54d0f6cb6b2b,877cdbcb54d0f6cb6b2b.webp,true,2026-07-13,16,1,aruco,887,aruco:887,decoder_conflict,[2219],2026-07-13/bee-16,aruco:887,confirmed,,in_domain,true
856fcccb7fac327a84fb,856fcccb7fac327a84fb.webp,true,2026-07-13,16,2,aruco,887,aruco:887,decoder_conflict,[3619],2026-07-13/bee-16,aruco:887,confirmed,,in_domain,true
6903f2d28183a9dbe77d,6903f2d28183a9dbe77d.webp,true,2026-07-13,17,1,aruco,790,aruco:790,decoder_conflict,[2219],2026-07-13/bee-17,aruco:790,confirmed,,in_domain,true
b0178bb588663427dbc0,b0178bb588663427dbc0.webp,true,2026-07-13,17,2,aruco,790,aruco:790,decoder_confirmed_with_competing_ids,"[790, 2219]",2026-07-13/bee-17,aruco:790,confirmed,,in_domain,true
f18dfb3ca6de8b012a31,f18dfb3ca6de8b012a31.webp,true,2026-07-13,18,1,aruco,908,aruco:908,decoder_conflict,[3619],2026-07-13/bee-18,aruco:908,confirmed,,in_domain,true
3d96dddd5b6f94a81b86,3d96dddd5b6f94a81b86.webp,true,2026-07-13,19,1,aruco,803,aruco:803,decoder_conflict,[3619],2026-07-13/bee-19,aruco:803,confirmed,,in_domain,true
24093760039dc205b865,24093760039dc205b865.webp,true,2026-07-13,19,2,aruco,803,aruco:803,decoder_no_confirmation,[],2026-07-13/bee-19,aruco:803,confirmed,,in_domain,true
be76321c38ab4599c821,be76321c38ab4599c821.webp,true,2026-07-13,20,1,aruco,873,aruco:873,decoder_conflict,[3619],2026-07-13/bee-20,aruco:873,confirmed,,in_domain,true
2b69e3460a36cb200a95,2b69e3460a36cb200a95.webp,true,2026-07-13,21,1,aruco,845,aruco:845,decoder_conflict,[3619],2026-07-13/bee-21,aruco:845,confirmed,,in_domain,true
78e29f638b9e17809463,78e29f638b9e17809463.webp,true,2026-07-14,1,1,aruco,979,aruco:979,decoder_confirmed,[979],2026-07-14/bee-1,aruco:979,confirmed,,in_domain,true
ac7dd88c8e1dbe474d82,ac7dd88c8e1dbe474d82.webp,true,2026-07-14,2,1,aruco,1043,aruco:1043,decoder_conflict,[2219],2026-07-14/bee-2,aruco:1043,confirmed,,in_domain,true
9e83f164f9c8b0bb996f,9e83f164f9c8b0bb996f.webp,true,2026-07-14,3,1,aruco,1045,aruco:1045,decoder_conflict,"[374, 3619]",2026-07-14/bee-3,aruco:1045,confirmed,,in_domain,true
6188fefcce6646011ff3,6188fefcce6646011ff3.webp,true,2026-07-14,3,2,aruco,1045,aruco:1045,decoder_conflict,[2197],2026-07-14/bee-3,aruco:1045,confirmed,,in_domain,true
49b73b4202689604c917,49b73b4202689604c917.webp,true,2026-07-14,4,1,aruco,1044,aruco:1044,decoder_no_confirmation,[],2026-07-14/bee-4,aruco:1044,confirmed,,in_domain,true
f5f62f80f7848daab29d,f5f62f80f7848daab29d.webp,true,2026-07-14,5,1,aruco,962,aruco:962,decoder_confirmed,[962],2026-07-14/bee-5,aruco:962,confirmed,,in_domain,true
1b419750d763a01e72b5,1b419750d763a01e72b5.webp,true,2026-07-14,6,1,aruco,971,aruco:971,decoder_conflict,[2219],2026-07-14/bee-6,aruco:971,confirmed,,in_domain,true
1a6a8bcd6bd8a888529a,1a6a8bcd6bd8a888529a.webp,true,2026-07-14,7,1,aruco,1046,aruco:1046,decoder_conflict,[2557],2026-07-14/bee-7,aruco:1046,confirmed,,in_domain,true
d3a6a1de86722e083181,d3a6a1de86722e083181.webp,true,2026-07-14,8,1,aruco,1065,aruco:1065,decoder_confirmed_with_competing_ids,"[128, 1065]",2026-07-14/bee-8,aruco:1065,confirmed,,in_domain,true
77d3929b578aa07c4676,77d3929b578aa07c4676.webp,true,2026-07-14,9,1,aruco,938,aruco:938,decoder_no_confirmation,[],2026-07-14/bee-9,aruco:938,confirmed,,in_domain,true
504f43e970fb28ca1bed,504f43e970fb28ca1bed.webp,true,2026-07-14,10,1,aruco,754,aruco:754,decoder_conflict,"[2219, 3619]",2026-07-14/bee-10,aruco:754,confirmed,,in_domain,true
175b82ef13a5d1248da5,175b82ef13a5d1248da5.webp,true,2026-07-14,10,2,aruco,754,aruco:754,decoder_conflict,"[1301, 2219]",2026-07-14/bee-10,aruco:754,confirmed,,in_domain,true
69d64827429cb824d33a,69d64827429cb824d33a.webp,true,2026-07-14,11,1,aruco,820,aruco:820,decoder_no_confirmation,[],2026-07-14/bee-11,aruco:820,confirmed,,in_domain,true
9ad9da6e8d57c4fd6f92,9ad9da6e8d57c4fd6f92.webp,true,2026-07-14,12,1,aruco,740,aruco:740,decoder_conflict,[3443],2026-07-14/bee-12,aruco:740,confirmed,,in_domain,true
278d354c1be4a3f16ebb,278d354c1be4a3f16ebb.webp,true,2026-07-14,13,1,aruco,,,decoder_found_id,[3619],2026-07-14/bee-13,aruco:772,confirmed,,in_domain,true
5855949e61d34d5a5ef3,5855949e61d34d5a5ef3.webp,true,2026-07-14,14,1,aruco,742,aruco:742,decoder_conflict,[470],2026-07-14/bee-14,aruco:742,confirmed,,in_domain,true
626337dba3e26e7a580a,626337dba3e26e7a580a.webp,true,2026-07-14,15,1,aruco,379,aruco:379,decoder_conflict,"[2219, 3619]",2026-07-14/bee-15,aruco:838,confirmed,,in_domain,true
beb1c61f529bf8b1d567,beb1c61f529bf8b1d567.webp,true,2026-07-14,16,1,aruco,903,aruco:903,decoder_conflict,[3619],2026-07-14/bee-16,aruco:903,confirmed,,in_domain,true
14cbd71438644d1989b1,14cbd71438644d1989b1.webp,true,2026-07-14,17,1,aruco,808,aruco:808,decoder_conflict,"[106, 2219]",2026-07-14/bee-17,aruco:808,confirmed,,in_domain,true
fe163cfdcd5f614602b8,fe163cfdcd5f614602b8.webp,true,2026-07-14,18,1,aruco,470,aruco:470,decoder_conflict,[106],2026-07-14/bee-18,aruco:871,confirmed,,in_domain,true
f8d18ae6ff78fd4cb0ef,f8d18ae6ff78fd4cb0ef.webp,true,2026-07-14,19,1,aruco,1057,aruco:1057,decoder_conflict,"[2219, 2745]",2026-07-14/bee-19,aruco:1057,confirmed,,in_domain,true
f24ad54a89663b947e82,f24ad54a89663b947e82.webp,true,2026-07-14,20,1,aruco,986,aruco:986,decoder_conflict,"[1199, 1679]",2026-07-14/bee-20,aruco:986,confirmed,,in_domain,true
09eaf1f44cb84fb6d556,09eaf1f44cb84fb6d556.webp,true,2026-07-14,21,1,aruco,1013,aruco:1013,decoder_confirmed,[1013],2026-07-14/bee-21,aruco:1013,confirmed,,in_domain,true
cad811d2d1345a7beb84,cad811d2d1345a7beb84.webp,true,2026-07-14,22,1,aruco,1068,aruco:1068,decoder_confirmed_with_competing_ids,"[1068, 2219]",2026-07-14/bee-22,aruco:1068,confirmed,,in_domain,true
088375b845ccdd151bdb,088375b845ccdd151bdb.webp,true,2026-07-14,22,2,aruco,1068,aruco:1068,decoder_no_confirmation,[],2026-07-14/bee-22,aruco:1068,confirmed,,in_domain,true
cd301c342b7f502c18b5,cd301c342b7f502c18b5.webp,true,2026-07-14,23,1,aruco,1022,aruco:1022,decoder_no_confirmation,[],2026-07-14/bee-23,aruco:1022,confirmed,,in_domain,true
ee6ca643e9a26bc6a9ed,ee6ca643e9a26bc6a9ed.webp,true,2026-07-14,24,1,aruco,1047,aruco:1047,decoder_confirmed_with_competing_ids,"[1047, 2219]",2026-07-14/bee-24,aruco:1047,confirmed,,in_domain,true
a83519869e29837edf08,a83519869e29837edf08.webp,true,2026-07-14,24,2,aruco,1047,aruco:1047,decoder_no_confirmation,[],2026-07-14/bee-24,aruco:1047,confirmed,,in_domain,true
188c42b44f99f242d16a,188c42b44f99f242d16a.webp,true,2026-07-14,25,1,aruco,190,aruco:190,decoder_conflict,[1972],2026-07-14/bee-25,aruco:949,confirmed,,in_domain,true
3efc9bcce90f0b544f48,3efc9bcce90f0b544f48.webp,true,2026-07-14,25,2,aruco,949,aruco:949,decoder_no_confirmation,[],2026-07-14/bee-25,aruco:949,confirmed,,in_domain,true
54a9cf46801f1bd44ba2,54a9cf46801f1bd44ba2.webp,true,2026-07-14,26,1,aruco,998,aruco:998,decoder_no_confirmation,[],2026-07-14/bee-26,aruco:998,confirmed,,in_domain,true
88dc586601aaa400395d,88dc586601aaa400395d.webp,true,2026-07-14,27,1,aruco,972,aruco:972,decoder_conflict,[3619],2026-07-14/bee-27,aruco:972,confirmed,,in_domain,true
bf896701222675562512,bf896701222675562512.webp,true,2026-07-14,28,1,aruco,1039,aruco:1039,decoder_conflict,[3292],2026-07-14/bee-28,aruco:1039,confirmed,,in_domain,true
cbf62907dd711dd93654,cbf62907dd711dd93654.webp,true,2026-07-14,28,2,aruco,1039,aruco:1039,decoder_no_confirmation,[],2026-07-14/bee-28,aruco:1039,confirmed,,in_domain,true
8cf9e77bd84702f88856,8cf9e77bd84702f88856.webp,true,2026-07-14,29,1,aruco,944,aruco:944,decoder_conflict,[3889],2026-07-14/bee-29,aruco:944,confirmed,,in_domain,true
41b82479f491dc283b7a,41b82479f491dc283b7a.webp,true,2026-07-14,30,1,aruco,1029,aruco:1029,decoder_conflict,"[2219, 2219]",2026-07-14/bee-30,aruco:1029,confirmed,,in_domain,true
7b415d5dede4110e8fc9,7b415d5dede4110e8fc9.webp,true,2026-07-14,31,1,aruco,,,decoder_found_id,"[1063, 1236, 3619]",2026-07-14/bee-31,aruco:1063,confirmed,,in_domain,true
ec4f64d2bba7919b7dfd,ec4f64d2bba7919b7dfd.webp,true,2026-07-14,31,2,aruco,,,decoder_found_id,[2219],2026-07-14/bee-31,aruco:1063,confirmed,,in_domain,true
8984b7eaa96b12a38e90,8984b7eaa96b12a38e90.webp,true,2026-07-14,32,1,aruco,1053,aruco:1053,decoder_conflict,[2219],2026-07-14/bee-32,aruco:1053,confirmed,,in_domain,true
c004ccd7eb78d08a7ed5,c004ccd7eb78d08a7ed5.webp,true,2026-07-14,32,2,aruco,1053,aruco:1053,decoder_conflict,[2219],2026-07-14/bee-32,aruco:1053,confirmed,,in_domain,true
058a1ab4cf30c31f4d3e,058a1ab4cf30c31f4d3e.webp,true,2026-07-14,33,1,aruco,1052,aruco:1052,decoder_conflict,[2644],2026-07-14/bee-33,aruco:1052,confirmed,,in_domain,true
182d41dda2ac9b0a09ee,182d41dda2ac9b0a09ee.webp,true,2026-07-14,33,2,aruco,1052,aruco:1052,decoder_no_confirmation,[],2026-07-14/bee-33,aruco:1052,confirmed,,in_domain,true
1daf9eb1e2e217597bc8,1daf9eb1e2e217597bc8.webp,true,2026-07-14,34,1,aruco,1060,aruco:1060,decoder_no_confirmation,[],2026-07-14/bee-34,aruco:1060,confirmed,,in_domain,true
98e1e893f36abc6eba1e,98e1e893f36abc6eba1e.webp,true,2026-07-14,35,1,aruco,,,no_tag_decoded,[],2026-07-14/bee-35,aruco:1016,confirmed,,in_domain,true
c8d7eb7510eba2070669,c8d7eb7510eba2070669.webp,true,2026-07-14,36,1,aruco,1023,aruco:1023,decoder_conflict,[2354],2026-07-14/bee-36,aruco:1023,confirmed,,in_domain,true
5b86afaebbc4377811a8,5b86afaebbc4377811a8.webp,true,2026-07-14,37,1,aruco,1020,aruco:1020,decoder_no_confirmation,[],2026-07-14/bee-37,aruco:1020,confirmed,,in_domain,true
b0fb4208dc459764c29c,b0fb4208dc459764c29c.webp,true,2026-07-14,37,2,aruco,1020,aruco:1020,decoder_conflict,[2219],2026-07-14/bee-37,aruco:1020,confirmed,,in_domain,true
8de0895a9b9398dae517,8de0895a9b9398dae517.webp,true,2026-07-14,38,1,aruco,968,aruco:968,decoder_no_confirmation,[],2026-07-14/bee-38,aruco:968,confirmed,,in_domain,true
c0b7f82f772fdaff564b,c0b7f82f772fdaff564b.webp,true,2026-07-14,39,1,aruco,1021,aruco:1021,decoder_no_confirmation,[],2026-07-14/bee-39,aruco:1021,confirmed,,in_domain,true
8a2878fcbd12b50216ca,8a2878fcbd12b50216ca.webp,true,2026-07-14,40,1,aruco,974,aruco:974,decoder_conflict,"[2219, 2219]",2026-07-14/bee-40,aruco:974,confirmed,,in_domain,true
f0812bd5f182737455ad,f0812bd5f182737455ad.webp,true,2026-07-14,41,1,aruco,960,aruco:960,decoder_confirmed_with_competing_ids,"[960, 2219, 2219]",2026-07-14/bee-41,aruco:960,confirmed,,in_domain,true
53c13b24696dff57a55b,53c13b24696dff57a55b.webp,true,2026-07-14,42,1,aruco,1048,aruco:1048,decoder_no_confirmation,[],2026-07-14/bee-42,aruco:1048,confirmed,,in_domain,true
c0c398cf924d0389fda0,c0c398cf924d0389fda0.webp,true,2026-07-14,43,1,aruco,1004,aruco:1004,decoder_no_confirmation,[],2026-07-14/bee-43,aruco:1004,confirmed,,in_domain,true
933cac6347c19b1d0794,933cac6347c19b1d0794.webp,true,2026-07-14,44,1,aruco,955,aruco:955,decoder_conflict,[2245],2026-07-14/bee-44,aruco:955,confirmed,,in_domain,true
80980f2179468cc113e5,80980f2179468cc113e5.webp,true,2026-07-14,45,1,aruco,961,aruco:961,decoder_confirmed,[961],2026-07-14/bee-45,aruco:961,confirmed,,in_domain,true
0a2e323bd9814e4ff3dc,0a2e323bd9814e4ff3dc.webp,true,2026-07-14,46,1,aruco,994,aruco:994,decoder_no_confirmation,[],2026-07-14/bee-46,aruco:994,confirmed,,in_domain,true
68982c2cc1c57103286e,68982c2cc1c57103286e.webp,true,2026-07-14,46,2,aruco,994,aruco:994,decoder_no_confirmation,[],2026-07-14/bee-46,aruco:994,confirmed,,in_domain,true
dbdead76a3d47dc1578d,dbdead76a3d47dc1578d.webp,true,2026-07-14,47,1,aruco,1015,aruco:1015,decoder_conflict,[1260],2026-07-14/bee-47,aruco:1015,confirmed,,in_domain,true
db31d8fbbf8577f1eb3b,db31d8fbbf8577f1eb3b.webp,true,2026-07-14,48,1,aruco,993,aruco:993,decoder_no_confirmation,[],2026-07-14/bee-48,,unreadable,no tag or bee,in_domain,true
eabd8fa278e0ff1794b9,eabd8fa278e0ff1794b9.webp,true,2026-07-14,49,1,aruco,956,aruco:956,decoder_no_confirmation,[],2026-07-14/bee-49,aruco:956,confirmed,,in_domain,true
327aa1b6a1bd46a03445,327aa1b6a1bd46a03445.webp,true,2026-07-14,49,2,aruco,956,aruco:956,decoder_conflict,[2197],2026-07-14/bee-49,aruco:956,confirmed,,in_domain,true
151359b70de9974c91bd,151359b70de9974c91bd.webp,true,2026-07-14,50,1,aruco,1050,aruco:1050,decoder_conflict,"[2762, 2927]",2026-07-14/bee-50,aruco:1050,confirmed,,in_domain,true
7d38e282578c19fd75f7,7d38e282578c19fd75f7.webp,true,2026-07-14,50,2,aruco,1050,aruco:1050,decoder_conflict,[2219],2026-07-14/bee-50,aruco:1050,confirmed,,in_domain,true
5de2abf6a14d3f4b5730,5de2abf6a14d3f4b5730.webp,true,2026-07-14,51,1,aruco,989,aruco:989,decoder_no_confirmation,[],2026-07-14/bee-51,aruco:989,confirmed,,in_domain,true
5b5f6f3f90263f290c70,5b5f6f3f90263f290c70.webp,true,2026-07-14,52,1,aruco,976,aruco:976,decoder_conflict,"[700, 2219, 2219, 3434]",2026-07-14/bee-52,aruco:976,confirmed,,in_domain,true
dec738596dd8a6b845c7,dec738596dd8a6b845c7.webp,true,2026-07-14,53,1,aruco,988,aruco:988,decoder_conflict,[3619],2026-07-14/bee-53,aruco:988,confirmed,,in_domain,true
710aca2fe86b794801e9,710aca2fe86b794801e9.webp,true,2026-07-14,53,2,aruco,988,aruco:988,decoder_conflict,"[470, 3619]",2026-07-14/bee-53,aruco:988,confirmed,,in_domain,true
7f002afcdb7b44fe86e9,7f002afcdb7b44fe86e9.webp,true,2026-07-15,1,1,aruco,1064,aruco:1064,decoder_conflict,[3339],2026-07-15/bee-1,aruco:1064,confirmed,,in_domain,true
02847231112d83bed050,02847231112d83bed050.webp,true,2026-07-15,2,1,aruco,1051,aruco:1051,decoder_conflict,[2263],2026-07-15/bee-2,aruco:1051,confirmed,,in_domain,true
f3faf72b92ee14da21d1,f3faf72b92ee14da21d1.webp,true,2026-07-15,3,1,aruco,1012,aruco:1012,decoder_conflict,[2219],2026-07-15/bee-3,aruco:1012,confirmed,,in_domain,true
771f7e30db94d86fc444,771f7e30db94d86fc444.webp,true,2026-07-15,3,2,aruco,1012,aruco:1012,decoder_conflict,[2219],2026-07-15/bee-3,aruco:1012,confirmed,,in_domain,true
d9b1480023161fec0400,d9b1480023161fec0400.webp,true,2026-07-15,4,1,aruco,959,aruco:959,decoder_conflict,[3619],2026-07-15/bee-4,aruco:959,confirmed,,in_domain,true
39bda6beab8331a9ab23,39bda6beab8331a9ab23.webp,true,2026-07-15,4,2,aruco,959,aruco:959,decoder_conflict,"[2219, 2219]",2026-07-15/bee-4,aruco:959,confirmed,,in_domain,true
543d7a2691d656d21776,543d7a2691d656d21776.webp,true,2026-07-15,5,1,aruco,1067,aruco:1067,decoder_confirmed_with_competing_ids,"[190, 1067]",2026-07-15/bee-5,aruco:1067,confirmed,,in_domain,true
0f833556584d8a26871f,0f833556584d8a26871f.webp,true,2026-07-15,5,2,aruco,1067,aruco:1067,decoder_conflict,[3252],2026-07-15/bee-5,aruco:1067,confirmed,,in_domain,true
5917ac9959acf1af0756,5917ac9959acf1af0756.webp,true,2026-07-15,6,1,aruco,1033,aruco:1033,decoder_no_confirmation,[],2026-07-15/bee-6,aruco:1033,confirmed,,in_domain,true
566e2970e3e916fc3422,566e2970e3e916fc3422.webp,true,2026-07-15,6,2,aruco,1033,aruco:1033,decoder_conflict,[1699],2026-07-15/bee-6,aruco:1033,confirmed,,in_domain,true
8c85004e371d8c2c90db,8c85004e371d8c2c90db.webp,true,2026-07-15,7,1,aruco,1006,aruco:1006,decoder_confirmed,[1006],2026-07-15/bee-7,aruco:1006,confirmed,,in_domain,true
cee88c8835f4b9f1ea0a,cee88c8835f4b9f1ea0a.webp,true,2026-07-15,7,2,aruco,1006,aruco:1006,decoder_conflict,[2874],2026-07-15/bee-7,aruco:1006,confirmed,,in_domain,true
99f26d30d10c8ae5ee59,99f26d30d10c8ae5ee59.webp,true,2026-07-15,8,1,aruco,1009,aruco:1009,decoder_conflict,[1345],2026-07-15/bee-8,aruco:1009,confirmed,,in_domain,true
225ce8cc976ef3e9b533,225ce8cc976ef3e9b533.webp,true,2026-07-15,8,2,aruco,1009,aruco:1009,decoder_conflict,[1582],2026-07-15/bee-8,aruco:1009,confirmed,,in_domain,true
6c6c8faad6de5d40018b,6c6c8faad6de5d40018b.webp,true,2026-07-15,9,1,aruco,1066,aruco:1066,decoder_conflict,[2219],2026-07-15/bee-9,aruco:1066,confirmed,,in_domain,true
dc06ed7be69a00a49c8c,dc06ed7be69a00a49c8c.webp,true,2026-07-15,10,1,aruco,975,aruco:975,decoder_conflict,[3252],2026-07-15/bee-10,aruco:975,confirmed,,in_domain,true
365fc28100c161f7aff8,365fc28100c161f7aff8.webp,true,2026-07-15,10,2,aruco,975,aruco:975,decoder_confirmed,[975],2026-07-15/bee-10,aruco:975,confirmed,,in_domain,true
a9cd7fae525a2b75b127,a9cd7fae525a2b75b127.webp,true,2026-07-15,11,1,aruco,1071,aruco:1071,decoder_conflict,[2219],2026-07-15/bee-11,aruco:1071,confirmed,,in_domain,true
29d179b3e21b51e7df95,29d179b3e21b51e7df95.webp,true,2026-07-15,12,1,aruco,1056,aruco:1056,decoder_no_confirmation,[],2026-07-15/bee-12,aruco:1056,confirmed,,in_domain,true
c00761382a7ac7c5ae65,c00761382a7ac7c5ae65.webp,true,2026-07-15,12,2,aruco,,,decoder_found_id,"[3315, 3619]",2026-07-15/bee-12,aruco:1056,confirmed,,in_domain,true
b7c7eb62dfb15e4813f3,b7c7eb62dfb15e4813f3.webp,true,2026-07-15,13,1,aruco,941,aruco:941,decoder_conflict,[2219],2026-07-15/bee-13,aruco:941,confirmed,,in_domain,true
9328f1f4de186b8deff0,9328f1f4de186b8deff0.webp,true,2026-07-15,14,1,aruco,1062,aruco:1062,decoder_no_confirmation,[],2026-07-15/bee-14,aruco:1062,confirmed,,in_domain,true
603c16e0f09eee082751,603c16e0f09eee082751.webp,true,2026-07-15,14,2,aruco,1062,aruco:1062,decoder_no_confirmation,[],2026-07-15/bee-14,aruco:1062,confirmed,,in_domain,true
c4d3bbe9ef9795ad7dae,c4d3bbe9ef9795ad7dae.webp,true,2026-07-15,15,1,aruco,987,aruco:987,decoder_no_confirmation,[],2026-07-15/bee-15,aruco:987,confirmed,,in_domain,true
d80c471cfd603135f99c,d80c471cfd603135f99c.webp,true,2026-07-15,15,2,aruco,987,aruco:987,decoder_no_confirmation,[],2026-07-15/bee-15,aruco:987,confirmed,,in_domain,true
298dfa218a303a6750a9,298dfa218a303a6750a9.webp,true,2026-07-15,16,1,aruco,1027,aruco:1027,decoder_conflict,[2488],2026-07-15/bee-16,aruco:1027,confirmed,,in_domain,true
b7050b981519e5f1e32c,b7050b981519e5f1e32c.webp,true,2026-07-15,16,2,aruco,1027,aruco:1027,decoder_conflict,"[1679, 2197]",2026-07-15/bee-16,aruco:1027,confirmed,,in_domain,true
1bd4cd1fc8cbcc978a16,1bd4cd1fc8cbcc978a16.webp,true,2026-07-15,17,1,aruco,1034,aruco:1034,decoder_no_confirmation,[],2026-07-15/bee-17,aruco:1034,confirmed,,in_domain,true
a7be85ebe9a9c52ca1d8,a7be85ebe9a9c52ca1d8.webp,true,2026-07-15,18,1,aruco,884,aruco:884,decoder_no_confirmation,[],2026-07-15/bee-18,aruco:884,confirmed,,in_domain,true
4373f058ea70aabc076d,4373f058ea70aabc076d.webp,true,2026-07-15,19,1,aruco,766,aruco:766,decoder_confirmed_with_competing_ids,"[683, 766, 2219, 3619]",2026-07-15/bee-19,aruco:766,confirmed,,in_domain,true
4fe7836b032849e244ee,4fe7836b032849e244ee.webp,true,2026-07-15,20,1,aruco,,,decoder_found_id,[2197],2026-07-15/bee-20,aruco:1039,confirmed,,in_domain,true
da4fe56d71fd5ed25e99,da4fe56d71fd5ed25e99.webp,true,2026-07-15,21,1,aruco,,,decoder_found_id,[2219],2026-07-15/bee-21,aruco:1052,confirmed,,in_domain,true
6df7b71afaf0df7578e2,6df7b71afaf0df7578e2.webp,true,2026-07-15,22,1,aruco,,,no_tag_decoded,[],2026-07-15/bee-22,aruco:740,confirmed,,in_domain,true
98c9e5188fbe1aca6293,98c9e5188fbe1aca6293.webp,true,2026-07-15,23,1,aruco,894,aruco:894,decoder_no_confirmation,[],2026-07-15/bee-23,aruco:894,confirmed,,in_domain,true
7adfe015f0894f1b41cf,7adfe015f0894f1b41cf.webp,true,2026-07-15,24,1,aruco,,,decoder_found_id,[3960],2026-07-15/bee-24,aruco:1015,confirmed,,in_domain,true
bcf211426b52a9359818,bcf211426b52a9359818.webp,true,2026-07-15,25,1,aruco,877,aruco:877,decoder_conflict,[3775],2026-07-15/bee-25,aruco:877,confirmed,,in_domain,true
7f74402f207939f8ffb1,7f74402f207939f8ffb1.webp,true,2026-07-15,26,1,aruco,,,no_tag_decoded,[],2026-07-15/bee-26,aruco:1013,confirmed,,in_domain,true
c548e3d96e73810f5258,c548e3d96e73810f5258.webp,true,2026-07-15,27,1,aruco,994,aruco:994,decoder_conflict,[2219],2026-07-15/bee-27,aruco:994,confirmed,,in_domain,true
735d49b43bfe4964b8d0,735d49b43bfe4964b8d0.webp,true,2026-07-15,28,1,aruco,1000,aruco:1000,decoder_conflict,[2219],2026-07-15/bee-28,aruco:1000,confirmed,,in_domain,true
6a8774a79286cc7c08c2,6a8774a79286cc7c08c2.webp,true,2026-07-15,28,2,aruco,1000,aruco:1000,decoder_conflict,[2219],2026-07-15/bee-28,aruco:1000,confirmed,,in_domain,true
07a30e496ddec07f809a,07a30e496ddec07f809a.webp,true,2026-07-15,29,1,aruco,832,aruco:832,decoder_confirmed,[832],2026-07-15/bee-29,aruco:832,confirmed,,in_domain,true
e3a365c913e202167263,e3a365c913e202167263.webp,true,2026-07-15,30,1,aruco,947,aruco:947,decoder_conflict,[2219],2026-07-15/bee-30,aruco:947,confirmed,,in_domain,true
ee74ebb982064135e967,ee74ebb982064135e967.webp,true,2026-07-15,30,2,aruco,947,aruco:947,decoder_conflict,"[2219, 2465]",2026-07-15/bee-30,aruco:947,confirmed,,in_domain,true
ab90732149dee051c76c,ab90732149dee051c76c.webp,true,2026-07-21,1,1,aruco,,,decoder_found_id,[1041],2026-07-21/bee-1,aruco:1041,confirmed,,in_domain,true
ed19e2d6a94c50ad2064,ed19e2d6a94c50ad2064.webp,true,2026-07-21,2,1,aruco,1059,aruco:1059,decoder_no_confirmation,[],2026-07-21/bee-2,aruco:1059,confirmed,,in_domain,true
33592862db766c7c7ecd,33592862db766c7c7ecd.webp,true,2026-07-21,2,2,aruco,1059,aruco:1059,decoder_confirmed,[1059],2026-07-21/bee-2,aruco:1059,confirmed,,in_domain,true
f93ffef77ad98b7ce914,f93ffef77ad98b7ce914.webp,true,2026-07-21,3,1,aruco,,,decoder_found_id,[3619],2026-07-21/bee-3,aruco:1015,confirmed,,in_domain,true
76ba3ac349c3d9dd6ef9,76ba3ac349c3d9dd6ef9.webp,true,2026-07-21,4,1,aruco,988,aruco:988,decoder_conflict,"[1302, 1537, 2219, 3619, 3619]",2026-07-21/bee-4,aruco:988,confirmed,,in_domain,true
7463e72caff2fcbf34c0,7463e72caff2fcbf34c0.webp,true,2026-07-21,5,1,aruco,,,decoder_found_id,[3298],2026-07-21/bee-5,aruco:1024,confirmed,,in_domain,true
728e672d38c86a697593,728e672d38c86a697593.webp,true,2026-07-21,6,1,aruco,,,decoder_found_id,"[425, 1046, 2219, 3619, 3619]",2026-07-21/bee-6,aruco:1046,confirmed,,in_domain,true
f4cfaae9717f8d2a51f2,f4cfaae9717f8d2a51f2.webp,true,2026-07-21,7,1,aruco,542,aruco:542,decoder_conflict,"[966, 2219]",2026-07-21/bee-7,aruco:966,confirmed,,in_domain,true
1e65f347ffac078ef2b3,1e65f347ffac078ef2b3.webp,true,2026-07-21,7,2,aruco,542,aruco:542,decoder_conflict,[3619],2026-07-21/bee-7,aruco:966,confirmed,,in_domain,true
e989656d5198f2d09a0a,e989656d5198f2d09a0a.webp,true,2026-07-21,8,1,aruco,1036,aruco:1036,decoder_no_confirmation,[],2026-07-21/bee-8,aruco:1036,confirmed,,in_domain,true
37f16f8c2612ebfbfad4,37f16f8c2612ebfbfad4.webp,true,2026-07-21,8,2,aruco,1036,aruco:1036,decoder_conflict,"[2219, 2598]",2026-07-21/bee-8,aruco:1036,confirmed,,in_domain,true
57a5ac501e2b8fa0ee85,57a5ac501e2b8fa0ee85.webp,true,2026-07-21,9,1,aruco,973,aruco:973,decoder_conflict,[2219],2026-07-21/bee-9,aruco:973,confirmed,,in_domain,true
4ba6b7a2ddaba3258753,4ba6b7a2ddaba3258753.webp,true,2026-07-21,10,1,aruco,1069,aruco:1069,decoder_confirmed,[1069],2026-07-21/bee-10,aruco:1069,confirmed,,in_domain,true
65146f469cb2be878ca3,65146f469cb2be878ca3.webp,true,2026-07-21,10,2,aruco,1069,aruco:1069,decoder_no_confirmation,[],2026-07-21/bee-10,aruco:1069,confirmed,,in_domain,true
6ae39c6f061feaa7931d,6ae39c6f061feaa7931d.webp,true,2026-07-21,11,1,aruco,1035,aruco:1035,decoder_conflict,[3619],2026-07-21/bee-11,aruco:1035,confirmed,,in_domain,true
ed6dfbc70e8f21f03dad,ed6dfbc70e8f21f03dad.webp,true,2026-07-21,11,2,aruco,1035,aruco:1035,decoder_no_confirmation,[],2026-07-21/bee-11,aruco:1035,confirmed,,in_domain,true
e6a7c7a7336f4f67cb0c,e6a7c7a7336f4f67cb0c.webp,true,2026-07-21,11,3,aruco,1035,aruco:1035,decoder_conflict,[2219],2026-07-21/bee-11,aruco:1035,confirmed,,in_domain,true
8e224266cfc590d93601,8e224266cfc590d93601.webp,true,2026-07-21,12,1,aruco,948,aruco:948,decoder_confirmed_with_competing_ids,"[683, 948]",2026-07-21/bee-12,aruco:948,confirmed,,in_domain,true
1ec585f415263f34f186,1ec585f415263f34f186.webp,true,2026-07-21,12,2,aruco,948,aruco:948,decoder_conflict,[1302],2026-07-21/bee-12,aruco:948,confirmed,,in_domain,true
674567e55f4b37add42e,674567e55f4b37add42e.webp,true,2026-07-21,13,1,aruco,977,aruco:977,decoder_conflict,[2219],2026-07-21/bee-13,aruco:977,confirmed,,in_domain,true
876f22605a7f612cd6e1,876f22605a7f612cd6e1.webp,true,2026-07-21,13,2,aruco,977,aruco:977,decoder_no_confirmation,[],2026-07-21/bee-13,aruco:977,confirmed,,in_domain,true
87a870f02e63da968b7d,87a870f02e63da968b7d.webp,true,2026-07-21,14,1,aruco,1005,aruco:1005,decoder_conflict,"[683, 1260]",2026-07-21/bee-14,aruco:1005,confirmed,,in_domain,true
bc07e340f0c01d391d9c,bc07e340f0c01d391d9c.webp,true,2026-07-21,14,2,aruco,1005,aruco:1005,decoder_no_confirmation,[],2026-07-21/bee-14,aruco:1005,confirmed,,in_domain,true
ca0838547c3c9c62aa6c,ca0838547c3c9c62aa6c.webp,true,2026-07-21,15,1,aruco,950,aruco:950,decoder_confirmed,[950],2026-07-21/bee-15,aruco:950,confirmed,,in_domain,true
60eeb884b70a9217b67d,60eeb884b70a9217b67d.webp,true,2026-07-21,15,2,aruco,950,aruco:950,decoder_no_confirmation,[],2026-07-21/bee-15,aruco:950,confirmed,,in_domain,true
96c55b325b45e45aa3ff,96c55b325b45e45aa3ff.webp,true,2026-07-21,16,1,aruco,441,aruco:441,decoder_conflict,[2219],2026-07-21/bee-16,aruco:982,confirmed,,in_domain,true
250a61c03947212483a5,250a61c03947212483a5.webp,true,2026-07-21,16,2,aruco,982,aruco:982,decoder_conflict,[2219],2026-07-21/bee-16,aruco:982,confirmed,,in_domain,true
51d9043aa816260cbbdb,51d9043aa816260cbbdb.webp,true,2026-07-21,17,1,aruco,958,aruco:958,decoder_conflict,[2219],2026-07-21/bee-17,aruco:958,confirmed,,in_domain,true
e7c5fb5c985a0e7ea1cb,e7c5fb5c985a0e7ea1cb.webp,true,2026-07-21,18,1,aruco,984,aruco:984,decoder_confirmed_with_competing_ids,"[984, 1665]",2026-07-21/bee-18,aruco:984,confirmed,,in_domain,true
cf56c7dea5b84f3c0878,cf56c7dea5b84f3c0878.webp,true,2026-07-21,19,1,aruco,1042,aruco:1042,decoder_conflict,[2197],2026-07-21/bee-19,aruco:1042,confirmed,,in_domain,true
66dbca5d32da24ef3699,66dbca5d32da24ef3699.webp,true,2026-07-21,19,2,aruco,1042,aruco:1042,decoder_conflict,[2583],2026-07-21/bee-19,aruco:1042,confirmed,,in_domain,true
955b354d538a3a7837f8,955b354d538a3a7837f8.webp,true,2026-07-21,20,1,aruco,981,aruco:981,decoder_no_confirmation,[],2026-07-21/bee-20,aruco:981,confirmed,,in_domain,true
76cc07556c446f15ef9d,76cc07556c446f15ef9d.webp,true,2026-07-21,20,2,aruco,981,aruco:981,decoder_no_confirmation,[],2026-07-21/bee-20,aruco:981,confirmed,,in_domain,true
7f92184da40dddb40803,7f92184da40dddb40803.webp,true,2026-07-21,21,1,aruco,940,aruco:940,decoder_confirmed_with_competing_ids,"[542, 940, 2219]",2026-07-21/bee-21,aruco:940,confirmed,,in_domain,true
a5094490d9d7da1ff73c,a5094490d9d7da1ff73c.webp,true,2026-07-21,21,2,aruco,940,aruco:940,decoder_conflict,[997],2026-07-21/bee-21,aruco:940,confirmed,,in_domain,true
8654d9c02d257b4404c0,8654d9c02d257b4404c0.webp,true,2026-07-21,22,1,aruco,964,aruco:964,decoder_conflict,[3114],2026-07-21/bee-22,aruco:964,confirmed,,in_domain,true
39156a080887ae486ae8,39156a080887ae486ae8.webp,true,2026-07-21,23,1,aruco,1018,aruco:1018,decoder_no_confirmation,[],2026-07-21/bee-23,aruco:1018,confirmed,,in_domain,true
6c047295ce856d671f8b,6c047295ce856d671f8b.webp,true,2026-07-21,24,1,aruco,957,aruco:957,decoder_no_confirmation,[],2026-07-21/bee-24,aruco:957,confirmed,,in_domain,true
a2a5416308a570283bd1,a2a5416308a570283bd1.webp,true,2026-07-21,24,2,aruco,957,aruco:957,decoder_no_confirmation,[],2026-07-21/bee-24,aruco:957,confirmed,,in_domain,true
5a889fca6ce9eb90c342,5a889fca6ce9eb90c342.webp,true,2026-07-21,25,1,aruco,963,aruco:963,decoder_conflict,[2219],2026-07-21/bee-25,aruco:963,confirmed,,in_domain,true
f3900e5ce2e516daf4e5,f3900e5ce2e516daf4e5.webp,true,2026-07-21,25,2,aruco,963,aruco:963,decoder_conflict,[3397],2026-07-21/bee-25,aruco:963,confirmed,,in_domain,true
452129bd5bc6a5593d1d,452129bd5bc6a5593d1d.webp,true,2026-07-21,26,1,aruco,978,aruco:978,decoder_confirmed,[978],2026-07-21/bee-26,aruco:978,confirmed,,in_domain,true
d5bc72972ae54932fb80,d5bc72972ae54932fb80.webp,true,2026-07-21,26,2,aruco,978,aruco:978,decoder_conflict,[17],2026-07-21/bee-26,aruco:978,confirmed,,in_domain,true
2fb055aefc6a94d7c193,2fb055aefc6a94d7c193.webp,true,2026-07-21,27,1,aruco,983,aruco:983,decoder_conflict,[2510],2026-07-21/bee-27,aruco:983,confirmed,,in_domain,true
3a0628b19d180e4be54a,3a0628b19d180e4be54a.webp,true,2026-07-21,27,2,aruco,983,aruco:983,decoder_conflict,[1345],2026-07-21/bee-27,aruco:983,confirmed,,in_domain,true
9e33a631cb4d1d30db15,9e33a631cb4d1d30db15.webp,true,2026-07-21,28,1,aruco,1061,aruco:1061,decoder_confirmed,[1061],2026-07-21/bee-28,aruco:1061,confirmed,,in_domain,true
1009d13a6585188661c0,1009d13a6585188661c0.webp,true,2026-07-21,28,2,aruco,1061,aruco:1061,decoder_conflict,[2219],2026-07-21/bee-28,aruco:1061,confirmed,,in_domain,true
7505685b7a44882d9f89,7505685b7a44882d9f89.webp,true,2026-07-21,29,1,aruco,954,aruco:954,decoder_conflict,[2197],2026-07-21/bee-29,aruco:954,confirmed,,in_domain,true
5a772052963507d8b117,5a772052963507d8b117.webp,true,2026-07-21,29,2,aruco,954,aruco:954,decoder_conflict,[2219],2026-07-21/bee-29,aruco:954,confirmed,,in_domain,true
909fbe02b9ee61feb0ba,909fbe02b9ee61feb0ba.webp,true,2026-07-21,30,1,aruco,995,aruco:995,decoder_confirmed,[995],2026-07-21/bee-30,aruco:995,confirmed,,in_domain,true
8daf7e75b8df99d547f4,8daf7e75b8df99d547f4.webp,true,2026-07-21,30,2,aruco,995,aruco:995,decoder_no_confirmation,[],2026-07-21/bee-30,aruco:995,confirmed,,in_domain,true
ab69ff34eec9bca391a1,ab69ff34eec9bca391a1.webp,true,2026-07-21,31,1,aruco,1037,aruco:1037,decoder_no_confirmation,[],2026-07-21/bee-31,aruco:1037,confirmed,,in_domain,true
3d5d2c68658b08dee9cd,3d5d2c68658b08dee9cd.webp,true,2026-07-22,1,1,aruco,,,decoder_found_id,[2219],2026-07-22/bee-1,aruco:1043,confirmed,,in_domain,true
abfe5a7c9dcceb658457,abfe5a7c9dcceb658457.webp,true,2026-07-22,2,1,aruco,940,aruco:940,decoder_confirmed_with_competing_ids,"[940, 3572]",2026-07-22/bee-2,aruco:940,confirmed,,in_domain,true
24fd0616fe5a20efe705,24fd0616fe5a20efe705.webp,true,2026-07-22,3,1,aruco,37,aruco:37,decoder_conflict,[2219],2026-07-22/bee-3,aruco:943,confirmed,,in_domain,true
8b9899e1a9812ff30d51,8b9899e1a9812ff30d51.webp,true,2026-07-22,4,1,aruco,939,aruco:939,decoder_conflict,[542],2026-07-22/bee-4,aruco:939,confirmed,,in_domain,true
672fb91929ec421af091,672fb91929ec421af091.webp,true,2026-07-22,4,2,aruco,939,aruco:939,decoder_conflict,"[3252, 3960]",2026-07-22/bee-4,aruco:939,confirmed,,in_domain,true
bd1936bebe17c8191432,bd1936bebe17c8191432.webp,true,2026-07-22,5,1,aruco,1008,aruco:1008,decoder_conflict,[666],2026-07-22/bee-5,aruco:1008,confirmed,,in_domain,true
4734cd677afd47104dc6,4734cd677afd47104dc6.webp,true,2026-07-22,6,1,aruco,1038,aruco:1038,decoder_conflict,[653],2026-07-22/bee-6,aruco:1038,confirmed,,in_domain,true
9db0d2b939f6ce8304e6,9db0d2b939f6ce8304e6.webp,true,2026-07-22,6,2,aruco,1038,aruco:1038,decoder_conflict,[227],2026-07-22/bee-6,aruco:1038,confirmed,,in_domain,true
a4148ba512a7fb262120,a4148ba512a7fb262120.webp,true,2026-07-22,7,1,aruco,951,aruco:951,decoder_conflict,[2510],2026-07-22/bee-7,aruco:951,confirmed,,in_domain,true
a6e0aadb5578c3861433,a6e0aadb5578c3861433.webp,true,2026-07-22,8,1,aruco,995,aruco:995,decoder_conflict,[2219],2026-07-22/bee-8,aruco:995,confirmed,,in_domain,true
d19d9b3271c1993b3c77,d19d9b3271c1993b3c77.webp,true,2026-07-22,9,1,aruco,969,aruco:969,decoder_conflict,[3794],2026-07-22/bee-9,aruco:969,confirmed,,in_domain,true
b517c37106bbacee9e24,b517c37106bbacee9e24.webp,true,2026-07-22,10,1,aruco,1054,aruco:1054,decoder_conflict,[2219],2026-07-22/bee-10,aruco:1054,confirmed,,in_domain,true
9d8549404a1f683a2f85,9d8549404a1f683a2f85.webp,true,2026-07-22,11,1,aruco,1049,aruco:1049,decoder_confirmed_with_competing_ids,"[1049, 2219]",2026-07-22/bee-11,aruco:1049,confirmed,,in_domain,true
7455ec768c84c5872444,7455ec768c84c5872444.webp,true,2026-07-22,12,1,aruco,1007,aruco:1007,decoder_conflict,[2197],2026-07-22/bee-12,aruco:1007,confirmed,,in_domain,true
f59f262ff4b276fb990e,f59f262ff4b276fb990e.webp,true,2026-07-22,12,2,aruco,1007,aruco:1007,decoder_no_confirmation,[],2026-07-22/bee-12,aruco:1007,confirmed,,in_domain,true
d93ab75e30a0b52e240e,d93ab75e30a0b52e240e.webp,true,2026-07-22,13,1,aruco,,,decoder_found_id,[2219],2026-07-22/bee-13,aruco:1036,confirmed,,in_domain,true
d3eea917951861946b43,d3eea917951861946b43.webp,true,2026-07-22,14,1,aruco,948,aruco:948,decoder_conflict,[2219],2026-07-22/bee-14,aruco:948,confirmed,,in_domain,true
f2194974fd9d10f35d8b,f2194974fd9d10f35d8b.webp,true,2026-07-22,15,1,aruco,988,aruco:988,decoder_confirmed,[988],2026-07-22/bee-15,aruco:988,confirmed,,in_domain,true
4dd94593f8aa43f456f1,4dd94593f8aa43f456f1.webp,true,2026-07-22,16,1,aruco,190,aruco:190,decoder_conflict,[1069],2026-07-22/bee-16,aruco:1069,confirmed,,in_domain,true
1c23c23435f491424365,1c23c23435f491424365.webp,true,2026-07-22,16,2,aruco,,,decoder_found_id,"[1069, 2219, 3619]",2026-07-22/bee-16,aruco:1069,confirmed,,in_domain,true
cf6183d75eb86357e4eb,cf6183d75eb86357e4eb.webp,true,2026-07-22,17,1,aruco,1040,aruco:1040,decoder_no_confirmation,[],2026-07-22/bee-17,aruco:1040,confirmed,,in_domain,true
0d2fa412a3a4466490d4,0d2fa412a3a4466490d4.webp,true,2026-07-22,17,2,aruco,1040,aruco:1040,decoder_conflict,[2197],2026-07-22/bee-17,aruco:1040,confirmed,,in_domain,true
22ff89fef613db7d1e9e,22ff89fef613db7d1e9e.webp,true,2026-07-22,18,1,aruco,980,aruco:980,decoder_conflict,[2219],2026-07-22/bee-18,aruco:980,confirmed,,in_domain,true
a3176c78cf04669d5d8e,a3176c78cf04669d5d8e.webp,true,2026-07-22,19,1,aruco,1011,aruco:1011,decoder_conflict,[3619],2026-07-22/bee-19,aruco:1011,confirmed,,in_domain,true
e2bb04c72be97887dba8,e2bb04c72be97887dba8.webp,true,2026-07-22,20,1,aruco,1030,aruco:1030,decoder_conflict,[2219],2026-07-22/bee-20,aruco:1030,confirmed,,in_domain,true
a41f5deedc3dd4610034,a41f5deedc3dd4610034.webp,true,2026-07-22,20,2,aruco,1030,aruco:1030,decoder_conflict,[3237],2026-07-22/bee-20,aruco:1030,confirmed,,in_domain,true
f820428722271bd502da,f820428722271bd502da.webp,true,2026-07-22,21,1,aruco,1025,aruco:1025,decoder_conflict,"[2219, 2219]",2026-07-22/bee-21,aruco:1025,confirmed,,in_domain,true
1bbdacb77009ff05bf29,1bbdacb77009ff05bf29.webp,true,2026-07-22,22,1,aruco,190,aruco:190,decoder_conflict,[1192],2026-07-22/bee-22,aruco:1003,confirmed,,in_domain,true
01bb29f4957eafc3ac2b,01bb29f4957eafc3ac2b.webp,true,2026-07-22,23,1,aruco,992,aruco:992,decoder_conflict,"[375, 1370, 2255]",2026-07-22/bee-23,aruco:992,confirmed,,in_domain,true
6277c34a9d5856a2d40d,6277c34a9d5856a2d40d.webp,true,2026-07-22,24,1,aruco,985,aruco:985,decoder_conflict,[2219],2026-07-22/bee-24,aruco:985,confirmed,,in_domain,true
65cbcbdc077afbcd541b,65cbcbdc077afbcd541b.webp,true,2026-07-22,25,1,aruco,967,aruco:967,decoder_conflict,"[973, 2219]",2026-07-22/bee-25,aruco:967,confirmed,,in_domain,true
a22b9429fcf244f6c9ce,a22b9429fcf244f6c9ce.webp,true,2026-07-22,25,2,aruco,967,aruco:967,decoder_no_confirmation,[],2026-07-22/bee-25,aruco:967,confirmed,,in_domain,true
a8cb7ac0dcb0221a919b,a8cb7ac0dcb0221a919b.webp,true,2026-07-22,26,1,aruco,946,aruco:946,decoder_conflict,[106],2026-07-22/bee-26,aruco:946,confirmed,,in_domain,true
ef78c25af58203526534,ef78c25af58203526534.webp,true,2026-07-22,27,1,aruco,1019,aruco:1019,decoder_conflict,[3619],2026-07-22/bee-27,aruco:1019,confirmed,,in_domain,true
8505c14b21bfd431845c,8505c14b21bfd431845c.webp,true,2026-07-22,28,1,aruco,990,aruco:990,decoder_no_confirmation,[],2026-07-22/bee-28,aruco:990,confirmed,,in_domain,true
7e65a4689856b6fae403,7e65a4689856b6fae403.webp,true,2026-07-22,28,2,aruco,990,aruco:990,decoder_no_confirmation,[],2026-07-22/bee-28,aruco:990,confirmed,,in_domain,true
8f327880e61af98977fb,8f327880e61af98977fb.webp,true,2026-07-22,29,1,aruco,942,aruco:942,decoder_conflict,[2219],2026-07-22/bee-29,aruco:942,confirmed,,in_domain,true
be0c2210efbf70ba2679,be0c2210efbf70ba2679.webp,true,2026-07-22,30,1,aruco,1028,aruco:1028,decoder_conflict,[2762],2026-07-22/bee-30,aruco:1028,confirmed,,in_domain,true
d4a6ccf40092432b51f5,d4a6ccf40092432b51f5.webp,true,2026-07-22,31,1,aruco,,,no_tag_decoded,[],2026-07-22/bee-31,aruco:962,confirmed,,in_domain,true
cc29eb23b3cb75259a76,cc29eb23b3cb75259a76.webp,true,2026-07-27,1,1,aruco,958,aruco:958,decoder_conflict,[3619],2026-07-27/bee-1,aruco:958,confirmed,,in_domain,true
8420a903dde47d53ef20,8420a903dde47d53ef20.webp,true,2026-07-27,2,1,n8tag,36,n8tag:36,decoder_no_confirmation,[],2026-07-27/bee-2,n8tag:36,,,in_domain,true
5760187345ee15ac32c6,5760187345ee15ac32c6.webp,true,2026-07-27,3,1,n8tag,20,n8tag:20,decoder_no_confirmation,[],2026-07-27/bee-3,n8tag:20,,,in_domain,true
984972288c5026762b17,984972288c5026762b17.webp,true,2026-07-27,3,2,n8tag,20,n8tag:20,decoder_no_confirmation,[],2026-07-27/bee-3,n8tag:20,,,in_domain,true
18f8f0093fded2f226b4,18f8f0093fded2f226b4.webp,true,2026-07-27,4,1,aruco,939,aruco:939,decoder_conflict,"[2219, 3619]",2026-07-27/bee-4,aruco:939,confirmed,,in_domain,true
87b47d726eb8aa692212,87b47d726eb8aa692212.webp,true,2026-07-27,5,1,aruco,1018,aruco:1018,decoder_conflict,"[2548, 3043]",2026-07-27/bee-5,aruco:1018,confirmed,,in_domain,true
9a9806252f6806a2bf5a,9a9806252f6806a2bf5a.webp,true,2026-07-27,6,1,n8tag,23,n8tag:23,decoder_no_confirmation,[],2026-07-27/bee-6,n8tag:23,,,in_domain,true
fb63b946e4dead00053c,fb63b946e4dead00053c.webp,true,2026-07-27,6,2,n8tag,23,n8tag:23,decoder_no_confirmation,[],2026-07-27/bee-6,n8tag:23,,,in_domain,true
5479b1a0d9d56d68470a,5479b1a0d9d56d68470a.webp,true,2026-07-27,7,1,aruco,,,decoder_found_id,[2219],2026-07-27/bee-7,aruco:1008,confirmed,,in_domain,true
e4546dbfc95cf6d59460,e4546dbfc95cf6d59460.webp,true,2026-07-27,8,1,n8tag,35,n8tag:35,decoder_conflict,[498],2026-07-27/bee-8,n8tag:35,,,in_domain,true
a5a91bcecbc79158a06f,a5a91bcecbc79158a06f.webp,true,2026-07-27,8,2,n8tag,35,n8tag:35,decoder_conflict,[0],2026-07-27/bee-8,n8tag:35,,,in_domain,true
7c4ddce1e8acb849e06b,7c4ddce1e8acb849e06b.webp,true,2026-07-27,9,1,n8tag,39,n8tag:39,decoder_confirmed,[39],2026-07-27/bee-9,n8tag:39,,,in_domain,true
09deb1946acc44c8c27c,09deb1946acc44c8c27c.webp,true,2026-07-27,9,2,n8tag,39,n8tag:39,decoder_no_confirmation,[],2026-07-27/bee-9,n8tag:39,,,in_domain,true
1cebb90bc4c15b63785a,1cebb90bc4c15b63785a.webp,true,2026-07-27,10,1,n8tag,29,n8tag:29,decoder_confirmed,[29],2026-07-27/bee-10,n8tag:10,,,in_domain,true
b54ad06e856f7167319d,b54ad06e856f7167319d.webp,true,2026-07-27,10,2,n8tag,29,n8tag:29,decoder_no_confirmation,[],2026-07-27/bee-10,n8tag:10,,,in_domain,true
8a66e9bd41ec36201c9e,8a66e9bd41ec36201c9e.webp,true,2026-07-27,11,1,n8tag,1,n8tag:1,decoder_confirmed,[1],2026-07-27/bee-11,n8tag:1,,,in_domain,true
6377b3f68e6dcc11a9ad,6377b3f68e6dcc11a9ad.webp,true,2026-07-27,12,1,aruco,966,aruco:966,decoder_confirmed,[966],2026-07-27/bee-12,aruco:966,confirmed,,in_domain,true
e943cc37f50b0f044f2e,e943cc37f50b0f044f2e.webp,true,2026-07-27,13,1,n8tag,32,n8tag:32,decoder_no_confirmation,[],2026-07-27/bee-13,n8tag:32,,,in_domain,true
89c026911ead3ec2d83b,89c026911ead3ec2d83b.webp,true,2026-07-27,14,1,n8tag,37,n8tag:37,decoder_no_confirmation,[],2026-07-27/bee-14,n8tag:37,,,in_domain,true
66d3c7b81843f7603cff,66d3c7b81843f7603cff.webp,true,2026-07-27,15,1,aruco,1025,aruco:1025,decoder_conflict,[3434],2026-07-27/bee-15,aruco:1025,confirmed,,in_domain,true
91442cf9edda3e953906,91442cf9edda3e953906.webp,true,2026-07-27,16,1,aruco,992,aruco:992,decoder_conflict,[2219],2026-07-27/bee-16,aruco:992,confirmed,,in_domain,true
a787be5d271f54c278d5,a787be5d271f54c278d5.webp,true,2026-07-27,17,1,aruco,995,aruco:995,decoder_confirmed,[995],2026-07-27/bee-17,aruco:995,confirmed,,in_domain,true
ee8470824891f3e68608,ee8470824891f3e68608.webp,true,2026-07-27,18,1,aruco,1040,aruco:1040,decoder_conflict,[2883],2026-07-27/bee-18,aruco:1040,confirmed,,in_domain,true
a0f9af7023b9a71bd236,a0f9af7023b9a71bd236.webp,true,2026-07-28,1,1,n8tag,30,n8tag:30,decoder_confirmed,[30],2026-07-28/bee-1,n8tag:30,,,in_domain,true
d46754ee3291c31d8b3e,d46754ee3291c31d8b3e.webp,true,2026-07-28,1,2,n8tag,30,n8tag:30,decoder_conflict,[0],2026-07-28/bee-1,n8tag:30,,,in_domain,true
bcbb23119b386a5ec4ea,bcbb23119b386a5ec4ea.webp,true,2026-07-28,2,1,n8tag,38,n8tag:38,decoder_no_confirmation,[],2026-07-28/bee-2,n8tag:38,,,in_domain,true
24429606fe5e767dc673,24429606fe5e767dc673.webp,true,2026-07-28,2,2,n8tag,38,n8tag:38,decoder_no_confirmation,[],2026-07-28/bee-2,n8tag:38,,,in_domain,true
3c2c7285d10e807a2ee9,3c2c7285d10e807a2ee9.webp,true,2026-07-28,3,1,n8tag,11,n8tag:11,decoder_confirmed,[11],2026-07-28/bee-3,n8tag:11,,,in_domain,true
41053ed44d191f66160e,41053ed44d191f66160e.webp,true,2026-07-28,3,2,n8tag,11,n8tag:11,decoder_no_confirmation,[],2026-07-28/bee-3,n8tag:11,,,in_domain,true
e701b5004f43ae3103c6,e701b5004f43ae3103c6.webp,true,2026-07-28,4,1,n8tag,14,n8tag:14,decoder_confirmed_with_competing_ids,"[98, 14]",2026-07-28/bee-4,n8tag:14,,,in_domain,true
c48031de908734134674,c48031de908734134674.webp,true,2026-07-28,5,1,n8tag,33,n8tag:33,decoder_no_confirmation,[],2026-07-28/bee-5,n8tag:33,,,in_domain,true
6a23b1e088dac9eee4f5,6a23b1e088dac9eee4f5.webp,true,2026-07-28,5,2,n8tag,33,n8tag:33,decoder_no_confirmation,[],2026-07-28/bee-5,n8tag:33,,,in_domain,true
acddc15d1015aef72613,acddc15d1015aef72613.webp,true,2026-07-28,6,1,n8tag,8,n8tag:8,decoder_confirmed,[8],2026-07-28/bee-6,n8tag:8,,,in_domain,true
21372ff0cd1b36958e40,21372ff0cd1b36958e40.webp,true,2026-07-28,7,1,n8tag,24,n8tag:24,decoder_confirmed,[24],2026-07-28/bee-7,n8tag:24,,,in_domain,true
2dbc6eed4c8361f5c674,2dbc6eed4c8361f5c674.webp,true,2026-07-28,8,1,n8tag,6,n8tag:6,decoder_confirmed,[6],2026-07-28/bee-8,n8tag:6,,,in_domain,true
cca8d3b399f009e46770,cca8d3b399f009e46770.webp,true,2026-07-28,9,1,n8tag,4,n8tag:4,decoder_confirmed,[4],2026-07-28/bee-9,n8tag:4,,,in_domain,true
4dc52402fac58444121c,4dc52402fac58444121c.webp,true,2026-07-28,10,1,n8tag,5,n8tag:5,decoder_confirmed,[5],2026-07-28/bee-10,n8tag:5,,,in_domain,true
f30f91fe0f682e0d8329,f30f91fe0f682e0d8329.webp,true,2026-07-28,11,1,n8tag,31,n8tag:31,decoder_confirmed,[31],2026-07-28/bee-11,n8tag:31,,,in_domain,true
d29fc439cd7de4d5d386,d29fc439cd7de4d5d386.webp,true,2026-07-28,12,1,n8tag,22,n8tag:22,decoder_no_confirmation,[],2026-07-28/bee-12,n8tag:22,,,in_domain,true
1a75dffc6e63fdd48489,1a75dffc6e63fdd48489.webp,true,2026-07-28,13,1,aruco,958,aruco:958,decoder_conflict,[3619],2026-07-28/bee-13,aruco:958,confirmed,,in_domain,true
ce3dc74e04629569d14f,ce3dc74e04629569d14f.webp,true,2026-07-28,14,1,aruco,954,aruco:954,decoder_conflict,[3619],2026-07-28/bee-14,aruco:954,confirmed,,in_domain,true
e0f4be45db6b579eb610,e0f4be45db6b579eb610.webp,true,2026-07-28,15,1,aruco,983,aruco:983,decoder_no_confirmation,[],2026-07-28/bee-15,n8tag:983,,,in_domain,true
e3dea8721c0a0279a894,e3dea8721c0a0279a894.webp,true,2026-07-28,16,1,aruco,957,aruco:957,decoder_conflict,"[2762, 3294]",2026-07-28/bee-16,aruco:957,confirmed,,in_domain,true
12d83ae63973c7b40182,12d83ae63973c7b40182.webp,true,2026-07-28,17,1,n8tag,25,n8tag:25,decoder_confirmed,[25],2026-07-28/bee-17,n8tag:25,,,in_domain,true
1ec83a0dfa4ac5e262e6,1ec83a0dfa4ac5e262e6.webp,true,2026-07-28,18,1,n8tag,17,n8tag:17,decoder_no_confirmation,[],2026-07-28/bee-18,n8tag:17,,,in_domain,true
8ea91d6e6e62aa013784,8ea91d6e6e62aa013784.webp,true,2026-07-28,18,2,n8tag,17,n8tag:17,decoder_no_confirmation,[],2026-07-28/bee-18,n8tag:17,,,in_domain,true
fabc0f1b9ec50fec0516,fabc0f1b9ec50fec0516.webp,true,2026-07-28,19,1,n8tag,26,n8tag:26,decoder_confirmed,[26],2026-07-28/bee-19,n8tag:26,,,in_domain,true
24f220b5cdfe5c9108dd,24f220b5cdfe5c9108dd.webp,true,2026-07-28,20,1,n8tag,28,n8tag:28,decoder_no_confirmation,[],2026-07-28/bee-20,n8tag:28,,,in_domain,true
27d2f76b0e262ee5901e,27d2f76b0e262ee5901e.webp,true,2026-07-28,21,1,n8tag,9,n8tag:9,decoder_no_confirmation,[],2026-07-28/bee-21,n8tag:9,,,in_domain,true
7d8bcf2b7c1237d5bc28,7d8bcf2b7c1237d5bc28.webp,true,2026-07-28,22,1,n8tag,3,n8tag:3,decoder_confirmed,[3],2026-07-28/bee-22,n8tag:3,,,in_domain,true
9d14a33dc85a03623a64,9d14a33dc85a03623a64.webp,true,2026-07-28,23,1,n8tag,16,n8tag:16,decoder_no_confirmation,[],2026-07-28/bee-23,n8tag:16,confirmed,,in_domain,true
c493bc491bc5c2d83e11,c493bc491bc5c2d83e11.webp,true,2026-07-28,23,1,n8tag,,,decoder_found_id,[0],2026-07-28/bee-23,n8tag:16,confirmed,,in_domain,true
